0,1,1.5218
0,2,1.191127
0,3,1.672009
0,4,1.789239
0,5,1.397488
0,6,1.213184
0,7,2.004848
0,8,1.559397
0,9,1.40928
0,10,1.300681
0,11,0.800181
0,12,1.283149
0,13,1.080742
0,14,0.640835
0,15,1.124355
0,16,1.062261
0,17,1.535354
0,18,1.369139
0,19,1.686381
0,20,1.200687
0,21,1.962121
0,22,1.024572
0,23,1.052807
0,24,1.064444
0,25,3.332373
0,26,1.568056
0,27,1.720278
0,28,0.144444
0,29,1.535839
0,30,0.101515
1,17,1.700281
1,31,1.653636
1,12,1.584936
1,15,1.170134
1,9,1.462871
1,23,1.255809
1,32,2.22381
1,33,1.508446
1,21,2.509744
1,34,1
1,2,1.287519
1,8,1.785185
1,19,1.798413
1,35,1
1,6,1.473833
1,5,1.608333
1,7,2.427753
1,36,1
1,10,1.584783
1,3,1.776655
1,37,1.398485
1,18,1.332985
2,38,1.136508
2,20,0.924167
2,39,0.882425
2,12,1.216457
2,6,1.219981
2,7,1.881547
2,33,1.085764
2,27,1.385669
2,22,0.855588
2,40,0.748352
2,41,0.911294
2,42,1.463458
2,8,1.557382
2,10,1.228257
2,3,1.272014
2,17,1.462241
2,18,1.149479
2,43,0.877556
2,15,1.055659
2,44,0.880568
2,45,0.829749
2,5,1.235564
2,19,1.18344
2,26,1.455221
2,21,1.797151
2,46,1.621429
2,47,1.857623
2,48,1.086325
2,49,1.127447
2,11,0.655702
2,50,0.851128
2,51,0.778162
2,52,0.539474
2,53,0.804199
2,54,1.159318
2,55,0.820398
3,56,1.520119
3,57,1.417518
3,58,1.744071
3,59,0.5
3,45,1.319662
3,60,1.979167
3,61,1.301005
3,62,1.979167
3,63,1.802764
3,64,1.744239
3,65,1.982143
3,66,1.93799
3,10,1.622624
3,67,1.598039
3,68,1.44724
3,69,0.124506
3,70,1.610784
3,21,2.069444
3,71,1.542331
4,5,1.927518
4,72,0.166667
4,73,0.171429
4,12,1.082927
4,74,0.183333
4,75,0.572141
4,76,0.2875
4,77,0.183333
4,78,0.208333
5,6,1.580657
5,27,1.633333
5,12,1.394864
5,33,1.577778
5,79,0.271739
5,80,0.128968
5,15,1.404242
5,17,1.867929
5,81,0.138716
5,26,1.407791
5,82,0.222222
5,7,2.079167
5,83,0.139683
5,84,0.280952
5,85,0.792258
5,86,0.230159
5,21,1.951923
6,87,0.390663
6,88,0.881732
6,21,2.036243
6,18,1.734186
6,89,0.094406
6,15,1.251971
6,90,0.147436
6,91,0.366316
6,92,0.450923
6,93,0.225626
6,27,1.893215
6,12,1.252684
6,94,0.315385
6,95,0.464583
6,96,0.576923
6,97,0.253846
6,98,0.653333
6,99,1.135714
6,9,1.574886
6,75,0.4892
6,14,0.724508
6,8,1.615998
7,100,0.192308
7,21,2.761663
7,101,0.416667
7,27,2.583878
8,21,2.343519
8,102,2.195238
8,12,1.528711
8,103,1.812135
8,40,0.968362
8,23,1.494857
8,20,0.954695
8,104,1.027941
8,15,1.310611
8,105,0.637731
8,106,0.95625
8,9,1.549675
8,29,1.787005
9,107,2.095207
9,108,2.57869
9,33,1.336884
9,109,1.932644
9,110,1
9,111,1.073994
9,15,0.772475
9,112,0.782875
9,23,0.844344
9,69,1.052116
9,113,1.047222
9,114,0.950147
9,115,0.538372
9,29,1.332435
9,116,0.891575
9,117,0.15625
9,118,1.923584
9,119,0.819725
9,120,1.020323
9,121,0.120536
9,122,1.997154
9,123,1.191414
9,124,0.161932
9,125,0.375
9,126,0.736752
9,127,0.545801
9,128,1.101585
9,129,0.150568
10,130,0.814241
10,72,1.393387
10,44,0.900735
10,131,0.15
10,132,0.831177
10,133,0.725685
10,134,1.359044
10,21,1.879121
10,135,0.139286
10,19,1.702917
10,18,1.317775
10,17,1.716649
10,136,0.513557
10,137,1.306636
10,26,1.710556
10,24,1.876706
11,138,3.636513
11,139,1.40129
11,140,2.488366
11,141,1.658614
11,83,1.862304
11,142,1.645971
11,143,0.1875
11,144,2.19898
11,145,1.504149
11,146,1.701743
11,147,2.185096
11,148,2.406085
11,149,1.757738
11,150,0.583333
11,151,1.469211
11,152,0.76529
12,153,0.386667
12,154,0.108889
12,155,0.22
12,23,1.358483
12,156,0.150769
12,27,1.956034
12,21,1.977002
12,157,0.13
12,15,1.163695
12,17,1.936194
12,158,0.36
12,13,1.602229
12,68,0.088
12,44,0.77096
12,105,0.511237
12,75,0.415775
12,152,0.122857
12,159,0.28
13,14,0.594931
13,160,0.712013
13,161,1.086212
13,162,0.707937
13,163,1.336939
13,122,1.797744
13,32,1.874442
13,23,0.745631
13,164,1.255337
13,165,1.306415
13,33,1.198618
13,166,1.389063
13,123,1.012923
13,167,1.12037
13,109,1.631095
13,168,0.967247
13,169,1.167857
13,170,0.398148
13,171,1.601533
13,172,2.141313
13,173,1.904223
13,79,0.37402
13,135,0.10119
13,111,0.83458
13,174,1
13,175,0.861338
13,106,0.474846
13,176,1.31203
13,177,1.115819
13,178,1.372962
13,15,0.766296
13,179,0.541667
13,180,0.924131
13,181,0.643753
14,75,0.824122
14,182,0.92147
14,183,1.07967
14,184,1.104274
14,185,0.697917
14,186,2.345831
14,123,1.26204
14,32,2.187843
14,187,0.1417
14,188,1.301732
14,189,2.404167
14,167,0.891414
14,33,1.6213
14,190,1.378042
14,92,0.968527
14,22,0.380048
15,191,0.648856
15,107,2.242045
15,23,0.920922
15,192,1.317576
15,122,2.211931
15,193,1.344686
15,194,0.159664
15,33,1.012356
15,195,0.866958
15,196,1.320893
15,197,1.234168
15,198,1.198827
15,29,0.781515
15,126,0.842401
15,199,0.888133
15,76,1.664339
15,104,0.753997
15,200,1.162621
15,201,1.571931
15,202,1.656054
15,203,0.91487
15,204,1.130724
15,205,0.896418
15,206,1.501249
15,207,1.526352
15,208,1.666667
15,209,1.341606
15,32,1.826273
15,210,1.417436
15,211,1.067428
15,212,1.146841
15,213,1.355844
15,214,1.171359
15,215,1.274693
15,55,0.922086
15,216,1.190189
15,217,1.081583
15,218,1.015277
15,219,2.27616
15,128,1.474684
15,220,1.402903
15,221,1.567814
16,114,1.201471
16,23,0.930602
16,33,1.401111
16,222,0.333333
16,223,1.333333
16,224,1.777778
17,24,1.226805
17,38,1.524292
17,25,3.636513
17,225,0.527778
17,22,1.197417
17,37,1.206964
17,226,1.760022
17,20,1.550824
17,26,1.574656
17,18,1.639646
17,21,2.1075
17,227,0.208333
18,228,0.392857
18,229,1.206633
18,37,0.800467
18,230,0.637247
18,19,1.264452
18,26,1.124829
18,69,0.957913
18,136,0.936964
18,231,2.478927
18,185,0.679661
18,119,0.592815
18,81,0.738067
18,232,0.688041
18,233,0.770153
18,234,0.739953
18,235,0.517857
18,236,0.425824
18,237,0.792273
18,238,1.232271
18,239,1.011429
18,40,0.595304
18,85,1.066875
19,232,0.643411
19,227,1.88258
19,80,1.293044
19,49,1.170468
19,240,1.232674
19,40,0.968362
19,241,0.294118
19,105,0.544193
19,242,0.886663
19,42,1.246795
19,243,0.198529
19,21,2.319431
20,244,1.484459
20,245,1.262177
20,39,0.77381
20,24,1.343037
20,45,0.964217
20,40,0.6509
20,53,1.03871
20,246,2.356061
20,247,0.349177
20,46,1.317726
20,248,0.534884
20,249,1.2459
20,250,0.797542
20,222,0.189922
20,251,0.520491
20,252,1
20,22,0.719417
20,49,1.099743
20,253,0.315163
20,104,0.533511
20,254,0.485854
20,209,1.187042
20,213,1.674703
20,205,1.059167
20,54,1.230251
20,156,0.549232
20,255,0.434738
20,106,0.526253
20,90,0.570467
20,238,0.085271
20,256,0.135659
20,257,0.872467
20,258,0.674571
20,58,0.678957
20,259,0.603887
20,38,0.991834
20,102,1.640217
20,103,0.908059
20,260,1
21,26,1.774074
21,37,1.670728
21,31,2.023109
22,261,0.338235
22,262,0.67326
22,239,0.803771
22,263,0.19281
22,37,0.36054
22,264,0.867054
22,265,0.27451
22,226,0.840583
22,53,0.746428
22,181,0.21123
22,133,0.484303
22,134,0.443288
22,24,0.966382
22,42,1.301708
22,245,1.8625
22,44,0.940429
22,266,0.088751
22,267,0.355253
22,38,0.919237
22,142,0.246944
22,268,0.33876
22,269,0.324485
22,270,1.585312
22,271,1.138868
22,45,0.965556
22,43,0.82601
22,41,0.746549
22,272,0.239216
22,79,0.328537
22,195,0.29713
22,254,0.360846
22,273,0.520289
22,274,0.568481
22,275,0.464856
22,49,1.169322
22,276,0.69898
22,277,0.121212
22,278,0.543333
22,96,0.539216
22,279,0.147059
22,202,0.402527
22,229,1.506236
22,280,0.509804
22,281,1.540387
22,282,0.385621
22,283,0.257059
23,107,2.72472
23,284,0.14881
23,108,2.43789
23,285,0.893478
23,181,0.65341
23,33,1.048509
23,175,1.11886
23,286,0.387012
23,287,1.083703
23,262,0.292909
23,288,0.3625
23,114,0.615812
23,289,0.132035
23,166,1.9375
23,69,1.171299
23,290,0.135531
23,118,2.041132
23,291,2.242768
23,123,0.982315
23,57,0.284402
23,29,1.271128
23,167,1.140264
23,32,1.827327
23,115,0.441613
23,292,0.144689
23,293,1
23,173,1.84596
23,294,1.136043
23,109,1.562059
23,119,0.691528
23,120,0.731188
23,295,0.755978
23,296,0.692402
23,111,0.928464
24,25,3.373016
24,226,1.685178
24,38,1.200337
24,286,0.104545
24,264,1.873219
24,297,0.214286
24,298,0.09697
24,299,0.163636
24,300,0.208333
24,61,0.125
24,301,0.383333
24,125,0.383333
24,59,0.416667
24,302,0.096154
24,237,0.138235
26,94,1.04
26,237,1.030152
26,303,0.365079
26,234,0.812799
26,69,0.948256
26,185,0.837104
26,231,2.645455
26,229,1.210181
26,37,1.060924
26,304,0.500119
26,85,0.881226
26,274,0.732258
26,305,0.18315
26,306,0.678233
27,33,1.231481
27,232,0.140741
27,181,0.706818
27,307,0.611205
27,308,0.388889
27,279,0.233333
28,309,2.190476
28,310,1.369841
28,311,1.740977
28,312,0.581767
28,313,0.677763
28,146,0.603233
28,314,0.933824
28,315,0.157088
29,316,1.395576
29,317,1
29,318,0.538462
29,319,1.803931
29,320,1.035666
29,321,1.407868
29,322,1.322793
29,323,1.828463
29,48,0.905156
29,324,1.805289
29,325,1.702083
29,177,0.25
29,33,1.828675
29,195,0.907438
29,326,0.82197
29,327,1.944444
29,217,1.763768
29,199,0.783886
29,210,1.093333
29,193,1.115404
29,200,1.176989
30,328,1.128268
30,44,1.068258
30,329,0.140152
30,258,1.808882
30,250,1.421421
30,103,0.944487
30,330,1.077166
30,201,1.75522
30,156,1.239364
30,331,0.412277
30,332,0.761219
30,333,0.145455
30,53,1.22881
30,334,1.169666
30,335,1.7075
30,244,0.802679
30,336,0.917749
30,337,0.208333
30,338,0.45
30,339,0.489054
30,240,0.34483
31,340,0.353535
32,33,2.055844
32,119,1.124854
32,168,1.541667
33,307,0.421053
33,107,2.381818
33,341,0.552632
33,342,0.252632
33,181,1.049576
33,54,0.823954
33,69,1.288596
37,343,0.125
37,344,2.080128
37,50,0.333247
37,269,0.439481
37,236,0.45961
37,230,0.987225
37,232,0.510706
37,345,1.445297
37,346,0.116923
37,274,0.609848
37,347,0.217143
37,240,0.129655
37,253,0.87401
37,348,0.175
37,349,0.462814
37,350,0.415966
37,351,0.12
37,329,0.19
37,352,0.454969
38,353,0.958498
38,45,1.053571
38,226,1.098166
38,51,1.268571
38,104,0.589289
38,249,1.769048
38,312,0.1125
38,41,0.863102
38,244,1.720451
38,239,1.668306
38,245,1.658794
38,42,1.725286
38,354,0.703464
38,355,1.201057
38,356,0.689947
38,313,1.715259
38,331,0.732432
38,357,1.692089
38,106,0.877577
38,40,0.911727
38,44,1.171995
38,264,1.917798
38,49,1.249495
39,358,0.251852
39,53,0.902694
39,54,1.401058
39,335,0.185185
39,267,0.827135
39,353,0.686879
39,292,1.872632
39,359,1.860393
39,45,0.791868
39,360,1.128726
39,55,0.94479
39,361,0.462271
39,362,0.924917
39,363,0.988565
39,48,0.845238
39,46,2.1105
39,41,0.526003
39,364,1.915966
39,354,0.440769
39,104,0.753746
39,156,0.761722
39,57,0.674401
39,202,0.815599
39,365,0.361111
39,366,0.490709
40,353,0.642565
40,352,0.442803
40,86,0.827629
40,367,0.615825
40,244,1.504134
40,261,1.26262
40,259,0.575112
40,357,0.661414
40,133,0.403873
40,269,0.442014
40,53,0.634186
40,368,0.618407
40,249,1.57619
40,369,0.190476
40,370,0.699454
40,209,0.553217
40,193,0.5406
40,49,0.893745
40,371,0.840514
40,134,0.341857
40,245,1.363484
40,331,0.299586
40,102,1.550446
40,50,0.742602
40,372,1.918066
40,61,0.807892
40,47,1.156241
40,45,0.774192
40,373,1
40,105,0.32794
40,93,0.439614
40,374,0.253061
40,237,0.455489
40,375,0.359119
40,376,0.605566
40,333,0.834204
40,246,2.311667
40,377,0.346672
40,378,0.228571
40,354,0.435509
40,46,2.024271
40,190,0.733527
40,234,0.464847
41,302,1.22409
41,379,2.049605
41,380,1.200171
41,104,0.485366
41,381,1.484016
41,371,0.748198
41,270,0.745248
41,382,1.412314
41,383,1.220491
41,384,1.647964
41,385,1.645118
41,386,1.577907
41,355,0.597921
41,387,0.539
41,388,0.639326
41,49,0.875455
41,389,1.150944
41,390,0.330674
41,313,0.787202
41,391,1.37914
41,103,0.909589
41,244,1.377476
41,332,0.567877
41,392,1.246256
41,331,0.668781
41,43,0.925951
41,393,0.578431
41,377,0.392986
41,394,0.137255
41,395,0.761093
41,396,0.215686
41,336,0.60787
41,354,0.567788
41,397,0.560099
41,353,0.593647
41,44,0.821418
41,133,0.293776
41,334,1.015925
41,156,0.849764
41,398,0.821114
41,399,0.84522
41,337,0.871759
41,400,0.073975
41,83,0.763589
41,401,0.505813
41,402,0.196078
41,403,0.66101
42,268,1.122004
42,45,1.577009
42,404,1.210317
42,281,2.144623
42,229,2.163826
42,239,1.391862
43,340,0.485074
43,405,2.56875
43,406,1.121154
43,407,1.07873
43,331,0.839112
43,408,1.038655
43,409,1.062115
43,385,2.158254
43,410,1.628213
43,411,0.927679
43,134,0.546437
43,51,0.490255
43,382,2.091587
43,412,0.72449
43,413,0.216667
44,414,0.111559
44,398,0.645804
44,72,0.534314
44,332,0.76446
44,415,0.499074
44,354,0.716254
44,416,0.173387
44,417,0.141439
44,250,1.408009
44,418,0.184332
44,226,1.698385
44,419,1.032066
44,420,0.298387
44,49,1.019386
44,421,0.631078
44,53,0.74974
44,190,0.804672
44,422,0.22043
44,361,0.41285
44,423,1
44,348,0.692982
44,424,0.143695
44,132,1.407144
44,258,1.01746
45,58,1.373626
45,398,0.490196
45,71,1.104322
45,61,1.217308
45,57,1.047416
45,425,2.567626
45,353,0.631944
45,63,1.681912
45,56,1.267654
45,372,1.473412
45,70,1.182392
45,413,0.163889
45,68,1.123187
45,80,1.582611
45,65,1.719872
45,426,0.594118
45,281,1.256355
45,427,0.37963
45,428,0.338146
45,67,1.260435
45,350,0.872965
45,240,1.560613
45,429,1.683399
45,245,1.368353
45,430,0.131944
45,51,0.637664
45,431,0.641739
45,47,1.828192
46,432,0.775
46,336,0.722222
46,103,1.234343
47,295,0.285714
47,331,0.826536
47,433,0.740077
47,366,0.236453
48,53,0.785014
48,75,0.589807
48,184,1.411931
48,268,0.405471
48,343,0.539549
48,240,0.279358
48,91,0.611111
48,302,1.129092
48,327,1.437838
48,205,1.103401
48,434,1.838536
48,54,1.334686
48,292,1.480552
48,435,1.190476
48,104,0.822972
48,115,0.949713
48,389,1.15701
48,436,1.771517
48,127,0.971061
48,360,1.224249
48,78,1.361111
48,200,1.056616
48,273,1.237323
48,316,1.320753
48,320,0.934444
48,326,0.804144
48,437,0.666316
48,438,1.286659
48,212,1.286524
48,201,1.602421
48,439,0.26875
48,324,1.800597
48,321,0.798477
48,440,0.363248
48,55,0.987037
48,441,3.29878
48,362,0.82475
49,258,1.061577
49,367,1.764775
49,51,0.905247
49,227,1.300493
49,80,1.193818
49,240,1.14881
49,353,1.033824
49,442,0.342143
49,443,0.459683
49,190,0.726403
49,244,1.840377
49,323,0.205128
49,366,1.437427
49,337,1.776389
49,270,1.08869
49,313,1.144531
49,403,1.366778
49,332,0.827174
50,444,0.481183
50,445,0.742719
50,104,0.396253
50,55,0.597727
50,446,0.123377
50,353,0.584839
50,352,0.5425
50,53,1.215508
50,447,1.732143
50,448,0.522727
50,367,1.74294
50,277,0.157025
50,365,0.375
50,449,0.363636
50,337,0.779221
50,256,0.683983
50,450,0.363636
50,339,0.704887
50,268,0.130909
51,451,0.808754
51,452,0.257895
51,227,1.411711
51,240,0.707951
51,80,0.754621
51,350,0.444255
51,268,0.401144
51,181,0.379476
51,127,0.290919
51,453,0.344436
51,332,0.524588
51,132,0.135338
51,364,0.731199
51,339,0.627778
51,253,0.28564
51,454,0.798766
51,455,1.764683
51,145,0.238277
51,456,0.436018
51,361,0.399573
51,366,0.58957
51,457,0.106725
51,156,1.564806
51,334,1.576396
51,247,0.114035
51,134,0.298335
51,315,0.409884
51,458,0.136364
51,401,0.184211
51,286,0.444205
51,459,0.378086
51,412,0.442665
51,460,0.368421
52,71,0.540541
53,186,1.714963
53,123,1.641442
53,86,1.097222
53,182,0.737415
53,353,0.744152
53,188,1.232441
53,267,0.854899
53,453,0.933868
53,345,0.159091
53,75,0.624921
53,328,1.162861
53,330,1.249643
53,184,0.749451
53,461,0.775414
53,377,0.431127
53,462,1
53,332,0.771723
53,463,1.616267
53,315,0.656878
53,464,0.320312
53,190,1.195639
53,465,0.811723
53,466,0.543704
54,467,0.85524
54,359,2.713675
54,104,1.072235
54,258,1.901055
54,316,1.263889
54,468,0.422222
54,323,1.088121
54,200,2.077943
54,55,1.355605
54,127,1.437728
55,469,0.136134
55,334,1.593978
55,250,1.53862
55,391,0.108929
55,331,0.074725
55,470,0.153571
55,359,1.893581
55,363,1.216396
55,326,1.20663
55,471,1.492529
55,288,1.381222
55,206,1.411172
55,201,1.257937
55,195,0.939531
55,472,3.40404
55,211,1.275014
55,212,1.021701
55,389,1.35606
55,292,1.181445
55,200,1.229568
55,127,1.084066
55,193,1.211463
55,436,1.938586
55,104,0.882853
55,132,0.529883
55,473,2.6875
55,209,1.692576
55,76,1.816457
55,213,1.402058
56,61,1.282989
56,57,1.220729
56,474,1.729555
56,64,1.157473
56,475,1.016953
56,476,1.501667
56,477,0.607143
56,478,0.815385
56,479,0.643333
56,58,1.583233
56,281,1.513012
56,68,1.438653
56,425,2.621088
56,71,1.193009
56,480,0.586111
56,63,1.72959
56,65,1.783254
56,372,2.01348
56,481,0.25
56,482,0.762599
56,483,1.624542
56,484,1.624344
56,419,0.095982
56,485,1.279444
56,230,0.119048
56,486,0.722857
57,71,1.034458
57,58,1.514907
57,63,1.705397
57,65,1.734064
57,68,1.370584
57,487,1
57,61,1.232015
57,425,2.504029
57,281,1.424408
57,372,1.938771
57,191,0.519886
57,285,0.856473
57,350,1.606341
57,392,0.234741
57,488,0.652419
57,66,0.81594
57,489,2.186175
57,490,1.506442
57,254,0.615588
57,438,0.48366
57,491,0.383838
57,492,1
57,205,0.385502
57,493,1
57,123,0.590721
57,106,0.508333
57,494,0.580372
57,111,0.552594
58,63,2.0671
58,65,1.984783
58,70,2.024339
58,68,1.642731
58,281,1.827922
58,61,1.649387
58,425,2.89881
58,71,1.458955
58,429,1.302116
58,495,0.552632
58,496,0.752778
58,497,0.663889
58,255,0.47383
58,498,0.758333
59,484,0.511111
60,469,1.297273
60,63,1.788265
60,243,1.952381
60,499,1.963333
60,67,1.512641
60,131,1.798106
60,500,1.662415
60,484,2.18311
60,501,1
61,502,0.823232
61,62,1.056818
61,63,1.922011
61,503,0.564233
61,372,1.674624
61,340,0.467211
61,504,0.996324
61,370,1.174387
61,139,0.752778
61,184,1.304054
61,144,1.308425
61,266,0.926361
61,149,1.128591
61,202,1.625
61,71,1.192577
61,70,1.512535
61,65,1.937148
61,475,0.965074
61,66,1.823465
62,426,1.487273
62,505,1.229167
62,506,1.985119
62,507,1.711806
62,149,0.806413
62,70,1.594786
62,508,1.55
62,475,1.577831
63,484,1.913333
63,64,1.769511
63,67,2.029762
63,89,1.7125
63,505,1.574728
63,281,1.982684
63,509,3.011244
63,68,1.568191
63,71,1.602282
63,482,1.955797
64,482,1.159537
64,67,1.565282
64,484,1.693214
64,281,1.683809
64,509,2.761111
64,429,1.976923
64,89,1.595915
64,476,1.890046
64,474,1.802679
64,510,1.177807
64,511,0.118519
64,512,0.166667
64,475,2.100361
64,480,0.926208
64,513,0.527778
65,315,0.400632
65,514,0.883401
65,367,0.562743
65,68,1.919742
65,70,2.21558
65,281,2.234674
65,425,3.01233
65,71,1.725397
66,429,1.985303
66,515,1
66,484,1.884972
66,285,1.175709
66,281,1.299137
66,237,0.138655
66,489,2.458333
66,490,1.064935
66,516,0.691026
66,517,0.142857
66,518,1
67,469,1.619278
67,499,1.036969
67,484,1.922619
67,509,3.066667
67,429,1.802309
67,89,1.57078
67,281,1.892063
67,519,0.275
67,510,1.333333
67,68,1.325588
67,372,1.536296
68,443,0.166667
68,505,1.162879
68,520,0.477523
68,521,0.316667
68,522,0.90975
68,523,0.366667
68,524,2.170189
68,425,2.662849
68,71,1.18295
68,525,1
68,526,0.636973
68,431,0.622711
68,508,0.589768
68,89,1.001445
68,527,0.8841
68,361,0.752289
68,465,1.391693
68,348,1.626984
68,218,0.066667
68,528,0.97132
68,499,0.697811
69,529,0.521739
69,232,0.756873
69,107,2.348611
69,238,0.859282
69,443,0.844381
69,329,0.426106
69,81,0.894767
69,530,0.543478
69,116,0.764938
69,279,0.536301
69,168,0.347826
69,354,0.401208
69,181,0.766316
69,491,0.42029
69,531,0.508813
69,494,0.733986
69,169,0.382609
70,507,1.199327
70,232,0.117949
70,426,1.242063
70,428,0.713587
70,133,0.13215
70,532,0.276923
70,510,1.03799
71,533,0.378378
71,425,2.522344
71,534,0.378378
71,535,0.513514
71,536,2.165205
71,368,0.701832
71,506,0.490236
71,284,0.74175
71,537,0.477083
71,499,0.573916
71,538,1.178419
71,510,0.32973
71,539,0.655923
71,281,1.433636
71,338,0.088964
71,454,0.153153
71,352,0.366793
71,395,0.336993
71,540,0.202703
71,372,1.911205
71,541,0.647009
71,267,0.358454
71,350,1.549343
71,139,0.441486
71,422,0.202703
71,509,2.458416
71,355,0.074529
72,419,0.692481
72,375,0.432908
72,542,0.54439
72,132,1.439992
72,543,0.547619
72,466,0.548684
72,269,0.557778
72,446,0.567873
72,527,0.197279
72,259,0.166667
72,544,0.142857
72,545,0.230159
72,88,0.178571
72,377,0.325411
72,412,0.464551
72,421,0.832846
72,546,0.380952
72,547,0.396825
73,232,0.292657
73,133,0.294581
73,253,0.49607
73,548,0.409761
73,465,0.546904
73,503,0.428606
73,549,1
73,286,0.106061
73,550,0.908462
73,551,0.470833
73,193,1.735589
73,205,0.60787
73,195,1.07814
73,127,0.775993
73,504,0.157143
73,552,0.22449
73,185,0.471719
73,100,0.807885
73,553,0.334619
73,554,0.124542
74,555,1.581818
74,556,2.325
74,353,0.158333
74,557,0.545455
74,151,0.86655
74,558,1.5625
74,467,0.3316
74,559,0.388889
74,266,1.090939
74,147,1.208768
74,560,0.261905
75,182,0.668182
75,186,1.348153
75,184,0.777569
75,552,0.603741
75,83,1.714889
75,561,0.53827
75,188,1.354212
75,395,0.460585
75,266,1.357618
75,146,0.900754
75,116,1.211616
75,104,0.356684
75,315,0.385843
75,268,0.353209
75,562,0.179402
75,563,0.069767
75,564,0.132558
75,565,2.220833
75,189,1.942342
75,566,2.034402
75,567,0.30108
75,466,0.511107
75,149,1.172765
75,465,1.07228
75,461,0.677976
75,232,0.068217
75,185,0.413462
75,568,1.455564
75,123,0.913322
75,340,0.522399
75,569,0.523256
75,79,0.397737
75,118,1.87928
75,570,0.546033
75,571,0.162791
75,572,0.829695
75,351,0.673559
76,419,0.586335
76,146,0.172619
76,573,1.119048
76,322,0.2625
76,195,1.730328
77,332,0.121795
77,182,0.428156
77,112,1.676587
77,180,1.722222
77,175,1.524961
77,161,1.747795
77,196,1.578246
77,160,1.09812
77,574,1
77,119,1.225
77,120,0.263889
78,575,1.207792
78,127,1.793939
78,132,0.22619
78,135,0.403636
78,321,0.912269
78,200,1.449653
78,335,0.890909
78,104,1.116398
78,399,1.150909
78,576,0.625
79,183,0.522365
79,577,0.426129
79,268,0.420063
79,578,0.807816
79,579,0.538462
79,580,0.632258
79,581,0.358974
79,115,0.805092
79,84,0.497645
79,400,0.680978
79,399,1.101549
79,576,0.557692
79,104,0.555293
79,175,0.69824
79,582,1
79,126,1.700321
79,273,1.080923
79,583,0.693423
79,193,0.895652
79,360,1.436284
79,119,0.419048
79,160,0.733847
80,227,1.645833
80,133,1.055291
80,584,1.039683
80,451,0.96994
80,240,0.857078
80,585,1.778802
80,154,1.295971
80,586,0.302083
80,332,1.447936
80,453,0.506924
80,459,0.425579
80,553,0.369565
80,587,1.515433
80,307,0.522112
80,259,0.183333
80,93,0.656437
80,242,1.137643
80,404,0.325
80,203,0.08547
81,233,0.752381
81,305,0.664935
81,232,0.507421
81,179,0.565217
81,268,0.429607
81,236,0.468272
81,93,0.556349
81,404,0.321739
81,181,0.498513
81,380,0.085066
81,274,0.177866
81,175,0.615826
81,112,0.774784
81,300,0.202899
81,519,0.321739
81,588,0.362319
81,459,0.094453
81,276,0.822362
81,200,0.376902
81,587,0.324803
82,589,1.946429
82,387,0.366667
82,238,1.421296
82,142,1.981902
82,242,1.13125
83,353,1.36417
83,140,2.371511
83,142,1.574038
83,331,1.223217
83,145,1.703363
83,590,1.230048
83,149,1.833333
83,139,1.596908
83,572,1.699206
83,152,0.974715
83,151,1.815344
84,397,0.170455
84,591,1.438238
84,592,0.238636
84,211,1.454582
84,127,0.125
84,218,1.467544
84,593,1.690909
84,197,1.578478
84,594,2.079064
84,214,1.545102
84,192,1.536786
84,290,1.024242
84,327,2.088095
84,221,1.892857
84,204,1.404235
84,400,1.419043
84,129,1.584649
84,326,1.196296
84,517,1.95465
84,595,0.266234
85,428,0.639939
85,596,3.388889
85,597,1.053947
85,377,0.670462
85,232,0.677636
85,94,1.457672
85,453,0.70447
85,93,1.077877
86,182,0.888403
86,133,0.812201
86,566,1.930909
87,91,0.459684
87,598,2.0125
87,203,1.534722
87,218,1.078571
87,599,2.280093
87,517,1.921429
87,600,2.691964
87,192,1.640659
87,593,1.736382
87,197,1.261284
87,258,0.451595
88,453,1.368915
88,463,2.211111
88,92,1.461413
88,601,1.740136
88,602,1.782137
88,603,1.734066
89,426,0.737387
89,484,1.441678
89,281,1.326099
89,509,2.6625
89,429,1.890196
89,604,1.446429
89,605,0.272727
89,606,0.53125
89,506,0.587698
89,607,0.227273
89,395,0.087121
89,425,1.636823
89,603,0.242424
89,608,0.295455
89,609,0.171717
89,284,1.007272
89,602,0.133117
90,610,0.90404
90,255,0.867235
90,232,0.340171
90,611,0.665499
90,268,1.550621
90,612,0.416667
90,368,0.181818
90,613,1.339434
90,614,1
90,443,0.795094
91,615,1
91,616,0.323077
91,617,1
91,200,0.802778
91,283,0.166667
91,618,1
91,156,0.189349
91,619,0.410256
91,573,0.323077
91,258,0.47451
92,620,2.329604
92,453,0.877593
92,601,1.67013
92,188,1.465871
92,602,1.437121
92,621,2.27381
92,622,2.49881
92,623,1.668478
92,624,1.474034
92,464,1.082492
92,625,0.710526
92,626,0.385965
92,190,1.622487
92,627,1
92,117,0.523148
92,628,0.516204
93,629,1.355878
93,98,0.677019
93,265,1.326923
93,630,2.170435
93,375,0.442877
93,631,0.572631
93,230,0.211806
93,350,0.333853
93,456,0.875604
93,136,0.518563
93,605,1.166149
93,632,0.652178
93,232,0.410929
93,567,0.476345
93,236,0.348065
93,130,0.437945
93,597,0.56746
93,596,3.193636
93,240,0.548734
94,453,0.961905
94,631,0.4
95,375,1.158333
95,611,1.968207
95,99,1.361111
95,633,1.7125
95,609,2.128571
95,456,1.44152
97,634,1
97,597,0.254545
97,635,1.048611
97,626,1.642857
98,134,0.255
98,601,1.47619
98,188,1
99,597,0.393939
100,264,0.211538
100,195,1.427412
100,270,0.505602
100,636,1
100,581,0.384615
100,403,0.630159
100,131,0.481061
100,467,0.141026
100,637,0.669048
100,127,1.506457
100,553,0.456602
101,338,0.361111
101,369,0.444444
102,638,0.583333
102,245,2.55
102,613,0.3125
103,153,1.388889
103,332,0.969754
103,134,0.125
103,500,0.139706
103,403,0.663369
103,127,1.811008
103,200,1.572658
103,217,0.936654
103,639,1.133333
103,326,0.195312
103,104,0.773264
104,332,0.586402
104,544,0.87282
104,334,0.961612
104,182,0.490616
104,330,1.476316
104,419,1.007151
104,577,0.211674
104,413,0.143662
104,235,0.507042
104,467,0.472973
104,377,0.493809
104,226,0.389033
104,273,1.076325
104,438,1.068645
104,399,1.06211
104,389,1.000903
104,209,1.085423
104,445,1.001891
104,640,2.504032
104,199,0.702124
104,213,1.005265
104,203,0.854103
104,195,0.898793
104,205,0.960989
104,127,0.866165
104,641,1.734655
104,642,1.860917
104,643,1
104,595,0.598701
104,644,3.14951
104,645,2.186818
104,197,0.940495
104,646,0.726457
104,283,0.404818
104,128,1.657288
104,202,0.646577
104,258,0.700494
104,115,0.843359
104,647,1.160693
104,212,0.847029
104,290,0.956094
104,204,0.961275
104,217,0.940177
104,648,0.322346
104,649,0.787023
104,650,1.077984
104,502,0.742169
104,250,1.140285
104,320,1.281496
104,201,1.112201
104,360,1.106477
104,200,0.940853
104,471,1.272006
104,216,0.984124
104,436,1.738602
104,215,1.048249
104,306,1.685061
105,537,0.500641
105,587,0.904262
105,424,1.218292
105,651,3.303879
105,652,0.548387
105,451,0.838304
105,653,1.433034
105,654,2.264583
105,655,1.977906
105,267,0.839461
105,414,0.82753
105,656,0.939898
105,457,0.330637
105,657,0.164875
105,133,0.382627
105,136,1.076683
105,357,1.048545
105,658,1.654629
105,338,0.107527
105,659,1.043246
105,660,0.52439
105,661,1.390911
105,662,1.09478
105,663,1.180303
105,390,0.560849
105,466,1.666842
105,664,0.516129
106,665,0.375
106,666,1
106,251,0.814907
106,181,0.561062
106,127,0.622396
106,199,0.151042
106,205,0.714583
106,262,1.067581
106,195,0.593104
106,667,0.223214
106,216,0.863492
107,119,2.454054
107,295,1.95
109,116,1.96355
109,531,0.977273
109,568,2.319444
109,118,2.494872
109,668,2.736607
109,181,1.259158
109,123,1.853139
111,332,0.354155
111,270,0.54687
111,178,1.807143
111,669,1
111,164,1.641005
111,279,0.662309
111,670,0.61894
111,162,0.996868
111,119,0.894042
111,167,1.706061
111,354,0.355521
111,113,1.14578
111,169,1.365419
111,180,1.140251
111,166,1.816667
112,133,0.112426
112,671,0.292308
112,175,1.292308
112,180,2.207143
112,123,0.938095
112,161,2.136957
112,167,1.996503
112,531,1.674911
112,119,1.044211
112,162,1.156566
113,668,2.325
113,568,1.861607
113,116,1.475
113,178,2.075
114,453,0.111663
114,672,0.538462
114,223,0.966667
114,667,0.296703
114,224,1.4
114,286,1.011294
114,254,1.725216
114,673,2.321429
114,366,0.888462
114,674,0.885714
115,469,0.606356
115,675,2.245726
115,676,0.483333
115,343,0.461081
115,677,0.464912
115,268,0.506217
115,467,1.564033
115,592,1.060832
115,126,1.016288
115,127,0.902659
115,273,1.237988
115,647,1.523737
115,445,1.311701
115,304,0.506032
115,389,1.38076
115,204,1.187802
115,678,1
115,438,1.560391
115,193,1.068772
115,214,1.114472
115,212,0.999103
115,434,1.56206
115,641,1.570964
115,205,1.139235
115,209,1.273395
115,213,1.725134
115,306,1.019984
115,200,1.772218
115,288,0.912616
115,679,0.895431
115,680,0.513158
115,203,1.175088
115,197,1.23971
116,134,0.1
116,184,0.955807
116,123,1.589177
116,568,1.839321
116,118,2.163636
116,166,0.919669
116,681,0.53125
116,132,0.147321
116,160,1.041038
116,531,0.661111
116,119,0.805195
117,682,2.35
117,516,0.629167
117,440,0.505952
117,628,0.737245
117,204,0.175627
117,683,0.611111
117,468,0.444444
118,123,1.980808
118,168,0.518519
118,668,2.868132
118,568,2.497143
119,232,0.387791
119,331,0.060897
119,684,1
119,568,1.066667
119,531,0.688233
119,165,1.371203
119,177,1.162511
119,167,1.185238
119,164,1.34802
119,181,0.667989
119,668,1.247222
119,173,1.946032
119,175,0.965582
119,168,0.981866
119,169,1.261649
119,160,0.887376
119,171,2.177668
119,162,0.7625
119,178,1.413889
119,180,1.393954
119,562,1.691667
119,296,0.90977
120,177,1.549733
120,162,0.4
120,168,0.569444
120,562,2.224537
120,165,1.833333
120,173,2.433333
120,164,1.721429
120,171,2.925
120,167,1.547019
121,428,0.533388
121,544,0.183036
121,685,0.52381
121,330,1.746324
121,328,1.085205
121,542,0.891287
121,251,0.258929
121,686,0.602489
121,687,0.297619
121,289,1.095513
121,354,0.448549
121,688,0.357143
121,286,0.155844
123,182,1.250213
123,175,1.114719
123,554,0.131222
123,689,1
123,568,2.007246
123,690,0.166667
124,691,0.272727
124,136,0.462519
124,428,0.170455
124,328,0.177866
124,366,1.000953
124,286,1.104386
124,181,0.564977
124,254,1.218162
124,692,1.3225
124,693,1.010145
125,683,0.833333
126,646,0.341667
126,273,1.346429
126,593,1.595182
126,694,1.656085
126,695,2.384109
126,207,1.55013
126,445,1.472322
126,218,1.131943
126,648,0.547143
126,647,1.698485
126,198,0.68435
127,302,0.801836
127,136,0.421981
127,428,0.361469
127,230,0.399361
127,242,0.370786
127,205,1.195291
127,320,0.842262
127,193,1.011565
127,324,1.53808
127,292,1.254765
127,323,1.076479
127,679,0.903571
127,216,0.753819
127,438,1.349702
127,181,0.319949
127,434,1.874903
127,273,1.649365
127,195,0.844192
127,304,0.711837
127,206,2.061008
127,288,1.036996
127,200,1.093143
127,696,0.952381
128,640,2.75
128,199,1.931481
128,642,2.876894
128,316,0.357143
129,467,0.148485
129,671,0.363636
129,697,2.074697
129,193,0.217391
129,326,1.891414
129,400,1.247199
129,204,1.517399
129,698,1.338889
129,436,0.295455
130,134,1.034707
130,610,0.687037
130,133,0.78613
130,296,0.134199
130,699,0.761134
130,700,0.22449
130,584,0.828889
130,329,0.672159
130,154,1.184664
130,535,0.52381
130,701,0.295238
130,459,0.101806
130,702,0.380952
130,233,0.244898
130,613,0.639864
130,480,0.85
130,136,0.459745
130,703,0.222222
130,676,1.627674
131,243,1.857952
131,312,0.141667
131,469,1.58893
131,546,0.416667
131,500,1.085481
131,637,0.777778
131,616,0.333333
131,330,0.147727
131,258,0.175926
132,474,0.184524
132,564,0.207143
132,133,0.454453
132,281,0.132653
132,233,0.255102
132,212,0.709596
132,445,0.142857
133,584,0.789348
133,134,0.524982
133,154,0.866318
133,226,0.834046
133,337,0.505681
133,480,0.803114
133,704,0.379829
133,705,1.394333
133,690,1.314868
133,585,1.139481
133,350,0.291431
133,662,1.137582
133,367,0.57473
133,376,0.997222
133,239,0.483642
133,447,1.682285
133,139,0.200492
133,417,0.537152
133,313,0.39263
133,706,0.159544
133,371,0.868081
133,606,0.132867
133,707,0.367521
133,444,0.887637
133,486,0.620408
133,708,0.582778
133,253,0.482435
134,195,0.261349
134,393,0.6
134,523,0.366667
134,605,0.265
134,709,0.175
134,386,0.130769
134,710,0.11
134,310,0.153125
134,339,0.537088
134,597,0.247807
134,585,1.74932
134,567,0.33004
134,430,0.621006
134,711,0.24
134,503,0.801336
134,396,0.983278
134,544,0.104688
134,466,0.1025
134,712,0.575
134,713,0.35
134,456,0.533235
134,147,0.1375
134,366,0.303243
134,479,0.115909
134,692,0.899145
134,183,0.1475
134,154,1.17887
134,714,0.509402
134,226,1.540796
134,331,0.395595
135,611,0.303751
135,564,0.192857
135,301,0.404762
135,715,0.571429
135,575,1.216346
135,716,1
135,717,0.690171
135,312,0.289412
135,532,0.690171
135,212,0.130435
135,681,0.535714
136,710,0.418803
136,661,1.583966
136,451,0.99897
136,237,1.483664
136,242,0.634139
136,268,0.355204
136,181,0.326491
136,584,0.599742
136,137,1.508824
136,553,0.105978
136,238,1.21311
136,375,0.362293
136,453,0.277419
136,587,0.79208
136,412,0.130208
136,320,0.644396
136,213,0.412109
136,361,0.125
136,229,0.983268
136,442,0.664596
136,519,0.31875
136,419,0.117188
136,232,0.60814
136,458,0.150568
136,331,0.455712
137,229,1.958333
137,239,1.570833
138,146,3.485646
138,145,3.490741
139,146,1.223518
139,147,1.389683
139,141,1.247083
139,149,1.415146
139,145,1.325639
139,298,1.132123
139,266,1.167606
139,353,1.039322
139,503,1.163959
139,142,1.142222
139,299,1.845622
139,348,0.176471
139,718,1.017596
139,151,1.273686
139,331,1.002486
139,328,0.500179
139,648,0.619697
139,395,0.963988
139,719,2.414931
139,572,1.215909
139,720,0.758974
139,504,1.43924
139,144,1.424401
139,148,1.590568
139,721,1
139,313,0.467525
139,311,0.429936
139,312,0.586651
139,332,0.343185
140,353,1.863063
140,722,3.181818
140,718,0.575
140,141,2.129167
140,145,2.177176
140,151,2.093939
141,142,1.239927
141,353,1.411786
141,151,1.424263
141,722,2.037842
141,648,0.887258
141,590,1.459016
141,403,0.607895
141,146,1.665986
141,147,2.044181
141,149,1.517607
141,145,1.475763
141,723,1.309893
141,442,0.553571
141,312,0.595142
141,503,1.168924
141,354,0.092857
141,331,1.241414
141,577,0.528655
142,722,1.42316
142,146,1.247958
142,238,0.845542
142,145,1.265451
142,724,1.16059
142,725,1.240153
142,632,0.63417
142,503,1.160062
142,331,1.086288
142,412,0.66588
142,726,0.517241
142,395,1.191792
142,590,1.01685
142,380,1.123976
142,727,1.092803
142,728,2.083333
142,729,1.190212
142,589,0.920655
142,410,1.048186
142,298,1.088551
142,409,1.005382
142,275,0.748564
142,730,0.670635
143,558,0.375
143,731,0.625
143,386,0.192308
143,732,0.625
143,733,0.416667
143,363,0.227273
143,555,0.375
144,370,1.835349
144,415,1.891429
144,330,0.879983
144,734,2.582043
144,145,1.681746
144,735,2.372159
144,266,1.841964
144,240,0.69821
144,572,1.685317
144,184,1.261491
144,236,0.114815
144,353,1.4863
144,149,1.616369
144,371,0.154762
144,151,1.527778
145,370,1.709524
145,572,1.396373
145,146,1.426205
145,353,1.071132
145,149,1.695417
145,331,1.478128
145,184,1.478333
145,736,2.191667
145,147,1.804576
145,504,1.890152
145,148,1.74281
145,361,0.363057
145,315,0.617983
145,238,1.635453
145,427,0.384615
145,228,0.384615
145,151,1.380952
146,151,1.509167
146,313,0.613003
146,182,1.623959
146,149,1.540509
146,737,0.52381
146,238,1.70374
146,572,1.596341
146,506,0.130952
146,738,2.395455
146,353,1.303535
146,719,2.560641
146,395,0.998316
147,205,0.127976
147,572,2.154957
147,363,0.227273
147,718,1.585227
147,377,0.128378
147,151,1.488961
148,266,2.194709
148,720,1.272222
148,736,2.538102
148,370,2.485606
148,572,1.920504
148,184,1.732579
148,504,2.530952
148,149,2.266905
148,151,1.745569
148,691,0.179487
149,151,1.547002
149,353,1.469738
149,572,1.506667
149,240,0.554899
149,539,0.25
149,182,1.658106
149,242,0.626667
149,403,0.81676
149,577,0.579261
150,240,0.551724
151,738,2.304945
151,266,1.327324
151,370,1.596465
151,734,2.381868
151,558,1.339559
151,299,1.431818
151,556,1.794444
151,242,0.575081
151,736,1.461111
151,572,1.355021
151,739,1
151,740,0.608173
151,184,1.09138
151,722,1.922893
151,741,0.808173
152,395,1.202867
152,742,2.011623
152,743,2.38125
152,411,1.800568
152,744,2.014583
152,745,2.511111
152,746,2.702652
152,355,1.353968
152,589,1.535931
152,747,1.969956
152,590,1.477604
153,217,1.267273
154,376,1.516825
154,236,0.585171
154,676,1.103704
154,361,0.163194
154,444,1.426496
154,345,0.501157
154,414,0.42081
154,585,1.34177
154,343,0.553571
154,417,0.659875
154,584,0.992714
154,374,0.839572
154,377,0.667211
155,268,0.583333
155,686,0.222222
155,701,1.25
155,661,0.333333
155,267,0.243056
156,334,1.348413
156,740,0.230769
156,245,1.200758
156,331,0.682506
156,332,1.102611
156,748,0.307692
157,749,0.25
157,750,1
157,660,1.219444
157,751,2.121693
157,390,0.737693
157,752,1.592857
157,394,1.157895
157,753,1.442857
157,182,0.114286
157,754,0.283333
157,648,0.174242
158,755,1.755981
158,433,1.424086
159,756,0.294118
159,757,1
159,758,1
160,189,2.52619
160,182,1.012407
160,184,1.058642
160,583,0.866667
161,583,1.850505
161,175,1.732972
161,195,1.821248
161,326,1.612963
161,196,2.060985
161,400,1.664583
161,698,1.81927
161,296,1.96746
161,197,1.798941
162,632,0.222222
162,350,0.172222
162,759,1
162,488,0.176471
162,321,0.165217
163,270,0.207792
163,172,2.791667
163,166,2.570513
163,167,1.741228
163,321,0.792059
163,164,2.043137
164,238,0.128205
164,171,3.132143
164,173,2.583333
164,166,1.96
164,562,2.259259
164,165,2.038889
164,167,1.785714
164,296,1.974747
165,181,1.066138
165,491,0.444444
165,167,1.904545
165,360,0.176471
165,177,1.638889
166,236,0.731461
166,531,0.786364
167,236,0.586767
167,562,2.255117
167,321,0.423131
167,690,0.2
167,531,0.988095
169,489,0.45
170,500,0.372549
170,583,0.479167
171,296,2.466667
171,562,2.883333
175,389,1.285348
175,583,1.340693
175,180,1.474048
175,219,2.469697
175,196,1.59236
175,195,1.269382
175,760,0.18797
175,181,1.002909
175,197,1.673237
175,326,1.395353
176,583,0.5
176,181,1.317972
177,243,0.270833
178,279,1.4
178,668,1.7
180,343,0.795556
180,548,0.655556
180,313,0.168421
180,196,2.090909
181,230,0.531494
181,233,0.784524
181,240,0.624687
181,236,0.499373
181,276,0.721786
181,761,0.517241
181,531,0.549633
181,295,1.015126
181,562,1.129762
181,286,0.485577
181,762,1
181,291,2.354762
182,566,2.678889
182,186,1.308205
182,763,0.361905
182,699,0.171429
182,624,0.285714
182,383,1.261409
182,358,0.878582
182,188,1.149908
182,392,1.092032
182,380,1.655483
182,714,0.228571
182,340,0.840251
182,723,0.097403
182,725,0.096894
182,366,0.069951
182,190,1.548958
182,550,0.713235
182,764,0.382321
182,565,2.284206
182,601,1.078431
182,603,0.247619
182,765,1.203498
182,189,1.990898
182,184,1.014
183,184,0.692308
183,268,0.626634
183,571,0.2875
183,188,1.931548
183,190,1.97592
183,578,1.039886
183,205,0.160714
184,370,1.420899
184,558,1.391481
184,299,1.498676
184,741,0.766502
184,415,1.675437
184,572,1.18635
184,328,1.536665
184,353,0.904208
184,363,0.187879
184,388,0.091667
184,735,2.139181
184,766,1.076847
184,568,1.96781
184,330,0.909827
184,577,0.1
184,266,1.26087
184,189,1.779515
185,579,0.571429
185,602,0.158163
185,548,0.456335
185,710,0.17619
185,767,0.535714
185,428,0.118304
185,638,0.535714
185,637,0.258929
185,413,0.178571
186,465,1.502778
186,566,3.100275
186,765,1.778409
186,395,1.781806
186,588,0.407407
187,768,2.171345
187,659,1.533053
187,454,2.502339
187,587,1.47458
187,769,2.450572
187,653,1.880506
187,466,1.913571
187,770,0.365385
187,561,1.85997
187,771,2.665278
187,662,0.20979
187,577,0.587538
188,453,1.124735
188,190,1.63497
188,772,0.296875
188,463,1.466346
188,622,2.493056
188,601,1.7874
188,621,2.459596
188,577,0.700712
188,773,1.052632
189,566,3.072727
189,565,3
189,572,2.347222
190,453,1.419551
190,463,2.149242
190,315,0.949985
190,621,2.668137
191,697,0.210526
191,774,0.675325
191,775,0.583333
191,247,0.876124
191,502,0.232143
191,445,0.799322
191,205,0.654414
191,287,0.527778
191,223,0.208333
191,322,0.225
192,362,1.043463
192,327,1.392843
192,360,1.887135
192,591,1.774074
192,221,1.984694
192,214,1.536937
192,593,1.773377
192,400,1.964492
192,195,0.929566
192,774,0.127706
192,517,1.528846
192,599,2.073704
192,600,2.482737
192,598,1.6375
192,211,1.446964
192,445,1.611111
192,218,1.418002
192,203,1.058946
193,704,0.164251
193,195,1.025204
193,209,1.319063
193,292,1.415909
193,262,1.750909
193,648,0.205534
193,324,1.362135
193,438,1.504912
193,360,1.541931
193,389,1.518227
193,316,2.132969
193,203,1.112319
193,399,1.625231
193,776,2.632576
194,693,1.793137
194,777,1.361111
194,254,2.099457
194,674,2.128571
194,488,1.666667
194,670,0.754167
195,268,0.320842
195,332,0.748782
195,236,0.230549
195,677,0.439716
195,598,1.100828
195,219,2.088416
195,778,1
195,273,1.110506
195,200,1.194907
195,389,1.122111
195,196,1.280087
195,203,1.02843
195,779,1.219863
195,262,1.089218
195,316,1.117138
195,472,3.297222
195,288,1.007768
195,471,1.383229
195,211,1.08662
195,326,1.024359
195,206,1.389724
195,690,0.117021
195,776,2.303442
195,438,1.281319
195,213,1.325058
195,780,1.557483
195,445,1.162126
195,360,1.254355
195,209,1.300269
195,363,1.047773
195,694,1.846199
195,217,1.040607
196,203,1.702256
196,326,1.522325
196,781,1
196,219,2.541667
196,389,1.737059
196,288,2.125295
196,779,2.299063
196,211,1.821372
197,774,0.448571
197,511,0.556166
197,221,1.772222
197,204,1.389028
197,214,1.438222
197,628,1.687831
197,326,1.162717
197,206,1.535581
197,400,1.432353
197,583,1.273411
197,646,0.847266
197,440,1.450819
197,211,1.460985
197,593,1.420179
197,203,1.188821
197,694,1.030514
197,205,1.079394
197,782,0.831834
197,779,1.403671
197,697,1.375325
197,218,1.330339
197,641,1.89127
198,783,0.147727
198,784,1
198,288,1.57381
198,686,0.116071
198,724,0.133929
198,285,1.127619
198,362,1.572917
198,785,1.856108
198,214,1.451068
198,220,1.920635
198,779,1.883333
198,215,1.689487
198,648,0.465128
198,217,1.446049
199,218,0.910675
199,640,1.966174
199,644,3.453333
199,595,1.062319
199,645,2.554196
199,641,2.139683
199,786,1.190635
199,642,2.134413
199,270,0.719945
199,646,0.930303
199,544,1.66472
199,469,0.484239
199,332,0.725569
199,691,0.471467
199,787,0.13141
199,616,0.283333
199,283,0.945106
199,258,1.905114
199,204,1.561094
200,257,1.383102
200,334,1.287992
200,232,0.256313
200,649,1.944979
200,201,1.419785
200,205,1.520964
200,360,1.785061
200,437,1.005439
200,290,1.018065
200,273,1.656818
200,292,2.092281
200,217,1.199057
200,324,2.102857
200,473,2.720513
200,335,0.648785
201,257,1.829248
201,334,1.618128
201,250,1.646111
201,398,0.157143
201,347,0.666667
201,585,0.185185
201,213,2.056072
201,320,1.91317
201,473,3.021493
202,290,1.031085
202,502,1.168333
202,370,1.196193
202,415,1.082149
202,572,0.676282
202,331,0.124786
202,262,0.986667
202,788,1
202,205,1.167222
202,322,0.206667
203,232,0.341486
203,271,0.376068
203,334,1.453272
203,377,0.82432
203,389,1.203094
203,216,1.329365
203,789,0.352564
203,292,0.760299
203,204,1.168164
203,360,1.463343
203,250,2.070747
203,210,2.159711
203,209,1.359031
203,437,0.589378
203,208,2.161376
203,273,1.403777
203,206,1.520833
203,593,1.35199
203,790,1
203,215,1.541057
203,262,1.280648
203,212,1.18151
203,290,1.901039
203,217,1.219628
203,445,1.223277
203,502,1.342828
203,213,1.166517
203,327,1.051814
203,471,1.788367
204,400,1.4662
204,445,1.380669
204,216,1.901742
204,211,1.42442
204,218,1.285227
204,207,1.55754
204,593,1.406069
204,647,1.517857
204,791,3.033173
204,221,1.93166
204,210,1.592929
204,335,0.62684
204,782,0.992982
204,389,1.469246
204,215,1.49367
204,206,1.663095
204,288,1.494762
204,290,1.241667
204,209,1.477183
204,697,1.320017
204,273,1.4567
204,214,1.496638
205,694,0.979555
205,213,1.391816
205,262,1.09215
205,209,1.39441
205,321,1.125604
205,214,1.499508
205,221,2.030862
205,445,1.145552
205,438,1.407143
205,326,0.873916
205,399,1.637153
205,212,1.531927
205,360,1.515692
206,212,1.56322
206,389,1.679323
206,472,3.689076
206,211,1.679609
206,363,1.833333
206,628,1.877773
206,215,1.844321
206,697,2.132212
206,326,1.659804
207,467,0.739124
207,791,2.796131
207,218,1.575135
207,211,1.836206
207,445,1.304147
207,273,1.770094
207,647,2.018519
207,342,1.176136
207,595,0.369048
208,403,0.25
208,214,2.295833
208,595,0.452381
208,217,1.815385
209,403,0.125
209,671,0.272
209,675,2.037037
209,424,0.134545
209,232,0.571373
209,273,1.706296
209,438,1.467354
209,445,1.582727
209,321,1.198679
209,360,1.669841
209,399,1.541964
209,213,1.46027
209,697,0.981589
209,641,2.506599
210,577,0.119691
210,211,1.841597
210,218,1.616973
210,400,1.873958
210,288,1.754636
210,697,2.080159
210,791,2.923945
210,679,0.328571
210,780,1.648567
210,214,1.846206
211,792,0.540401
211,221,1.972209
211,400,1.441378
211,559,0.358025
211,218,1.286433
211,214,1.558874
211,212,1.117677
211,697,1.477187
211,440,1.775526
211,793,0.382716
211,327,2.027273
211,791,2.547351
211,215,1.873593
211,471,1.52862
211,794,0.174603
211,326,1.323657
212,365,0.347826
212,676,0.620321
212,285,0.246377
212,792,0.585281
212,471,1.524266
212,436,2.31381
212,283,0.765642
212,363,1.553024
212,795,0.42029
212,796,0.565217
212,306,1.896599
212,473,1.977855
213,687,0.242424
213,691,0.232323
213,242,0.458562
213,428,0.113636
213,292,1.226515
213,360,1.933333
213,437,0.883117
213,262,1.556501
213,502,1.523126
213,649,1.370882
213,273,1.977063
214,591,1.654762
214,288,1.4625
214,218,1.437376
214,215,1.638191
214,362,1.237229
214,220,1.791721
214,779,1.722325
214,641,1.489885
214,785,1.73658
214,221,1.777431
214,400,1.551031
214,697,1.816667
214,217,1.243456
214,517,1.878175
214,593,1.706847
215,779,1.971975
215,598,1.684524
215,218,1.492118
215,288,1.725505
215,389,1.441667
215,438,1.987817
215,220,1.902711
215,641,1.62963
215,785,1.673993
215,217,1.375992
215,695,1.682105
215,797,0.5
216,544,0.880159
216,774,0.167832
216,242,0.650641
216,500,0.149321
216,220,0.965909
216,292,1.099862
216,793,0.461538
217,798,0.543478
217,577,0.643212
217,362,1.877273
217,779,1.631559
217,598,1.686343
217,273,1.589827
217,628,0.503849
217,334,1.128947
217,531,0.395257
217,438,1.581731
217,639,0.910256
218,400,1.433967
218,724,1.377282
218,697,1.239286
218,694,1.20861
218,471,0.902473
218,591,1.295753
218,649,0.721293
218,791,2.564103
218,799,1
218,221,1.811237
218,594,1.893378
218,695,2.38929
218,691,0.422868
218,800,2.342603
218,288,1.596444
218,789,1.122257
219,389,2.30291
219,801,1.55
220,554,0.173077
220,598,2.303351
220,785,1.964338
220,362,2.241623
220,779,2.211111
220,288,2.135661
220,646,1.403281
221,591,2.119444
221,741,0.261905
221,802,1
221,803,1
221,593,2.043964
222,548,0.206349
222,677,0.444444
222,494,0.219298
222,804,1
223,494,0.844706
223,805,0.934066
223,354,0.724573
223,673,2.539683
223,674,1.133929
224,805,0.555556
225,527,0.571429
226,806,0.53125
226,531,0.289409
226,323,0.236111
226,409,0.139881
226,577,0.404416
226,517,0.330159
226,377,0.504416
226,367,0.56571
227,807,0.175
227,398,0.214286
227,240,1.350794
227,403,1.876923
227,339,1.797407
227,270,1.391121
227,313,1.810142
228,453,0.387097
229,297,0.896154
229,442,1.072778
229,774,1.61299
229,808,2.007576
229,238,1.716646
229,612,0.404762
229,239,1.183939
229,232,1.32537
230,239,0.598214
230,242,0.547295
230,253,1.072587
230,809,2.392857
230,345,1.678571
230,333,1.564615
232,237,1.493798
232,443,0.617049
232,281,0.246066
232,691,0.150617
232,242,0.5932
232,253,0.463346
232,810,0.185185
232,305,0.445022
232,811,0.741999
232,238,0.672555
232,812,2.226285
232,304,0.361105
232,813,0.522222
232,533,0.377778
232,814,0.555556
232,632,0.545106
232,659,0.083333
232,589,0.467275
232,438,0.594572
232,815,0.155556
232,377,0.270935
232,584,0.443122
232,710,0.465001
232,239,0.708428
232,606,0.125253
232,234,0.536057
232,254,0.095062
233,816,0.342857
233,375,0.211823
234,540,0.345238
234,661,1.836957
234,304,0.542023
234,567,0.645833
234,414,0.974603
234,451,0.913543
234,457,0.434973
234,455,1.151224
234,817,0.303571
234,256,0.608333
236,818,0.1625
236,339,0.127451
236,315,0.320141
236,704,0.552178
236,304,0.133333
236,584,0.544138
236,630,2.135706
236,632,0.560799
236,819,0.533333
236,701,0.934584
236,268,0.343888
236,706,0.517695
236,623,2.12013
236,443,0.176667
236,820,1.880252
236,463,1.372024
236,821,0.171429
236,531,0.421296
236,502,0.121429
236,354,0.36993
237,708,1.090294
237,563,0.714739
237,452,1.344494
237,822,0.617647
237,427,0.392157
237,823,1.891738
237,512,2.057407
237,459,1.245592
237,486,1.939886
237,446,1.78841
238,589,0.98163
238,503,0.66212
238,242,0.747529
238,433,0.484358
238,305,0.901136
238,811,1.0275
238,824,0.297619
238,812,2.495455
238,329,0.449432
238,590,1.099366
239,442,0.831623
239,825,0.588235
239,775,0.558824
239,443,0.914116
239,439,0.945833
239,404,0.906994
239,247,0.666187
239,305,0.711566
240,339,0.935152
240,483,0.122845
240,465,0.132184
240,242,0.852963
240,366,1.459583
240,455,1.880952
240,414,0.859145
240,315,0.818845
240,826,2.194146
240,451,0.932974
240,474,0.135057
240,268,0.516283
240,587,0.974874
240,584,0.665051
240,391,0.122845
241,827,0.625
241,417,0.307692
241,577,0.27027
242,395,1.503963
242,430,0.757085
242,828,0.358025
242,829,1
242,302,0.403846
242,825,0.555556
242,331,0.622876
242,590,0.599553
242,830,0.287037
242,632,0.663187
242,372,0.174074
242,587,1.07272
242,451,1.132773
242,503,0.998377
243,377,0.162162
243,831,1
243,469,1.72684
243,500,1.688745
244,353,1.703162
244,334,0.865546
244,245,2.371241
244,249,2.079365
244,247,0.932857
245,361,0.213542
245,398,0.907133
245,584,0.174603
245,249,2.049812
247,330,0.827098
247,774,1.150862
247,378,2.264957
247,391,0.133333
247,442,1.383185
247,832,1.648148
247,808,1.832456
247,833,2.278867
247,511,1.79021
247,554,1.783889
248,305,0.615385
249,366,0.37207
249,686,0.422258
249,251,1.155556
249,428,0.362519
249,701,0.290909
249,283,0.453361
250,332,1.340399
250,419,1.737374
250,257,1.548203
250,330,1.636111
250,436,2.502778
250,334,1.648482
250,834,0.535714
251,320,0.2
251,710,0.208333
251,305,0.259615
251,432,0.319444
253,676,0.726773
253,809,2.309955
253,584,0.734428
253,333,1.497464
253,337,0.648851
253,345,1.651709
253,258,0.489233
253,268,0.34707
254,332,0.556592
254,835,0.180556
254,366,0.985713
254,836,1.302521
254,837,2.083333
254,488,1.133983
254,838,2.346749
254,693,1.176923
254,276,0.893207
254,354,1.109788
254,286,0.944215
255,268,1.434489
255,613,1.863889
255,571,0.683333
255,611,0.525
255,715,0.571429
255,498,0.860806
255,658,0.564103
255,768,0.154762
255,839,0.230159
255,840,0.535714
255,841,0.571429
256,457,0.446247
256,353,0.492632
256,315,0.667857
256,659,0.495187
256,842,1
256,567,0.638889
256,843,0.354167
256,368,0.310606
256,422,0.731551
257,347,1.382576
258,671,0.277778
258,665,0.361111
258,332,0.839523
258,419,1.599338
258,471,1.094538
258,292,0.222222
258,304,0.144444
259,417,0.47138
259,717,0.32
259,844,1
259,845,0.266667
259,754,0.793651
259,457,0.188889
261,376,1.447293
261,367,1.508159
262,438,1.513725
262,287,1.316667
262,502,1.32803
262,445,1.540616
263,846,0.433333
263,847,1.488889
263,446,1.437247
263,848,1.405556
263,563,0.964364
264,306,0.263889
264,271,1.742857
264,849,0.5625
264,283,0.897143
265,597,1.309841
265,375,1.28125
266,850,2.845238
266,556,2.011364
266,709,1.959804
266,851,1
266,572,1.474297
266,555,1.595238
266,299,1.884799
266,502,1.081673
266,718,1.293478
266,340,0.997336
267,424,1.325893
267,315,1.113377
267,367,1.148944
267,658,1.017734
267,656,1.75
267,368,1.015789
267,766,1.492063
267,451,0.924339
267,364,1.386466
267,353,0.802406
267,357,1.072222
267,662,1.65404
267,394,0.460255
267,361,0.48445
267,852,0.535364
267,414,0.983598
267,567,0.684583
267,339,0.97804
268,710,0.394689
268,701,0.897516
268,853,1.203704
268,854,0.182857
268,613,1.009091
268,700,0.217143
268,587,0.379919
269,584,0.591111
269,814,0.65625
269,350,0.467714
269,855,1
269,619,0.375
269,856,1
269,828,1.288889
269,398,0.183036
269,377,0.391071
269,815,0.201389
269,631,0.738716
269,857,1
270,858,0.42619
270,859,0.164773
270,860,0.808466
270,391,1.535107
270,332,0.600351
270,749,0.615079
270,403,0.85098
270,433,0.507576
270,355,0.966362
270,354,0.944737
270,371,1.783824
270,313,1.278509
270,397,0.864415
270,835,0.354978
272,500,0.656994
272,861,1
272,688,0.52
272,354,0.631702
273,469,0.82381
273,593,1.435897
273,445,1.444289
273,694,1.478046
273,436,2.340252
273,389,1.585265
273,592,0.879383
273,326,1.613174
273,862,1
273,438,1.551796
273,381,0.33131
274,414,0.625064
274,863,0.424242
274,450,0.681818
274,377,0.159705
274,278,0.809524
274,457,0.171717
274,352,0.763636
275,755,1.41087
275,858,0.593531
275,387,0.611742
275,864,0.428571
275,412,0.796964
275,590,0.76299
275,392,0.662564
275,457,0.134921
275,298,0.761127
275,865,0.535714
275,332,0.53273
275,413,0.221429
276,693,1.06652
276,322,0.242857
276,866,1
277,846,0.245455
277,823,1.81746
277,867,1.7925
277,553,1.585088
277,563,1.221951
277,868,2.245833
277,869,1.288103
277,870,1.538095
277,847,1.251812
278,871,0.888889
278,567,0.765873
278,414,0.732955
278,653,0.551111
278,597,0.535417
278,416,1.011204
278,371,0.228571
278,450,0.724387
279,371,0.242857
279,391,0.23125
279,531,0.527888
279,670,0.833333
279,693,0.246154
280,338,0.520833
281,484,1.625
281,509,3.297774
281,429,1.666209
281,425,2.957409
281,426,0.873099
281,443,0.755556
282,494,1.575397
282,354,1.344322
283,728,1.658254
283,590,0.543848
283,685,0.462963
283,724,0.972222
283,433,1.581829
283,541,1.180952
283,392,0.136752
283,542,1.035185
283,428,0.339583
283,328,0.983392
283,419,1.144637
284,539,1.134066
284,484,1.063187
284,505,1.285714
284,499,1.107792
284,507,1.111111
285,288,1
286,872,1
286,564,0.15
286,345,0.14876
286,873,1.347985
286,294,1.558333
286,874,1.002747
286,366,0.714674
286,875,1
286,876,0.545455
286,877,1.325714
286,878,1.35119
286,488,0.908089
286,838,2.281573
288,583,1.641437
288,400,1.410119
288,779,1.793333
288,780,1.896465
288,785,2.013571
288,326,1.333027
289,670,1.252632
289,354,1.005411
289,692,1.5025
289,879,2.5
289,836,1.792735
289,693,1.997024
289,837,1.994709
289,494,1.900174
289,667,1.916667
290,445,1.48649
290,591,0.905594
290,335,0.877104
290,321,0.781767
290,724,0.526136
290,546,0.384615
292,413,0.246154
292,782,0.230769
294,494,1.267677
294,874,2.035714
295,307,0.576842
295,880,0.95
296,881,1.104762
296,698,1.630952
296,440,1.18869
296,583,1.50641
296,876,0.590909
297,428,0.50481
297,589,0.220238
297,442,0.821429
297,882,0.571429
297,883,0.788743
298,755,1.903595
298,725,1.688348
298,430,1.362755
298,541,1.818399
298,397,0.913393
298,729,1.262543
298,331,1.085845
298,392,1.159718
298,395,1.267176
298,589,1.433518
298,551,1.533507
298,884,2.53354
298,885,3.457414
298,409,1.363724
298,787,2.45974
298,433,1.312202
298,570,2.036347
298,886,3.520205
298,887,3.457414
298,388,1.492981
298,883,1.455391
298,728,1.786669
298,724,1.402778
298,315,0.317733
298,428,0.311996
298,385,1.85199
298,408,1.235831
298,332,0.641157
298,503,1.270391
299,572,1.823052
299,391,0.153409
299,544,0.170455
299,370,2.336957
299,687,0.257576
299,413,0.2
300,481,0.850909
300,848,0.705556
300,846,0.333333
300,330,0.212121
301,810,0.444444
302,379,2.281897
302,340,1.040827
302,467,0.094872
302,381,1.644697
302,888,2.426087
302,383,1.342575
302,384,2.031836
302,386,1.798541
302,889,1.801948
302,890,1.998729
302,321,1.557434
302,891,1.897727
302,892,1.954483
302,392,1.131324
302,893,2.239177
302,894,2.172884
302,382,2.040152
302,380,1.450585
302,385,2.055843
302,895,1.726091
302,438,0.988231
303,896,1
303,328,0.362319
304,307,0.143333
304,675,1.844538
304,329,0.216667
304,728,0.590608
304,392,0.117949
304,519,0.32
304,306,0.948413
304,437,0.664615
305,310,0.57381
305,686,0.142857
305,897,0.384615
305,898,2.233766
305,899,1.006944
305,748,0.326923
306,900,1
306,437,0.936364
306,434,1.621429
307,760,0.857778
307,338,0.384812
307,657,0.205556
307,377,0.38774
307,455,0.925842
307,843,0.3
307,816,0.929549
307,357,0.619048
307,533,0.45
307,457,0.155556
307,424,0.63378
307,540,0.291667
307,880,0.673246
307,550,0.216667
307,451,0.541221
308,412,0.37037
308,478,0.407407
309,901,0.375
309,310,2.348485
309,902,0.45
309,311,2.016667
310,311,1.23573
310,328,0.747619
310,313,0.800366
310,898,1.814286
311,903,1.02246
311,904,0.354167
311,905,1
311,554,0.481061
311,906,0.811364
311,859,0.794444
311,907,0.636364
311,328,0.503463
312,794,1.10049
312,314,0.945417
312,403,0.407519
312,396,1.082321
312,711,1.985105
312,908,1
312,909,0.208333
312,456,0.642799
312,910,0.525
312,349,0.468286
312,710,0.303848
312,377,0.095946
312,764,0.417215
312,717,0.633772
313,457,0.122807
313,901,1.820833
313,911,1.845694
313,526,2.02106
313,522,0.609091
313,465,0.478758
313,557,1.684028
313,437,0.131579
314,794,2.042857
314,456,0.872727
314,610,0.629167
314,347,0.629167
314,395,0.148148
314,711,2.261905
314,467,0.513385
315,367,0.905457
315,338,1.46935
315,353,0.721177
315,912,1
315,348,0.206897
315,826,2.26822
315,414,0.743338
315,494,0.098004
315,531,0.455566
315,913,1.907258
315,514,0.907828
315,377,0.383592
315,561,0.491652
315,408,0.570346
315,357,0.769689
315,706,0.52381
315,661,0.704895
316,598,1.975
316,779,1.986742
316,321,1.869048
316,320,1.971055
318,914,0.833333
319,696,2.506818
319,322,2.083333
319,325,2.5125
319,516,0.285714
319,320,1.901677
320,915,1
320,691,0.211111
320,428,0.581577
320,362,1.927778
320,696,1.252451
320,323,1.592509
320,321,1.230097
320,441,3.456349
320,322,1.394024
320,324,1.907143
320,434,2.347222
321,567,0.095652
321,441,3.416667
321,916,1
321,399,1.165972
321,445,0.773434
321,437,0.901313
321,914,1.312727
321,389,0.872671
321,324,2.285714
321,438,1.350919
321,335,0.62013
322,696,2.070833
322,639,0.32
322,325,2.080357
323,371,0.238095
323,665,0.416667
323,324,2.076389
324,327,2.12381
324,362,1.888053
325,917,1
325,628,0.314815
325,680,0.583333
326,591,1.798809
326,577,0.095721
326,583,1.31763
326,389,1.254011
326,628,1.759321
326,400,1.332989
326,594,2.173701
326,779,1.540404
327,362,1.761656
328,332,0.916616
328,580,0.962987
328,672,0.521739
328,419,1.482412
328,414,0.105072
328,432,1.896599
328,330,1.055556
328,542,1.021235
328,334,1.449123
328,354,0.305173
328,541,0.574801
328,383,1.621356
328,331,0.573533
329,374,0.366667
329,880,0.316667
329,377,0.467803
329,584,0.65399
329,918,0.388889
329,710,0.211111
330,332,0.817758
330,419,1.34375
330,338,0.508765
330,563,0.645308
330,335,1.6875
330,432,1.822537
330,422,0.257576
330,542,1.185773
330,774,0.560119
330,383,1.60026
330,826,0.340909
331,411,1.207562
331,430,0.915166
331,392,1.006454
331,590,0.908902
331,406,0.72059
331,503,1.045455
331,382,1.662265
331,729,1.258907
331,385,1.612401
331,395,0.938977
331,723,0.988261
331,388,1.180041
331,919,2.391527
331,433,1.159186
331,542,0.723528
331,904,0.339744
331,380,1.234477
331,894,1.948089
331,892,2.704186
332,335,1.470258
332,531,0.385882
332,542,0.850959
332,544,1.381057
332,419,1.049645
332,371,1.497917
332,657,0.134615
332,573,0.983543
332,860,0.574407
332,920,0.346154
332,433,0.818878
332,389,1.311722
332,557,0.390639
332,869,0.117133
332,640,1.985736
332,334,0.974252
332,921,0.288462
332,336,0.620258
332,363,0.629855
332,469,0.310049
332,563,0.302014
332,380,1.773588
332,512,0.721755
332,383,0.924622
332,465,0.393962
332,742,0.125874
332,456,0.40288
332,409,0.915117
332,488,0.577206
333,922,0.982906
333,353,1.477007
333,367,1.639805
333,809,2.233032
333,611,0.684708
333,923,2.34188
333,607,1.972222
333,456,0.835664
333,375,0.739872
333,924,0.533333
333,633,1.698413
334,542,1.819507
334,419,1.621212
334,649,1.919662
334,531,0.626321
334,925,0.552632
335,907,0.166667
335,619,0.416667
335,468,0.472222
336,926,2.258741
336,382,1.276515
336,432,0.662406
336,408,0.197917
336,355,0.575544
336,467,0.475801
336,777,0.388889
336,502,0.172619
337,353,0.870033
337,602,0.166667
337,637,0.239583
337,586,0.354167
337,660,0.189394
337,428,0.127604
338,927,1.647157
338,553,0.297691
338,339,0.568743
338,353,0.565278
338,760,0.904762
338,928,0.89211
338,929,1.258741
338,343,0.132812
338,564,0.503733
338,930,0.361111
338,544,0.119792
338,931,0.233333
338,367,0.811833
338,483,0.132812
338,575,0.375
338,932,0.520833
339,933,1
339,353,0.693527
339,657,0.766563
339,934,1.244444
339,361,0.640707
339,364,1.384403
339,845,0.245098
339,760,0.964242
340,383,1.032883
340,935,1.896825
340,888,2.766594
340,895,1.443413
340,890,1.662963
340,891,1.919444
340,735,1.013731
340,384,1.664273
340,392,1.126266
340,936,1.169196
340,415,0.943254
340,356,1.386125
340,572,0.926518
340,907,0.651381
340,379,2.34359
340,889,1.823171
340,570,0.823875
340,937,1.919196
340,363,0.151515
340,577,1.036279
340,381,1.283304
340,883,1.532258
340,412,0.815833
340,511,0.830556
340,388,0.83528
340,370,0.721717
341,880,0.7
342,445,0.861801
342,399,0.35
342,697,0.315789
343,676,0.798063
343,488,0.128676
343,567,1.342794
343,659,0.940278
343,540,1.020952
343,938,1
343,563,1.524583
343,465,0.842068
343,414,0.927235
343,548,0.824036
344,349,2.291667
345,417,0.626812
345,398,0.188312
345,550,0.287879
345,367,0.189723
345,374,0.941667
346,589,1.323707
346,939,2.185185
346,940,1.883333
346,941,0.78799
346,355,1.376434
346,942,0.512821
346,742,1.733991
346,943,2.108333
346,745,2.257895
346,944,2.094786
346,945,2.866667
346,747,1.811111
347,444,0.285714
347,610,0.74359
347,584,0.251701
348,946,1
348,522,1.894444
348,361,1.153114
349,947,1
349,710,0.535714
349,948,1
349,365,0.392857
350,631,0.645833
350,726,0.527778
350,704,0.486991
350,367,0.46885
350,686,0.111111
350,828,1.255882
350,553,0.137681
350,869,0.161616
350,843,0.291667
351,659,1.668519
351,587,1.467796
351,949,0.744939
351,466,1.591667
351,561,1.874495
351,454,2.412626
351,768,2.06502
351,655,2.28886
351,950,2.835897
351,653,1.880312
351,951,2.399621
351,952,2.129798
352,537,0.662406
352,567,0.38154
352,500,0.156863
352,953,0.585859
352,577,0.114865
352,391,0.479461
352,840,0.541667
353,355,1.023338
353,414,1.480755
353,367,0.7866
353,929,1.151461
353,398,0.836055
353,572,1.175939
353,858,0.147222
353,766,1.379077
353,370,1.393889
353,504,1.868206
353,364,1.276389
353,719,2.258145
353,357,0.986772
353,954,1
354,356,0.578566
354,355,0.721897
354,955,1
354,665,0.2875
354,956,0.136111
354,957,0.15
354,500,0.202152
354,391,1.346278
354,467,0.684416
354,401,0.526771
354,488,1.053743
354,494,0.736272
354,693,1.209167
354,692,1.038876
354,366,0.58204
354,415,0.45943
354,531,0.439142
354,690,0.120833
354,958,1
354,837,1.904762
354,667,1.840704
354,670,0.582027
354,873,2.094757
355,590,1.153082
355,542,0.323555
355,406,0.611437
355,724,0.617409
355,388,0.730377
355,589,0.957866
355,944,1.761854
355,723,1.029716
355,743,1.813397
355,398,0.839899
355,585,0.144781
355,945,2.463492
355,959,1.142361
355,746,2.402381
355,960,2.341912
355,744,1.624206
355,467,0.351235
355,391,1.384876
355,409,0.553268
355,904,0.340909
355,469,0.114082
355,749,0.530849
355,551,0.654503
355,413,0.181818
356,888,2.8
356,382,0.317308
356,415,1.229167
356,890,2.380952
356,895,2.345833
357,451,0.890035
357,368,1.309829
357,920,0.37037
357,377,0.540553
357,749,0.678922
357,514,1.200284
357,768,0.189815
357,706,0.825226
357,961,0.377778
357,424,1.143162
357,547,0.444444
358,520,1.238095
358,710,0.963346
358,764,1.215909
359,471,1.916667
359,360,1.485119
360,795,0.45098
360,399,1.672619
360,435,1.458882
361,465,1.535714
361,962,1.563743
361,522,1.342222
361,431,0.742698
361,543,0.5625
362,785,2.080808
362,440,0.799242
363,471,1.98602
364,766,2.582418
364,953,0.9
364,368,1.293651
364,961,1.108173
366,687,0.224138
366,686,0.255117
366,671,0.248276
366,766,0.229885
366,467,0.698396
366,469,0.119675
366,674,0.812169
366,963,1
366,494,1.81472
366,964,0.828869
366,531,0.424738
366,837,2.334105
366,488,1.02668
366,965,1
366,692,1.089476
366,878,1.264401
367,368,0.964616
367,961,0.718855
367,391,0.299043
367,863,0.376812
367,659,0.235178
367,371,1.652381
367,952,0.384531
367,414,1.557864
367,928,0.902098
368,953,0.97549
368,451,1.746667
368,578,0.340909
369,394,0.25
369,871,1.153846
369,608,1.311111
369,416,1.391209
370,415,1.608333
370,502,1.958868
370,735,2.014854
371,537,0.261905
371,377,0.589238
371,466,0.63759
371,729,0.146617
372,703,0.283333
372,428,1.038727
374,390,0.366667
375,453,0.288895
375,611,0.592125
375,416,0.929261
375,607,2.13931
375,966,2.140476
375,633,1.070265
375,967,1.198302
375,609,0.906227
375,733,0.367816
375,968,2.211905
375,396,0.944009
375,969,1
375,420,0.828869
375,629,1.286738
375,402,0.49881
375,970,1
375,605,1.000772
375,456,0.71951
375,871,0.843647
375,428,0.273579
375,377,0.337589
376,971,1
376,584,1.920939
376,444,1.945541
376,428,0.146875
376,881,0.325
376,972,1
377,752,0.310811
377,453,0.348325
377,660,0.154791
377,390,0.409722
377,584,0.448851
377,647,0.702778
377,412,0.4547
377,587,0.574908
377,973,0.513514
377,389,1.220634
377,974,0.378378
377,712,0.581081
377,388,0.396581
377,466,0.510131
377,749,0.532515
377,661,0.485165
378,832,2.383598
378,808,2.466346
378,658,0.325
379,384,2.859269
379,783,2.870915
379,380,2.354299
379,381,2.527945
379,975,0.282828
379,386,2.781618
380,392,1.365523
380,503,1.242532
380,383,1.461544
380,386,1.878968
380,382,1.912619
380,381,1.695604
380,384,2.142593
380,889,1.852005
380,590,1.160025
380,729,1.444344
380,385,2.323932
380,783,1.685377
380,412,0.728365
380,551,1.007833
380,891,1.951528
381,386,2.059668
381,783,1.772727
381,935,1.666667
381,383,1.656708
381,384,2.249206
381,382,2.191558
381,385,2.194824
381,976,1
381,889,1.83128
381,577,1.704176
381,592,0.729167
382,383,2.095665
382,385,2.446078
382,386,2.408844
382,503,2.10641
382,883,0.242604
383,891,1.674519
383,384,2.037698
383,385,2.122689
383,392,1.354151
383,937,2.489091
383,386,1.846398
383,783,1.666532
383,408,0.611148
383,895,1.899866
383,542,1.600529
383,406,0.195513
383,795,0.361111
383,577,1.176374
383,890,1.644361
384,889,2.075926
384,725,0.170807
384,385,2.607143
384,783,2.212963
384,392,2.001058
384,386,2.435034
384,895,2.5
385,729,1.948413
385,503,1.805968
385,386,2.427945
386,937,2.441667
386,590,1.088936
387,403,0.721481
387,858,0.680556
387,889,0.738889
387,957,1.027778
387,832,0.2
387,590,0.603687
387,395,0.560388
388,725,1.77673
388,433,1.36756
388,409,1.406774
388,808,0.146429
388,883,1.399758
388,412,0.961364
388,632,0.206349
388,787,2.5041
388,430,1.496528
388,728,2.245411
388,395,1.290741
388,723,1.133873
388,977,1.607407
388,884,2.594444
388,541,1.88671
388,885,3.515139
388,755,1.807692
388,551,1.579514
388,570,2.148618
388,886,3.578161
388,887,3.515139
389,724,0.12
389,801,0.774066
389,445,1.527077
389,785,1.020083
389,583,1.843208
389,780,1.744048
390,751,1.666667
390,656,0.962128
390,457,0.465179
390,417,0.205128
390,978,0.903409
390,834,0.541667
390,839,0.584091
391,979,0.25
391,537,0.6
391,901,0.195312
391,952,0.425
391,845,0.239583
392,503,1.065058
392,891,1.622243
392,729,1.191103
392,894,1.743455
392,892,2.821256
392,980,2.060777
392,919,3.105556
392,893,1.925439
392,975,1.679654
392,981,2.365741
392,982,1.781897
392,438,0.550084
392,442,0.685
394,660,1.27381
394,752,1.595442
394,751,2.612179
394,766,1.088889
394,983,2.424242
394,845,0.333333
395,744,1.511326
395,943,1.683459
395,411,1.263343
395,742,1.224348
395,433,1.115909
395,755,1.920794
395,503,1.020797
395,551,1.415179
395,409,1.236536
395,984,0.227778
395,985,3.186407
395,957,0.950216
395,889,0.387453
395,570,1.848148
395,723,0.950816
395,465,1.339932
395,942,1.283459
395,746,1.722851
395,541,1.576464
395,747,1.262294
395,891,0.876337
396,456,1.416667
396,420,1.266667
396,467,1.016284
397,975,0.238636
397,755,1.292676
397,941,0.833333
397,957,0.6875
398,839,0.603147
398,959,1.333333
398,571,0.575092
398,700,0.691026
399,573,0.316667
399,580,0.913369
400,986,0.812271
400,698,1.244009
400,583,1.330568
400,435,0.424242
400,697,1.452652
400,801,0.272727
400,440,1.465196
400,797,0.454545
401,987,0.40625
401,656,0.2375
401,433,0.185714
401,904,0.46875
401,988,0.5
402,577,0.189189
402,696,0.265306
402,544,0.241071
402,967,1.132576
402,467,0.219048
403,572,0.693724
403,433,0.533725
403,676,0.151042
403,989,0.25
404,428,0.26875
405,730,1.709957
405,406,2.74697
405,407,2.844156
406,407,1.264286
406,410,1.56
406,990,1
406,409,1.135663
406,774,0.473856
406,551,0.705614
406,729,0.91426
406,991,0.282051
407,903,1.111111
407,730,0.836601
407,408,0.802963
407,907,0.727778
407,645,0.325
407,774,0.582523
407,724,0.180952
408,891,1.372193
408,430,1.627123
408,590,0.693694
408,704,0.1875
408,725,1.496554
408,409,1.299093
408,410,2.150433
408,433,1.649623
408,728,1.646111
408,858,0.658333
409,725,1.694291
409,891,1.265873
409,992,2.495455
409,433,1.27233
409,412,0.946296
409,787,2.608824
409,542,0.568006
409,410,1.467598
409,541,2.151705
409,936,0.428571
409,430,1.505578
410,539,0.333333
410,551,0.880423
410,772,0.34375
411,589,1.43723
411,942,1.844156
411,742,2.108333
411,744,2.375
411,551,1.319444
411,412,1.322001
411,725,1.335197
411,723,1.58125
412,982,0.216049
412,883,1.449365
412,589,1.102882
412,723,1.151257
412,551,1.012252
413,748,0.325
413,433,0.171429
414,913,2.398182
414,826,2.304196
414,651,3.307273
414,661,1.17308
414,548,1.503449
414,451,0.800407
414,506,0.127604
414,537,0.607337
414,534,0.402778
414,704,0.185185
414,567,0.660486
415,850,2.150997
415,572,1.194624
416,871,1.482692
416,749,1.119048
416,456,1.157143
416,611,0.981176
417,993,0.615385
417,483,0.602381
417,604,0.384615
417,994,0.699722
417,522,0.179487
417,754,0.767157
418,847,2.495833
418,485,2.574561
418,807,2.845238
418,563,2.043435
418,512,2.685714
418,459,2.161667
419,542,1.266882
419,573,1.24812
419,774,0.658773
420,608,0.5
421,823,2.0375
421,956,2.395238
421,995,2.190769
421,553,2.108648
421,563,1.456023
421,446,1.718056
422,996,0.583333
422,659,0.573613
424,658,1.886166
424,839,0.242424
424,928,0.431818
424,429,0.160839
424,816,1.091667
426,507,1.189286
426,506,0.863131
426,997,0.529412
426,508,1.578847
426,907,0.144385
426,475,1.855
426,863,0.372549
426,998,2.430556
426,499,0.891389
426,867,0.158824
426,999,1
426,516,0.814312
428,453,0.274166
428,897,0.354167
428,883,0.457635
428,1000,0.1875
428,553,0.319105
428,459,0.240071
428,918,0.354167
428,542,0.376935
428,816,0.23125
428,774,0.261571
428,519,0.3
428,545,0.203125
428,631,0.179688
428,1001,1.610057
429,496,0.938889
429,499,1.096983
429,498,1.05
429,484,1.908177
429,509,2.945833
430,755,2.411111
430,903,0.263889
430,891,1.9875
430,1002,0.283333
431,931,1.272487
431,962,2.541667
431,906,1.766748
431,1003,2.619444
431,1004,1.356576
431,859,1.420833
431,609,0.502632
431,821,0.62549
432,686,0.709483
432,542,1.148148
432,926,2.35
432,801,0.288889
433,885,3.391919
433,570,1.934324
433,886,3.453778
433,787,2.4276
433,725,1.548778
433,541,1.725758
433,992,2.292484
433,884,2.46627
433,551,1.403474
433,755,1.664835
433,887,3.391919
433,883,1.932292
433,728,1.698793
433,747,0.898693
433,635,0.222857
433,539,0.219048
433,723,1.482282
433,467,0.640371
433,686,0.088435
433,503,1.158057
434,690,0.25
436,438,2.39451
437,728,1.251178
437,500,0.147059
437,724,1.709253
437,551,1.568016
438,1005,1
438,649,1.321032
439,443,1.150997
439,639,0.4
440,881,1.034722
440,698,1.631823
440,697,1.853448
440,516,0.538743
440,805,2.004011
440,583,1.369697
442,808,1.75487
442,774,1.325758
442,833,2.333333
442,748,0.316667
442,443,0.702341
442,503,0.536223
442,538,0.377778
444,585,2.103175
444,450,0.536364
444,587,0.15674
444,460,0.393939
444,447,2.5
444,567,0.190909
445,467,0.924785
445,694,1.495125
445,914,1.277592
445,593,1.448148
445,640,1.725955
446,823,1.621212
446,483,1.193457
446,563,0.875454
446,995,1.539713
446,481,0.380952
446,1006,1.263952
446,476,0.764744
446,474,0.606434
446,815,0.293651
448,455,0.555556
449,458,0.393939
449,730,0.416667
450,506,0.643098
450,771,0.263889
450,499,0.598214
450,949,0.640642
450,1007,0.541667
450,661,0.219697
450,537,0.584091
450,835,0.166667
451,687,0.222222
451,656,1.772143
451,653,1.498397
451,1008,0.600816
451,454,1.243841
451,1009,0.314815
451,514,0.959516
451,1010,0.358025
451,913,1.938329
451,651,3.391429
451,655,2.007576
451,662,1.7
451,587,0.91792
451,661,1.244976
451,455,1.031745
452,483,1.4
452,563,0.971823
452,686,0.257143
453,622,2.218434
453,820,2.014039
453,1011,1
453,623,1.989719
453,624,1.104801
453,602,0.924679
453,1012,2.303879
453,621,2.120746
453,620,1.64899
453,1013,0.516129
453,603,0.969188
453,703,0.215054
453,463,1.027273
453,597,0.537651
453,707,1.230303
453,577,0.33537
454,587,1.705682
454,653,2.027273
454,514,1.346429
454,659,1.793764
455,1008,1.170833
455,816,1.295673
455,760,1.0875
456,922,1.10049
456,467,0.509819
457,1014,1
457,1000,0.198413
457,1015,0.527778
457,602,0.126984
457,706,0.203704
457,547,0.444444
457,631,0.194444
457,839,0.479638
458,1016,1.776923
458,699,0.82549
458,1017,1
458,979,0.991667
458,1018,1.271429
458,700,1.008824
458,839,0.836193
458,841,0.590909
459,756,1.009273
459,532,0.92316
459,563,0.793124
459,553,0.537507
459,1019,2.045492
459,994,1.215343
459,470,2.093363
459,512,1.5548
459,483,1.078394
459,1020,1
459,485,1.25096
459,847,1.533747
459,1021,0.62069
459,921,1.379331
459,1022,0.967803
459,476,1.472107
459,1023,1.192972
459,1024,2.390476
459,486,1.348254
459,1025,2.139032
459,1026,2.390476
459,1001,2.140741
460,631,0.5
461,989,1.305556
461,1008,0.983333
461,1027,1
461,817,1.311111
463,820,1.87344
463,623,2.642045
463,773,1.084465
463,625,0.785714
463,602,1.944979
463,1028,1
463,624,1.728632
463,1012,2.370192
464,601,1.662338
464,544,0.3125
465,764,0.804761
465,710,0.17037
465,548,0.605556
465,522,0.927656
465,637,0.222222
465,1029,1
465,1030,0.527778
466,659,1.266974
466,587,1.13682
466,769,1.944058
466,768,1.951404
466,653,1.68094
466,951,2.293226
466,818,1.700392
466,467,0.101667
466,548,0.769737
466,469,0.138235
466,1009,0.35
467,1031,0.275
467,931,0.226667
467,648,0.421552
467,1032,1
467,911,0.879764
467,488,1.565873
467,835,0.15
467,557,0.586996
467,964,0.823406
467,572,0.092308
467,551,0.587912
469,499,1.504722
469,809,0.294118
469,500,1.479427
469,520,0.176471
469,835,0.191176
470,512,2.271429
470,756,2.038233
470,807,2.389881
470,847,2.1375
470,1033,2.933333
470,544,0.195312
471,695,1.6425
474,708,1.494936
474,1019,0.383333
474,1034,1.702868
474,1006,1.392857
474,848,1.647475
474,553,1.019676
474,482,1.078057
475,869,0.2
475,479,1.005556
475,484,1.398268
475,507,1.380117
475,756,0.170588
476,995,1.228758
476,482,1.376701
476,932,0.545455
476,1019,2.753968
476,994,1.604762
476,1035,1.776923
476,485,1.514815
477,563,0.585714
478,479,1.488971
478,1036,2.411616
478,956,1.811111
478,553,1.545115
478,480,1.337302
478,848,1.469006
478,563,1.243011
479,1036,2.334936
479,956,1.533333
479,482,0.828571
479,810,1.994444
479,995,1.326984
479,874,0.741667
479,674,0.502632
480,708,1.155224
480,1037,1.230263
480,486,1.074879
480,662,1.880435
480,705,1.394974
480,690,1.791667
480,563,0.937885
480,846,2.014841
480,1038,2.576417
480,553,1.334325
481,867,0.35
481,848,0.772222
481,994,0.384615
482,1039,1
482,486,0.938051
482,490,1.232207
482,521,2.269726
482,1040,3.191142
482,496,1.955628
482,606,1.193027
482,708,1.067821
482,483,1.105253
482,1041,1
482,1007,0.52
482,563,0.697576
482,498,0.185
482,1034,1.26691
482,1042,0.970313
482,1021,0.64
482,485,1.32215
482,994,1.154015
482,868,1.00744
483,485,1.401936
483,708,1.959075
483,563,0.868841
483,994,1.431061
483,548,0.774444
483,869,0.525128
483,870,1.185965
483,1023,1.355556
484,509,2.915904
484,604,1.665966
484,507,0.753077
485,564,0.18
485,756,1.596237
485,921,1.84127
485,1019,2.412582
485,994,1.744949
485,512,2.021451
485,847,1.89899
485,1022,1.391917
485,1035,1.558824
486,563,1.087507
486,756,1.572381
486,1025,2.486264
486,1043,1
486,1044,2.402116
488,494,1.086617
488,873,1.884085
488,693,1.388528
488,674,1.305038
488,688,2.244444
488,877,1.505263
488,1045,0.529412
489,490,2.416667
490,496,2.326007
490,606,1.521008
490,521,2.666667
490,1040,3.510823
490,631,0.225
490,516,0.840278
494,805,0.597222
494,873,2.453654
494,688,2.149733
494,1046,0.657895
494,874,1.0157
494,667,2.036685
494,877,1.545455
494,693,1.369114
495,978,0.7
496,606,2.255952
496,1040,3.761905
497,1047,2.342857
497,763,1.525
497,699,0.309524
497,978,0.366667
497,498,1.01978
498,1000,0.666667
498,1048,2.253968
498,700,0.285714
499,606,0.732479
499,538,1.396382
499,505,1.164242
499,536,2.368056
499,506,0.822511
499,561,0.570941
499,729,0.108359
499,507,0.832316
500,659,0.416304
500,642,0.218487
500,637,0.800595
500,820,0.22549
500,548,0.461402
500,817,0.294118
502,504,1.080492
502,572,0.845244
502,650,1.408654
503,1049,0.201149
503,729,1.377489
503,892,2.907109
503,891,1.445971
503,980,1.846314
503,919,2.415
503,723,1.390662
503,725,1.739474
503,894,1.881587
503,832,0.15674
503,548,0.382908
503,551,1.187001
504,735,0.533333
504,572,1.569862
504,740,0.316667
505,524,2.791667
505,508,1.5
506,508,1.923691
506,889,0.164773
506,606,0.703016
506,561,0.613492
506,539,0.887619
506,516,0.845455
506,998,2.458824
506,941,0.25
507,510,1.039773
507,754,0.283333
507,606,0.772727
507,717,0.283333
507,508,2.112406
508,520,0.808824
508,1049,0.277778
508,711,0.288889
511,697,0.752525
511,907,0.915584
511,903,1.124494
511,1050,2.205357
511,888,2.476923
511,774,1.249191
511,808,2.001082
511,833,2.290072
511,895,2.044872
511,832,1.601429
511,991,1.007143
512,847,2.025053
512,807,2.061111
512,756,1.844048
512,1033,2.806878
512,563,1.363391
513,1051,1
514,770,0.416667
517,591,2.030303
517,593,1.577826
517,599,2.276471
517,600,2.683333
517,598,2.013393
517,531,0.285024
517,835,0.153846
520,764,0.714286
520,710,0.588121
520,577,0.138138
520,1015,0.555556
520,528,1.170673
521,606,2.653846
522,821,1.715278
522,1052,1.825397
522,764,1.207837
522,527,1.576389
522,569,0.583333
522,545,0.82246
523,577,0.378378
526,901,2.533333
526,528,1.933333
526,557,2.201282
526,911,2.283333
526,1053,3.372222
527,764,1.484804
527,821,2.366667
527,548,0.92037
528,557,1.383598
528,902,1.458333
529,949,0.583333
530,880,0.7
531,704,0.607337
531,686,0.316206
531,1054,1
531,830,0.28125
531,679,0.241667
531,653,0.106771
532,756,1.219494
532,611,0.648396
534,1055,1
537,949,0.696429
537,1056,1
540,548,0.858462
540,1008,0.380952
541,755,2.256696
541,724,1.734659
541,725,2.065768
541,551,1.927451
541,728,2.196489
541,887,3.063492
541,832,0.193182
541,885,3.063492
542,557,0.632258
542,616,0.27619
542,580,1.048462
542,720,0.269841
542,686,0.414266
542,1033,0.247619
542,708,0.136508
544,580,0.322917
544,708,0.1625
544,720,0.302083
544,640,2.108457
545,1052,1.45
545,1057,0.444444
545,568,0.25
548,830,0.297619
548,567,1.228185
548,563,0.788085
548,659,0.734868
548,1058,1
548,550,0.941842
548,764,0.591219
548,815,0.190476
550,764,1.060829
551,725,1.800916
551,884,2.622222
551,885,3.515139
551,755,1.757395
551,787,2.504062
551,570,2.0876
551,886,3.578161
551,887,3.515139
551,728,1.928105
551,724,1.180272
551,729,1.233957
551,589,1.107539
551,883,1.634728
552,567,0.652222
552,1059,0.642857
552,662,0.272727
552,1060,2.458333
552,852,0.303571
553,868,1.967143
553,927,2.154762
553,848,1.256579
553,1061,0.82634
553,1006,1.265734
553,564,0.570469
553,708,1.320996
553,823,1.329821
553,867,1.690563
553,563,0.814556
554,859,0.633333
554,832,1.897024
554,686,0.128205
554,1062,0.538462
554,1008,0.208791
554,774,1.590241
554,591,0.153846
554,833,2.28
555,572,1.647816
556,572,2.43125
556,720,0.555556
556,719,0.708333
557,911,1.783333
557,902,1.038095
557,1053,3.014957
557,901,2.1875
558,740,1.45
559,1063,1
560,911,1.883333
560,901,2.403846
560,1053,2.377778
560,1064,2.791667
560,859,0.25
560,1065,2.4
561,587,1.71326
561,653,2.078788
561,659,1.384594
561,567,0.9029
561,768,2.210714
561,676,0.981061
561,577,0.606056
563,995,1.467483
563,868,1.404983
563,994,1.102463
563,761,0.514286
563,867,1.611002
563,823,1.241954
563,848,1.041626
563,577,0.066409
563,847,1.212644
563,708,0.964716
563,956,1.149462
563,807,1.796131
563,659,1.32641
563,1025,1.974781
564,815,0.255556
564,823,1.016667
564,1037,0.316667
565,566,3.208333
565,881,0.4
567,655,0.277778
567,597,0.416448
567,1060,2.152882
567,659,0.772917
567,953,0.538462
568,668,2.291667
570,594,0.255556
570,887,3.458235
570,884,3.008235
570,885,3.458235
570,787,2.875556
570,755,2.260859
570,886,3.945
570,725,2.346374
571,611,0.636639
571,959,1.329004
571,979,0.35
571,658,0.760544
572,709,1.822849
572,850,2.705314
577,1066,1.822843
577,1067,0.27027
577,610,0.166023
577,1068,1.822843
577,670,0.138138
577,655,0.165165
577,1069,2.430952
577,602,0.680256
577,603,0.984921
577,658,0.152027
577,1070,1
577,810,0.193694
577,865,0.513514
577,890,1.929128
577,714,0.238739
578,843,0.5
580,685,0.722222
581,756,0.372549
583,805,1.939286
583,779,1.703186
583,698,1.545368
584,662,1.751596
584,676,1.007407
584,705,1.637037
584,690,1.661728
584,982,0.164021
584,699,0.887037
585,882,0.555556
585,637,0.25
586,1030,0.625
586,1071,1
587,951,2.218569
587,653,1.518717
587,952,1.321647
587,769,1.928331
587,768,1.770139
587,655,1.749819
587,659,1.166397
587,950,2.390476
587,654,2.283333
587,818,1.270139
587,771,1.949032
587,1072,1.264401
587,953,0.20197
587,686,0.087028
588,661,0.393939
589,939,1.906481
589,742,1.692082
589,746,2.655067
589,944,2.113601
589,743,2.045767
589,960,2.474783
589,945,3.089167
589,747,1.622807
589,723,1.20877
589,590,1.312089
589,755,1.92191
589,729,1.157895
590,723,1.267284
590,944,2.022436
590,725,1.05213
590,743,1.984936
590,724,0.861551
590,742,1.790709
590,745,1.995249
591,1073,1
591,594,2.121658
591,649,1.089286
591,593,1.895495
591,894,0.151515
591,724,0.942761
592,1074,0.625
592,744,0.225
592,1075,1
592,694,1.260424
593,599,2.164141
593,647,1.647222
593,598,1.952953
593,600,2.557143
593,694,1.606593
594,724,2.139211
595,741,0.309524
595,785,0.274725
596,597,3.211957
597,707,1.327381
597,1031,0.284091
597,714,0.589418
597,924,0.522727
597,620,2.151923
597,1076,1
597,653,0.32544
597,1061,0.284091
597,622,1.332275
597,740,0.617989
597,952,0.176768
597,602,0.92504
598,785,2.217845
598,600,2.504464
598,779,1.686111
599,741,0.85
599,724,0.217687
599,964,1.044444
600,1045,0.583333
601,622,2.939394
601,621,2.883333
602,620,2.014854
602,854,0.204082
602,740,0.744939
602,629,0.339286
603,620,2.010909
605,871,1.483173
606,1040,3.458333
607,923,2.763889
607,633,2.313636
607,984,2.930556
608,871,1.166667
609,821,0.629167
609,1077,0.616071
609,966,2.475
609,611,1.646964
609,1078,2.225
610,1000,0.265306
610,613,1.103846
611,967,1.838889
611,1079,2.225
611,1080,1
611,984,0.311111
611,922,1.001337
611,1081,1
611,1082,1
611,1083,2.225
612,1018,0.5
613,853,1.6
613,699,1
616,1084,1
620,736,0.305556
621,622,3.236111
621,1012,2.694444
623,820,2.708333
624,676,0.266667
626,635,1.517857
628,682,2.35
628,639,1.108173
629,871,1.708333
632,729,0.773148
632,858,0.246914
633,984,2.428571
633,923,2.300505
633,871,1.418199
633,968,2.725
633,1077,0.25
635,736,0.333333
635,1013,0.6
637,676,0.25
640,642,2.696667
640,641,2.671627
640,645,3.166667
640,644,4.034632
641,642,2.744658
642,644,4.125
646,786,1.457143
646,782,1.142857
646,785,1.143142
647,791,2.885989
647,694,2.39812
648,659,0.132576
648,772,0.318182
648,782,0.272727
649,774,0.2
649,695,1.755556
649,697,1.085097
650,1085,0.666667
652,852,0.6875
653,659,1.488206
653,769,2.45
653,768,2.152232
653,655,2.163636
653,771,2.653621
655,768,2.499877
655,952,2.227778
656,824,0.325
656,978,0.988095
656,845,0.316667
656,660,0.980263
656,751,1.799679
657,934,2.106061
657,1086,2.467532
657,1087,2.225
657,986,2.142857
657,1088,2.225
658,852,0.944218
659,768,1.918519
659,771,2.238095
659,1059,0.541667
659,961,0.65528
659,663,1.234114
659,676,0.663369
660,753,1.504762
660,1083,0.318182
660,751,2.334936
660,703,0.257576
660,983,2.383333
661,714,0.257576
662,705,1.691181
662,690,1.633145
662,1089,0.545455
663,1090,1
664,989,0.6
667,879,2.361111
667,693,2.118137
670,835,0.231481
670,777,1.278409
670,1091,1
674,874,1.045673
674,1046,0.833333
674,693,1.983117
679,1092,1
686,1006,0.297619
686,703,0.222222
686,702,0.380952
686,691,0.174603
686,697,0.102757
686,1066,0.134199
686,1000,0.204082
687,883,0.269231
688,693,2.352273
690,974,0.416667
690,705,1.611458
690,852,0.229167
691,883,0.222222
692,1085,0.583333
693,1093,1
694,695,2.475
694,785,0.275641
696,774,0.207792
696,789,0.357143
697,789,1.341751
697,796,0.578947
697,800,2.55
698,1094,0.55
698,805,2.174107
698,986,1.210317
698,878,0.4
699,839,0.920833
700,839,1.028571
700,1095,0.571429
702,782,0.416667
703,774,0.227273
704,995,0.222222
704,1096,0.407407
705,993,0.625
705,846,1.722222
705,1097,2.074074
705,1042,2.139434
705,1037,1.386096
705,1038,2.702381
705,754,0.3
706,852,0.277778
706,1009,0.361111
706,824,0.333333
706,953,0.269841
708,815,0.900621
708,1037,1.355263
708,1034,1.59
708,1097,2.162338
708,848,1.330399
709,720,0.452381
709,850,2.772222
709,732,0.642857
709,731,0.642857
710,860,0.992857
710,1049,1.007143
710,899,0.333333
711,794,2.3
713,1098,1
713,987,0.5
714,949,0.333333
717,811,0.4
718,907,0.309091
722,736,2
723,944,2.126362
723,743,2.074597
723,939,1.68556
723,746,2.475877
723,985,3.311957
723,1099,2.186335
723,957,1.066207
723,940,1.309841
723,745,2.305973
723,945,2.660088
724,725,1.486653
724,728,1.592593
724,797,0.428571
724,786,0.396825
724,729,1.55909
725,728,1.959524
725,977,1.721818
725,884,2.746154
725,885,3.62803
725,755,2.090888
725,787,2.619545
725,886,3.685897
725,887,3.62803
727,730,1.933333
727,991,2.597222
727,1002,2.805556
727,975,0.272727
728,858,0.755952
729,755,2.117647
729,982,2.29541
729,944,1.307319
729,981,2.019841
729,980,2.029722
730,973,0.5625
730,1002,2.431818
730,991,2.291667
733,820,0.5
735,936,1.625
737,792,0.5625
741,964,1.111111
742,747,2.238562
742,944,2.455532
742,943,2.666667
742,745,2.625
743,745,3.078205
743,944,2.845238
743,744,2.493333
743,782,0.2125
743,747,2.443627
744,939,1.655093
744,747,2.219167
744,944,2.441777
744,745,2.725
745,944,3.055983
745,747,2.575
747,939,2.085417
747,1074,0.590909
749,871,1.025
752,753,2.253968
753,811,0.4
755,884,2.814545
755,885,3.713709
755,787,2.711449
755,886,3.78619
755,887,3.713709
755,774,0.113636
756,1044,1.765038
756,1026,2.680556
756,807,2.090986
756,1100,1
756,1019,2.544444
756,1024,2.680556
756,847,1.571645
756,1025,2.245238
760,934,1.340909
760,929,1.766667
763,1047,2.75
764,794,0.872076
764,821,1.584804
764,1101,1
764,1052,2.246212
765,773,0.583333
767,1102,1
768,769,2.59375
768,952,2.259259
769,818,2.781746
769,974,0.5
769,1072,2.028571
770,1103,1
770,952,0.388889
771,818,2.048352
772,975,0.318182
773,895,0.318182
774,832,1.631513
774,883,0.489729
774,808,1.632853
774,833,2.0625
779,785,2.1125
782,785,0.811905
783,889,2.26727
783,935,1.716667
783,884,0.181818
783,894,0.280992
783,890,1.477632
787,884,3.3
787,885,3.816667
787,886,4.180952
787,887,3.816667
792,1066,2.147619
792,1068,2.183333
792,1004,2.429167
792,1104,2.764103
792,1077,2.420635
793,808,0.433333
794,1065,0.314286
794,902,0.357143
798,925,1
801,1105,1
806,849,0.75
807,1096,0.4
807,847,1.969608
807,1033,2.797619
807,1022,0.48
808,832,2.0725
808,833,2.544615
810,1036,2.638889
810,956,2.153846
811,845,0.366667
813,824,0.75
815,848,0.985119
815,846,0.3
815,822,0.722222
817,989,1.458333
818,952,1.598214
818,1057,0.416667
818,951,2.848485
819,852,0.625
821,1052,2.566667
823,1035,0.454545
823,869,1.871605
823,867,1.82458
823,1106,1
827,1061,0.625
830,975,0.318182
832,833,2.457143
832,907,1.157619
833,1107,1
835,1108,1
835,858,0.470455
835,1009,0.354167
835,1109,1
835,1110,1
836,837,2.535714
836,879,2.5
839,979,1.108173
846,1097,2.266667
846,1042,2.306548
846,1034,2.271709
846,1038,3.254545
847,1044,1.72549
847,1097,0.230769
847,1033,2.683333
848,1034,1.766082
848,1042,2.362839
848,1036,1.392157
848,1097,1.869006
852,928,0.4375
853,868,0.458333
854,1111,2.031818
854,870,0.464286
854,922,0.314286
854,867,1.995833
854,868,2.170513
858,1112,0.611111
859,962,1.995671
859,1004,2.117647
859,906,1.603175
860,1049,1.555556
860,988,1.925
860,987,1.577778
864,975,0.424242
864,1112,0.833333
867,868,2.011282
867,1111,2.111607
867,869,2.001096
868,1111,2.291667
869,1034,0.605556
869,870,1.487179
869,1113,1
869,1037,0.8825
873,1114,1
877,1094,0.625
883,1115,1
884,885,3.814286
884,886,4.269231
884,887,3.814286
885,886,4.619231
885,887,4.773427
886,887,4.619231
888,895,3.333333
888,935,3.3
888,890,2.766667
889,1116,1
889,977,0.484848
890,906,0.234568
890,895,2.291667
893,980,2.684615
893,1010,0.407407
893,982,2.534615
893,894,2.31746
893,975,2.285714
893,919,3.1
893,981,2.653409
894,980,2.561905
894,975,2.135488
894,982,2.441667
894,919,3.566667
895,935,2.939153
895,923,0.272727
897,1117,1
898,899,2.166667
899,1057,0.5
901,1065,2.376263
901,911,2.15
903,1050,2.542857
903,907,1.367063
906,1003,2.805303
906,1004,2.008333
906,1066,2.384804
906,1068,2.384804
906,910,0.555556
907,991,1.3
907,1002,1.391667
909,1068,2.688645
909,1066,2.65293
909,1004,2.811508
909,1104,3.161616
909,1077,2.791667
911,1065,2.428571
911,1064,2.6
911,1053,3.244444
918,1118,1
919,980,3.404545
919,982,3.183333
920,1089,0.666667
921,1001,2.5
922,1022,0.36
923,984,2.916667
927,1061,2.166667
929,1119,1
930,1010,0.555556
930,1120,1
931,962,2.208333
931,1004,1.316667
934,986,2.638889
934,1086,2.952381
939,940,2.272222
939,945,3.333333
940,941,1.625
941,957,0.826923
949,951,1.45
953,961,1.257576
956,1036,2.550505
956,994,2.080519
956,995,1.878526
957,1062,0.555556
957,1099,2.475
957,985,3.485714
959,1121,1
967,1083,2.952381
967,1079,2.952381
975,980,2.307143
975,982,2.207143
978,1122,0.6
979,1067,0.5
980,1123,1
980,982,2.611111
986,1086,2.785714
987,1049,1.577778
988,1049,1.925
989,1008,1.132576
991,1002,2.319444
994,1042,1.002381
994,1111,0.307692
994,995,1.706667
994,1025,2.538102
996,1122,0.75
997,1124,1
1000,1048,2.291667
1000,1125,1
1003,1066,2.998168
1003,1004,3.583333
1003,1068,2.998168
1003,1104,3.317172
1004,1066,2.21369
1004,1068,2.21369
1004,1104,2.494872
1004,1069,3.209936
1008,1126,1
1016,1067,2.333333
1016,1018,2.9
1018,1067,1.809524
1022,1127,1
1023,1096,0.555556
1025,1044,3.097222
1031,1068,1.204762
1031,1077,1.424242
1034,1042,2.317949
1034,1038,2.913309
1034,1097,2.107143
1034,1037,1.424107
1038,1042,3.045833
1038,1097,2.99697
1042,1097,2.433333
1044,1111,0.4
1052,1128,1
1065,1104,0.3
1066,1069,3.571429
1066,1068,2.886752
1066,1104,2.628205
1066,1077,1.9625
1068,1104,2.628205
1068,1069,3.571429
1068,1077,1.707143
1069,1104,3.533333
1072,1129,1
1077,1078,2.253968
1079,1083,3.083333
1079,1130,1
1086,1131,1
1087,1088,3.333333
1095,1132,1
1097,1111,0.296296
