Source,Target,Type,Id,Label,timeset,Weight,ewe,filter
0,1,Directed,28112,,,1,2.067935,0
0,24,Directed,28113,,,1,1.698264,0
0,26,Directed,28114,,,1,2.052184,0
0,106,Directed,28115,,,1,2.218695,0
0,14,Directed,28116,,,1,1.853473,0
0,74,Directed,28117,,,1,2.035677,0
0,20,Directed,28118,,,1,1.964793,0
0,186,Directed,28119,,,1,2.018456,0
0,151,Directed,28120,,,1,2.656881,0
0,189,Directed,28121,,,1,2.165582,0
0,108,Directed,28122,,,1,2.190705,0
0,18,Directed,28123,,,1,2.51971,0
0,21,Directed,28124,,,1,1.815551,0
0,69,Directed,28125,,,1,1.683987,0
0,6,Directed,28126,,,1,1.659129,0
0,129,Directed,28127,,,1,2.65,0
0,183,Directed,28128,,,1,2.083333,0
0,25,Directed,28129,,,1,2.189239,0
0,160,Directed,28130,,,1,2.125999,0
0,227,Directed,28131,,,1,1.887865,0
0,70,Directed,28132,,,1,1.708643,0
0,19,Directed,28133,,,1,1.731643,0
0,7,Directed,28134,,,1,1.827614,0
0,2,Directed,28135,,,1,1.745527,0
0,114,Directed,28136,,,1,2.162585,0
0,206,Directed,28137,,,1,1.654167,0
0,49,Directed,28138,,,1,1.727597,0
0,13,Directed,28139,,,1,1.816764,0
0,59,Directed,28140,,,1,1.657016,0
0,223,Directed,28141,,,1,1.815799,0
0,29,Directed,28142,,,1,1.590683,0
0,94,Directed,28143,,,1,2.22974,0
0,120,Directed,28144,,,1,1.666555,0
0,125,Directed,28145,,,1,1.672072,0
0,54,Directed,28146,,,1,1.949345,0
0,112,Directed,28147,,,1,2.430213,0
1,69,Directed,28148,,,1,1.658357,0
1,13,Directed,28149,,,1,1.778253,0
1,89,Directed,28150,,,1,2.792961,0
1,21,Directed,28151,,,1,1.983619,0
1,120,Directed,28152,,,1,1.781404,0
1,104,Directed,28153,,,1,2.311673,0
1,181,Directed,28154,,,1,2.962951,0
1,23,Directed,28155,,,1,2.169044,0
1,67,Directed,28156,,,1,2.593322,0
1,208,Directed,28157,,,1,1.682659,0
1,96,Directed,28158,,,1,2.495974,0
1,9,Directed,28159,,,1,2.08518,0
1,62,Directed,28160,,,1,1.90833,0
1,61,Directed,28161,,,1,2.32286,0
1,59,Directed,28162,,,1,1.821067,0
1,130,Directed,28163,,,1,2.7364,0
1,145,Directed,28164,,,1,2.65574,0
1,107,Directed,28165,,,1,2.035145,0
1,235,Directed,28166,,,1,2.227787,0
1,153,Directed,28167,,,1,2.306278,0
1,26,Directed,28168,,,1,2.157215,0
1,3,Directed,28169,,,1,2.091524,0
1,54,Directed,28170,,,1,1.984738,0
1,32,Directed,28171,,,1,2.16347,0
1,70,Directed,28172,,,1,1.898081,0
1,90,Directed,28173,,,1,2.478084,0
1,253,Directed,28174,,,1,3.428256,0
1,14,Directed,28175,,,1,1.955627,0
1,27,Directed,28176,,,1,1.995784,0
1,29,Directed,28177,,,1,1.778335,0
1,43,Directed,28178,,,1,2.14643,0
1,51,Directed,28179,,,1,2.210359,0
1,106,Directed,28180,,,1,2.216266,0
1,161,Directed,28181,,,1,2.696324,0
1,35,Directed,28182,,,1,1.911179,0
1,19,Directed,28183,,,1,1.913201,0
1,55,Directed,28184,,,1,2.139778,0
1,217,Directed,28185,,,1,2.494838,0
1,189,Directed,28186,,,1,2.332092,0
1,2,Directed,28187,,,1,1.905473,0
1,184,Directed,28188,,,1,2.330396,0
1,6,Directed,28189,,,1,1.874163,0
2,3,Directed,28190,,,1,1.75693,0
2,29,Directed,28191,,,1,1.568045,0
2,96,Directed,28192,,,1,2.180474,0
2,51,Directed,28193,,,1,1.837935,0
2,54,Directed,28194,,,1,1.858683,0
2,207,Directed,28195,,,1,1.080233,0
2,112,Directed,28196,,,1,2.045974,0
2,94,Directed,28197,,,1,2.106406,0
2,68,Directed,28198,,,1,2.237054,0
2,18,Directed,28199,,,1,2.19083,0
2,146,Directed,28200,,,1,2.170484,0
2,55,Directed,28201,,,1,1.881846,0
2,114,Directed,28202,,,1,1.977105,0
2,106,Directed,28203,,,1,2.085656,0
2,31,Directed,28204,,,1,2.164892,0
2,90,Directed,28205,,,1,2.144399,0
2,50,Directed,28206,,,1,1.615631,0
2,235,Directed,28207,,,1,2.155273,0
2,19,Directed,28208,,,1,1.752519,0
2,35,Directed,28209,,,1,1.594852,0
2,27,Directed,28210,,,1,1.785125,0
2,20,Directed,28211,,,1,1.865103,0
2,145,Directed,28212,,,1,2.34506,0
2,138,Directed,28213,,,1,1.827449,0
2,137,Directed,28214,,,1,1.98396,0
2,74,Directed,28215,,,1,1.886671,0
2,188,Directed,28216,,,1,1.69026,0
2,107,Directed,28217,,,1,1.807546,0
2,115,Directed,28218,,,1,1.77949,0
2,120,Directed,28219,,,1,1.585249,0
2,181,Directed,28220,,,1,2.909226,0
2,189,Directed,28221,,,1,1.981752,0
2,7,Directed,28222,,,1,1.785023,0
2,13,Directed,28223,,,1,1.475617,0
2,14,Directed,28224,,,1,1.710654,0
2,15,Directed,28225,,,1,1.860625,0
2,153,Directed,28226,,,1,2.132677,0
2,21,Directed,28227,,,1,1.748259,0
2,32,Directed,28228,,,1,1.877165,0
2,61,Directed,28229,,,1,2.136452,0
2,121,Directed,28230,,,1,2.12111,0
2,135,Directed,28231,,,1,2.079073,0
2,58,Directed,28232,,,1,2.486584,0
2,246,Directed,28233,,,1,2.691687,0
2,43,Directed,28234,,,1,1.857595,0
2,6,Directed,28235,,,1,1.657662,0
2,26,Directed,28236,,,1,1.923859,0
2,70,Directed,28237,,,1,1.716884,0
2,104,Directed,28238,,,1,1.97602,0
2,62,Directed,28239,,,1,1.642546,0
2,8,Directed,28240,,,1,2.151221,0
2,184,Directed,28241,,,1,2.028874,0
2,151,Directed,28242,,,1,2.422266,0
2,49,Directed,28243,,,1,1.690997,0
2,179,Directed,28244,,,1,2.258616,0
2,9,Directed,28245,,,1,1.757049,0
2,136,Directed,28246,,,1,2.875233,0
2,109,Directed,28247,,,1,2.295393,0
2,59,Directed,28248,,,1,1.71105,0
2,196,Directed,28249,,,1,1.884079,0
3,42,Directed,28250,,,1,2.029345,0
3,109,Directed,28251,,,1,2.66651,0
3,122,Directed,28252,,,1,1.397689,0
3,144,Directed,28253,,,1,1.961111,0
3,43,Directed,28254,,,1,2.015055,0
3,138,Directed,28255,,,1,1.883014,0
3,54,Directed,28256,,,1,1.963761,0
3,6,Directed,28257,,,1,1.732566,0
3,233,Directed,28258,,,1,2.324048,0
3,13,Directed,28259,,,1,1.735042,0
3,55,Directed,28260,,,1,2.06627,0
3,32,Directed,28261,,,1,1.973947,0
3,51,Directed,28262,,,1,2.055003,0
3,251,Directed,28263,,,1,2.994048,0
3,50,Directed,28264,,,1,1.703714,0
3,49,Directed,28265,,,1,1.796335,0
3,56,Directed,28266,,,1,2.04071,0
3,96,Directed,28267,,,1,2.349967,0
3,21,Directed,28268,,,1,1.928786,0
3,106,Directed,28269,,,1,2.16822,0
3,253,Directed,28270,,,1,2.923679,0
3,305,Directed,28271,,,1,0.384058,1
3,39,Directed,28272,,,1,0.36087,1
3,62,Directed,28273,,,1,1.756384,0
3,189,Directed,28274,,,1,2.168523,0
3,107,Directed,28275,,,1,1.949798,0
3,152,Directed,28276,,,1,2.27343,0
3,187,Directed,28277,,,1,1.004278,0
3,22,Directed,28278,,,1,2.154316,0
3,7,Directed,28279,,,1,1.961669,0
3,9,Directed,28280,,,1,1.959259,0
3,104,Directed,28281,,,1,2.275788,0
3,120,Directed,28282,,,1,1.742451,0
3,14,Directed,28283,,,1,1.895193,0
3,35,Directed,28284,,,1,1.632971,0
3,121,Directed,28285,,,1,2.294224,0
3,115,Directed,28286,,,1,2.15038,0
3,180,Directed,28287,,,1,2.909949,0
3,59,Directed,28288,,,1,1.717932,0
3,29,Directed,28289,,,1,1.673883,0
3,184,Directed,28290,,,1,2.16027,0
3,19,Directed,28291,,,1,1.927614,0
3,27,Directed,28292,,,1,1.906146,0
3,15,Directed,28293,,,1,2.026304,0
4,5,Directed,28294,,,1,3.730769,0
4,100,Directed,28295,,,1,3.852814,0
4,30,Directed,28296,,,1,2.835877,0
4,133,Directed,28297,,,1,3.411566,0
4,134,Directed,28298,,,1,3.775253,0
4,177,Directed,28299,,,1,3.870989,0
4,47,Directed,28300,,,1,3.299201,0
4,162,Directed,28301,,,1,4.225275,0
4,166,Directed,28302,,,1,3.871212,0
4,230,Directed,28303,,,1,3.651099,0
4,37,Directed,28304,,,1,3.737179,0
4,124,Directed,28305,,,1,3.461051,0
4,219,Directed,28306,,,1,3.752564,0
4,53,Directed,28307,,,1,2.967351,0
4,80,Directed,28308,,,1,3.887973,0
5,30,Directed,28309,,,1,1.810012,0
5,125,Directed,28310,,,1,2.143325,0
5,162,Directed,28311,,,1,3.587928,0
5,21,Directed,28312,,,1,1.396082,0
5,126,Directed,28313,,,1,1.6237,0
5,37,Directed,28314,,,1,3.645378,0
5,124,Directed,28315,,,1,2.529194,0
5,12,Directed,28316,,,1,2.278409,0
5,47,Directed,28317,,,1,2.350504,0
5,142,Directed,28318,,,1,1.409249,0
5,187,Directed,28319,,,1,2.291866,0
5,219,Directed,28320,,,1,2.764414,0
5,40,Directed,28321,,,1,2.11859,0
5,123,Directed,28322,,,1,2.149687,0
5,134,Directed,28323,,,1,2.869521,0
5,10,Directed,28324,,,1,1.395513,0
5,177,Directed,28325,,,1,2.110996,0
5,36,Directed,28326,,,1,3.706349,0
5,100,Directed,28327,,,1,2.463099,0
5,133,Directed,28328,,,1,2.280303,0
5,53,Directed,28329,,,1,2.200386,0
5,80,Directed,28330,,,1,2.170544,0
5,230,Directed,28331,,,1,2.6625,0
5,173,Directed,28332,,,1,3.08747,0
5,166,Directed,28333,,,1,3.682792,0
5,337,Directed,28334,,,1,0.518519,1
6,7,Directed,28335,,,1,1.703329,0
6,74,Directed,28336,,,1,1.722776,0
6,16,Directed,28337,,,1,1.6461,0
6,14,Directed,28338,,,1,1.72415,0
6,43,Directed,28339,,,1,1.708655,0
6,152,Directed,28340,,,1,1.867352,0
6,62,Directed,28341,,,1,1.610818,0
6,55,Directed,28342,,,1,2.061571,0
6,115,Directed,28343,,,1,1.82319,0
6,160,Directed,28344,,,1,1.776413,0
6,109,Directed,28345,,,1,2.256377,0
6,107,Directed,28346,,,1,1.763736,0
6,25,Directed,28347,,,1,1.817104,0
6,250,Directed,28348,,,1,3.561001,0
6,130,Directed,28349,,,1,2.117798,0
6,70,Directed,28350,,,1,1.611134,0
6,42,Directed,28351,,,1,1.781009,0
6,28,Directed,28352,,,1,1.738956,0
6,15,Directed,28353,,,1,1.736858,0
6,106,Directed,28354,,,1,1.943757,0
6,50,Directed,28355,,,1,1.497557,0
6,120,Directed,28356,,,1,1.5011,0
6,184,Directed,28357,,,1,1.882055,0
6,67,Directed,28358,,,1,2.420296,0
6,90,Directed,28359,,,1,2.112745,0
6,143,Directed,28360,,,1,1.97809,0
6,18,Directed,28361,,,1,2.229919,0
6,29,Directed,28362,,,1,1.480927,0
6,164,Directed,28363,,,1,1.659006,0
6,19,Directed,28364,,,1,1.779074,0
6,94,Directed,28365,,,1,1.951584,0
6,217,Directed,28366,,,1,1.762726,0
6,21,Directed,28367,,,1,1.542181,0
6,32,Directed,28368,,,1,1.808691,0
6,59,Directed,28369,,,1,1.654116,0
6,135,Directed,28370,,,1,1.98952,0
6,54,Directed,28371,,,1,1.785899,0
6,23,Directed,28372,,,1,1.842068,0
6,8,Directed,28373,,,1,1.881212,0
6,275,Directed,28374,,,1,3.431489,0
6,56,Directed,28375,,,1,1.762999,0
6,27,Directed,28376,,,1,1.785586,0
6,22,Directed,28377,,,1,2.096611,0
6,151,Directed,28378,,,1,2.406144,0
6,61,Directed,28379,,,1,2.093946,0
6,93,Directed,28380,,,1,1.927463,0
6,104,Directed,28381,,,1,1.905601,0
6,9,Directed,28382,,,1,1.684055,0
6,114,Directed,28383,,,1,1.891733,0
6,49,Directed,28384,,,1,1.597704,0
6,121,Directed,28385,,,1,2.214231,0
6,129,Directed,28386,,,1,2.505393,0
6,60,Directed,28387,,,1,1.854238,0
6,20,Directed,28388,,,1,1.74361,0
6,51,Directed,28389,,,1,1.786114,0
6,205,Directed,28390,,,1,3.345951,0
6,206,Directed,28391,,,1,1.382133,0
6,119,Directed,28392,,,1,3.367793,0
6,265,Directed,28393,,,1,1.565406,0
6,105,Directed,28394,,,1,1.680372,0
6,52,Directed,28395,,,1,1.314583,0
6,223,Directed,28396,,,1,1.798392,0
6,153,Directed,28397,,,1,2.039499,0
6,92,Directed,28398,,,1,2.177624,0
6,167,Directed,28399,,,1,2.037801,0
6,163,Directed,28400,,,1,2.029421,0
6,35,Directed,28401,,,1,1.706866,0
6,57,Directed,28402,,,1,2.565083,0
7,23,Directed,28403,,,1,1.922135,0
7,160,Directed,28404,,,1,2.066338,0
7,87,Directed,28405,,,1,1.779848,0
7,177,Directed,28406,,,1,0.886654,0
7,61,Directed,28407,,,1,2.16907,0
7,98,Directed,28408,,,1,1.800666,0
7,167,Directed,28409,,,1,2.383765,0
7,29,Directed,28410,,,1,1.589576,0
7,70,Directed,28411,,,1,1.704098,0
7,154,Directed,28412,,,1,1.768154,0
7,88,Directed,28413,,,1,1.841677,0
7,28,Directed,28414,,,1,1.912529,0
7,32,Directed,28415,,,1,2.034226,0
7,43,Directed,28416,,,1,1.920675,0
7,135,Directed,28417,,,1,2.174644,0
7,9,Directed,28418,,,1,1.818692,0
7,21,Directed,28419,,,1,1.749386,0
7,20,Directed,28420,,,1,2.00517,0
7,114,Directed,28421,,,1,2.027823,0
7,107,Directed,28422,,,1,1.850264,0
7,104,Directed,28423,,,1,2.10175,0
7,186,Directed,28424,,,1,2.058532,0
7,183,Directed,28425,,,1,2.281667,0
7,91,Directed,28426,,,1,2.008214,0
7,138,Directed,28427,,,1,1.797245,0
7,55,Directed,28428,,,1,2.010178,0
7,94,Directed,28429,,,1,2.126297,0
7,19,Directed,28430,,,1,1.758747,0
7,203,Directed,28431,,,1,2.241008,0
7,63,Directed,28432,,,1,2.48144,0
7,35,Directed,28433,,,1,1.650359,0
7,59,Directed,28434,,,1,1.693322,0
7,27,Directed,28435,,,1,1.878169,0
7,164,Directed,28436,,,1,1.827972,0
7,54,Directed,28437,,,1,1.851087,0
7,60,Directed,28438,,,1,1.98049,0
7,89,Directed,28439,,,1,2.706556,0
7,184,Directed,28440,,,1,2.100537,0
7,15,Directed,28441,,,1,1.934319,0
7,136,Directed,28442,,,1,3.207071,0
7,62,Directed,28443,,,1,1.687176,0
7,14,Directed,28444,,,1,1.778271,0
7,22,Directed,28445,,,1,2.150032,0
7,139,Directed,28446,,,1,1.375418,0
7,194,Directed,28447,,,1,2.471983,0
7,24,Directed,28448,,,1,1.322692,0
7,129,Directed,28449,,,1,2.24504,0
7,144,Directed,28450,,,1,2.072121,0
7,137,Directed,28451,,,1,1.769715,0
7,49,Directed,28452,,,1,1.684303,0
8,9,Directed,28453,,,1,2.142872,0
8,32,Directed,28454,,,1,2.063795,0
8,143,Directed,28455,,,1,2.912273,0
8,90,Directed,28456,,,1,2.756614,0
8,119,Directed,28457,,,1,3.421717,0
8,120,Directed,28458,,,1,1.923768,0
8,27,Directed,28459,,,1,2.449548,0
8,50,Directed,28460,,,1,1.903018,0
8,19,Directed,28461,,,1,2.170223,0
8,265,Directed,28462,,,1,2.742424,0
8,43,Directed,28463,,,1,2.161486,0
8,332,Directed,28464,,,1,0.533333,1
8,394,Directed,28465,,,1,0.377778,1
9,90,Directed,28466,,,1,2.211628,0
9,108,Directed,28467,,,1,2.043404,0
9,14,Directed,28468,,,1,1.756711,0
9,107,Directed,28469,,,1,1.832785,0
9,29,Directed,28470,,,1,1.568465,0
9,51,Directed,28471,,,1,1.958402,0
9,185,Directed,28472,,,1,1.885145,0
9,203,Directed,28473,,,1,2.053535,0
9,19,Directed,28474,,,1,1.834331,0
9,18,Directed,28475,,,1,2.472727,0
9,38,Directed,28476,,,1,1.917002,0
9,70,Directed,28477,,,1,1.755789,0
9,89,Directed,28478,,,1,2.649854,0
9,59,Directed,28479,,,1,1.696995,0
9,160,Directed,28480,,,1,2.041667,0
9,21,Directed,28481,,,1,1.69621,0
9,35,Directed,28482,,,1,1.60923,0
9,106,Directed,28483,,,1,2.069476,0
9,91,Directed,28484,,,1,1.956169,0
9,151,Directed,28485,,,1,2.483964,0
9,143,Directed,28486,,,1,1.979707,0
9,23,Directed,28487,,,1,1.832186,0
9,20,Directed,28488,,,1,1.976153,0
9,135,Directed,28489,,,1,2.136682,0
9,54,Directed,28490,,,1,1.907095,0
9,50,Directed,28491,,,1,1.613148,0
9,188,Directed,28492,,,1,1.811273,0
9,136,Directed,28493,,,1,2.963545,0
9,43,Directed,28494,,,1,1.973553,0
9,114,Directed,28495,,,1,2.055464,0
9,32,Directed,28496,,,1,1.917602,0
9,121,Directed,28497,,,1,2.225777,0
9,266,Directed,28498,,,1,1.696186,0
9,184,Directed,28499,,,1,2.014887,0
9,250,Directed,28500,,,1,3.645245,0
9,109,Directed,28501,,,1,2.222411,0
9,163,Directed,28502,,,1,2.197586,0
9,74,Directed,28503,,,1,2.074954,0
9,63,Directed,28504,,,1,2.334999,0
9,120,Directed,28505,,,1,1.611894,0
9,11,Directed,28506,,,1,1.267475,0
9,49,Directed,28507,,,1,1.677378,0
9,62,Directed,28508,,,1,1.740056,0
9,265,Directed,28509,,,1,1.705867,0
9,183,Directed,28510,,,1,2.071771,0
9,152,Directed,28511,,,1,2.021107,0
9,94,Directed,28512,,,1,2.174997,0
9,31,Directed,28513,,,1,2.139394,0
9,25,Directed,28514,,,1,2.088376,0
9,105,Directed,28515,,,1,1.685782,0
10,11,Directed,28516,,,1,0.948628,0
10,52,Directed,28517,,,1,1.751906,0
10,123,Directed,28518,,,1,1.434343,0
10,29,Directed,28519,,,1,1.04237,0
10,12,Directed,28520,,,1,1.383523,0
10,46,Directed,28521,,,1,1.97397,0
10,69,Directed,28522,,,1,1.727706,0
10,120,Directed,28523,,,1,1.172382,0
10,186,Directed,28524,,,1,2.335945,0
10,30,Directed,28525,,,1,1.274206,0
10,26,Directed,28526,,,1,1.563057,0
10,300,Directed,28527,,,1,2.52549,0
10,13,Directed,28528,,,1,1.713578,0
10,62,Directed,28529,,,1,1.397918,0
10,363,Directed,28530,,,1,0.375,1
11,154,Directed,28531,,,1,1.206207,0
11,105,Directed,28532,,,1,1.52575,0
11,15,Directed,28533,,,1,1.233882,0
11,126,Directed,28534,,,1,1.901357,0
11,237,Directed,28535,,,1,1.101732,0
11,50,Directed,28536,,,1,0.899111,0
11,21,Directed,28537,,,1,1.162371,0
11,218,Directed,28538,,,1,2.063313,0
11,73,Directed,28539,,,1,2.05697,0
11,102,Directed,28540,,,1,2.066231,0
11,256,Directed,28541,,,1,2.088453,0
11,160,Directed,28542,,,1,1.805156,0
11,164,Directed,28543,,,1,1.403996,0
11,12,Directed,28544,,,1,0.497194,1
11,49,Directed,28545,,,1,1.393534,0
11,29,Directed,28546,,,1,0.990411,0
11,176,Directed,28547,,,1,2.229982,0
11,101,Directed,28548,,,1,2.907692,0
11,88,Directed,28549,,,1,1.042583,0
11,298,Directed,28550,,,1,0.356322,1
11,142,Directed,28551,,,1,1.753472,0
11,28,Directed,28552,,,1,1.109944,0
11,208,Directed,28553,,,1,1.243525,0
11,146,Directed,28554,,,1,2.22488,0
11,20,Directed,28555,,,1,1.537754,0
11,163,Directed,28556,,,1,1.728605,0
11,38,Directed,28557,,,1,1.524495,0
12,13,Directed,28558,,,1,1.355169,0
12,187,Directed,28559,,,1,2.505833,0
12,207,Directed,28560,,,1,1.201358,0
12,124,Directed,28561,,,1,2.655808,0
12,162,Directed,28562,,,1,2.735971,0
12,80,Directed,28563,,,1,2.509305,0
12,30,Directed,28564,,,1,2.154909,0
12,37,Directed,28565,,,1,2.891667,0
12,177,Directed,28566,,,1,2.451724,0
12,166,Directed,28567,,,1,3.129906,0
12,53,Directed,28568,,,1,2.328577,0
12,173,Directed,28569,,,1,3.110269,0
12,219,Directed,28570,,,1,2.860897,0
12,133,Directed,28571,,,1,2.528006,0
12,36,Directed,28572,,,1,3.205128,0
12,230,Directed,28573,,,1,2.891366,0
12,100,Directed,28574,,,1,2.748168,0
12,62,Directed,28575,,,1,1.222823,0
13,53,Directed,28576,,,1,1.637359,0
13,177,Directed,28577,,,1,1.64418,0
13,139,Directed,28578,,,1,1.506032,0
13,169,Directed,28579,,,1,2.055952,0
13,164,Directed,28580,,,1,1.771569,0
13,49,Directed,28581,,,1,1.505301,0
13,105,Directed,28582,,,1,1.51355,0
13,231,Directed,28583,,,1,2.065298,0
13,208,Directed,28584,,,1,1.643897,0
13,144,Directed,28585,,,1,1.96912,0
13,96,Directed,28586,,,1,2.298016,0
13,21,Directed,28587,,,1,1.550216,0
13,154,Directed,28588,,,1,1.531554,0
13,240,Directed,28589,,,1,0.93728,0
13,30,Directed,28590,,,1,1.264209,0
13,114,Directed,28591,,,1,1.709217,0
13,90,Directed,28592,,,1,2.385971,0
13,59,Directed,28593,,,1,1.36385,0
13,62,Directed,28594,,,1,1.386427,0
13,135,Directed,28595,,,1,2.095558,0
13,88,Directed,28596,,,1,1.785797,0
13,160,Directed,28597,,,1,1.89375,0
13,207,Directed,28598,,,1,1.379849,0
13,15,Directed,28599,,,1,1.604842,0
13,138,Directed,28600,,,1,1.781355,0
13,38,Directed,28601,,,1,1.634714,0
13,29,Directed,28602,,,1,1.348051,0
13,133,Directed,28603,,,1,1.630125,0
13,27,Directed,28604,,,1,1.783757,0
13,80,Directed,28605,,,1,1.625758,0
13,35,Directed,28606,,,1,1.374981,0
13,189,Directed,28607,,,1,1.973209,0
14,15,Directed,28608,,,1,1.902047,0
14,91,Directed,28609,,,1,1.940056,0
14,105,Directed,28610,,,1,1.702115,0
14,19,Directed,28611,,,1,1.823213,0
14,112,Directed,28612,,,1,1.904538,0
14,200,Directed,28613,,,1,2.253008,0
14,27,Directed,28614,,,1,1.906695,0
14,163,Directed,28615,,,1,2.213106,0
14,35,Directed,28616,,,1,1.682396,0
14,104,Directed,28617,,,1,2.067947,0
14,63,Directed,28618,,,1,2.66389,0
14,255,Directed,28619,,,1,2.771261,0
14,184,Directed,28620,,,1,2.008539,0
14,50,Directed,28621,,,1,1.615247,0
14,135,Directed,28622,,,1,2.156381,0
14,61,Directed,28623,,,1,2.200959,0
14,257,Directed,28624,,,1,1.628735,0
14,54,Directed,28625,,,1,1.858424,0
14,129,Directed,28626,,,1,2.458637,0
14,28,Directed,28627,,,1,1.848253,0
14,17,Directed,28628,,,1,1.87385,0
14,20,Directed,28629,,,1,1.918644,0
14,120,Directed,28630,,,1,1.607137,0
14,42,Directed,28631,,,1,2.134534,0
14,130,Directed,28632,,,1,2.3649,0
14,145,Directed,28633,,,1,2.544547,0
14,29,Directed,28634,,,1,1.607865,0
14,59,Directed,28635,,,1,1.781951,0
14,16,Directed,28636,,,1,1.78284,0
14,93,Directed,28637,,,1,2.172561,0
14,90,Directed,28638,,,1,2.265039,0
14,49,Directed,28639,,,1,1.737825,0
14,23,Directed,28640,,,1,1.877475,0
14,151,Directed,28641,,,1,2.72465,0
14,56,Directed,28642,,,1,1.941692,0
14,167,Directed,28643,,,1,2.302273,0
14,154,Directed,28644,,,1,1.734991,0
14,250,Directed,28645,,,1,3.188892,0
14,55,Directed,28646,,,1,2.010294,0
14,62,Directed,28647,,,1,1.634616,0
14,88,Directed,28648,,,1,1.812527,0
14,136,Directed,28649,,,1,3.508114,0
14,21,Directed,28650,,,1,1.784103,0
14,137,Directed,28651,,,1,1.645268,0
14,67,Directed,28652,,,1,2.544372,0
14,60,Directed,28653,,,1,2.000795,0
14,43,Directed,28654,,,1,1.782504,0
14,153,Directed,28655,,,1,2.168882,0
14,96,Directed,28656,,,1,2.234895,0
14,106,Directed,28657,,,1,2.05305,0
14,74,Directed,28658,,,1,1.801675,0
14,70,Directed,28659,,,1,1.65816,0
14,115,Directed,28660,,,1,1.878641,0
14,181,Directed,28661,,,1,2.992952,0
14,121,Directed,28662,,,1,2.164983,0
14,92,Directed,28663,,,1,2.367612,0
14,32,Directed,28664,,,1,1.919045,0
14,330,Directed,28665,,,1,0.394872,1
15,107,Directed,28666,,,1,1.963595,0
15,112,Directed,28667,,,1,2.059785,0
15,129,Directed,28668,,,1,2.489983,0
15,153,Directed,28669,,,1,2.448744,0
15,55,Directed,28670,,,1,2.038237,0
15,164,Directed,28671,,,1,1.876316,0
15,99,Directed,28672,,,1,0.860129,0
15,120,Directed,28673,,,1,1.708985,0
15,50,Directed,28674,,,1,1.661411,0
15,59,Directed,28675,,,1,1.709004,0
15,105,Directed,28676,,,1,1.751382,0
15,20,Directed,28677,,,1,2.072274,0
15,98,Directed,28678,,,1,1.904191,0
15,35,Directed,28679,,,1,1.717215,0
15,217,Directed,28680,,,1,1.99703,0
15,70,Directed,28681,,,1,1.834517,0
15,62,Directed,28682,,,1,1.696942,0
15,154,Directed,28683,,,1,1.809363,0
15,30,Directed,28684,,,1,0.63138,1
15,114,Directed,28685,,,1,2.177448,0
15,251,Directed,28686,,,1,3.04047,0
15,54,Directed,28687,,,1,1.923035,0
15,307,Directed,28688,,,1,2.277778,0
15,176,Directed,28689,,,1,2.009129,0
15,74,Directed,28690,,,1,2.062834,0
15,32,Directed,28691,,,1,2.207059,0
15,38,Directed,28692,,,1,1.843905,0
15,51,Directed,28693,,,1,2.130759,0
15,104,Directed,28694,,,1,2.100649,0
15,180,Directed,28695,,,1,3.400332,0
15,19,Directed,28696,,,1,1.778931,0
15,28,Directed,28697,,,1,1.91644,0
15,106,Directed,28698,,,1,2.161032,0
15,52,Directed,28699,,,1,1.495029,0
15,256,Directed,28700,,,1,1.415645,0
16,17,Directed,28701,,,1,2.048018,0
16,74,Directed,28702,,,1,1.802153,0
16,38,Directed,28703,,,1,1.943881,0
16,22,Directed,28704,,,1,2.327075,0
16,92,Directed,28705,,,1,2.568122,0
16,107,Directed,28706,,,1,1.911791,0
16,217,Directed,28707,,,1,2.218855,0
16,98,Directed,28708,,,1,2.277566,0
16,60,Directed,28709,,,1,2.145391,0
16,35,Directed,28710,,,1,1.623392,0
16,24,Directed,28711,,,1,1.056076,0
16,265,Directed,28712,,,1,2.366587,0
16,129,Directed,28713,,,1,2.407744,0
16,50,Directed,28714,,,1,1.701065,0
16,206,Directed,28715,,,1,2.039808,0
16,32,Directed,28716,,,1,2.119743,0
16,23,Directed,28717,,,1,1.973044,0
16,130,Directed,28718,,,1,2.582692,0
16,115,Directed,28719,,,1,2.012258,0
16,227,Directed,28720,,,1,1.207631,0
16,28,Directed,28721,,,1,1.994053,0
16,205,Directed,28722,,,1,3.602669,0
16,56,Directed,28723,,,1,2.057527,0
16,145,Directed,28724,,,1,2.389087,0
16,55,Directed,28725,,,1,1.960854,0
16,61,Directed,28726,,,1,2.202082,0
16,59,Directed,28727,,,1,1.736629,0
16,176,Directed,28728,,,1,2.360317,0
16,257,Directed,28729,,,1,1.725275,0
16,161,Directed,28730,,,1,2.400728,0
16,223,Directed,28731,,,1,1.98015,0
17,206,Directed,28732,,,1,2.646465,0
17,115,Directed,28733,,,1,1.974303,0
17,107,Directed,28734,,,1,1.951233,0
17,139,Directed,28735,,,1,1.175439,0
17,60,Directed,28736,,,1,2.393062,0
17,151,Directed,28737,,,1,2.338556,0
17,120,Directed,28738,,,1,1.826012,0
17,71,Directed,28739,,,1,1.043778,0
17,129,Directed,28740,,,1,2.746844,0
18,19,Directed,28741,,,1,2.201832,0
18,120,Directed,28742,,,1,2.161376,0
18,27,Directed,28743,,,1,2.4214,0
18,26,Directed,28744,,,1,2.6329,0
18,55,Directed,28745,,,1,2.589123,0
18,54,Directed,28746,,,1,2.326412,0
18,29,Directed,28747,,,1,2.153273,0
18,114,Directed,28748,,,1,2.765957,0
18,35,Directed,28749,,,1,2.217352,0
18,109,Directed,28750,,,1,2.768825,0
18,94,Directed,28751,,,1,2.756061,0
18,25,Directed,28752,,,1,2.669753,0
18,24,Directed,28753,,,1,2.444921,0
18,391,Directed,28754,,,1,0.527778,1
19,62,Directed,28755,,,1,1.659663,0
19,35,Directed,28756,,,1,1.698239,0
19,151,Directed,28757,,,1,2.465278,0
19,63,Directed,28758,,,1,2.407692,0
19,31,Directed,28759,,,1,2.138167,0
19,91,Directed,28760,,,1,1.813643,0
19,104,Directed,28761,,,1,1.942387,0
19,186,Directed,28762,,,1,1.859028,0
19,70,Directed,28763,,,1,1.654611,0
19,98,Directed,28764,,,1,1.58214,0
19,23,Directed,28765,,,1,1.827304,0
19,56,Directed,28766,,,1,1.952509,0
19,60,Directed,28767,,,1,2.013914,0
19,93,Directed,28768,,,1,2.07417,0
19,107,Directed,28769,,,1,1.809614,0
19,163,Directed,28770,,,1,2.143491,0
19,88,Directed,28771,,,1,1.801735,0
19,109,Directed,28772,,,1,2.543011,0
19,112,Directed,28773,,,1,1.83295,0
19,90,Directed,28774,,,1,2.18091,0
19,183,Directed,28775,,,1,2.156541,0
19,184,Directed,28776,,,1,1.966397,0
19,27,Directed,28777,,,1,1.889073,0
19,135,Directed,28778,,,1,1.989314,0
19,74,Directed,28779,,,1,1.80165,0
19,153,Directed,28780,,,1,2.092481,0
19,43,Directed,28781,,,1,1.8086,0
19,61,Directed,28782,,,1,2.064511,0
19,49,Directed,28783,,,1,1.634245,0
19,181,Directed,28784,,,1,2.957875,0
19,59,Directed,28785,,,1,1.85427,0
19,50,Directed,28786,,,1,1.61448,0
19,164,Directed,28787,,,1,1.720006,0
19,275,Directed,28788,,,1,3.435993,0
19,54,Directed,28789,,,1,1.850752,0
19,145,Directed,28790,,,1,2.409394,0
19,266,Directed,28791,,,1,1.744184,0
19,55,Directed,28792,,,1,1.94743,0
19,250,Directed,28793,,,1,3.231967,0
19,20,Directed,28794,,,1,1.850644,0
19,94,Directed,28795,,,1,2.060765,0
19,105,Directed,28796,,,1,1.678464,0
19,32,Directed,28797,,,1,1.859128,0
19,25,Directed,28798,,,1,1.779131,0
19,29,Directed,28799,,,1,1.558365,0
19,26,Directed,28800,,,1,1.837845,0
19,28,Directed,28801,,,1,1.76837,0
19,114,Directed,28802,,,1,1.957144,0
19,152,Directed,28803,,,1,2.020196,0
19,129,Directed,28804,,,1,2.197572,0
19,167,Directed,28805,,,1,2.133333,0
19,67,Directed,28806,,,1,2.428934,0
19,136,Directed,28807,,,1,3.533057,0
19,120,Directed,28808,,,1,1.572586,0
19,106,Directed,28809,,,1,1.982607,0
19,51,Directed,28810,,,1,1.8146,0
20,21,Directed,28811,,,1,1.859595,0
20,125,Directed,28812,,,1,1.573947,0
20,105,Directed,28813,,,1,1.897125,0
20,31,Directed,28814,,,1,2.500292,0
20,94,Directed,28815,,,1,2.272629,0
20,55,Directed,28816,,,1,2.185244,0
20,43,Directed,28817,,,1,2.021346,0
20,227,Directed,28818,,,1,2.024887,0
20,38,Directed,28819,,,1,1.851197,0
20,119,Directed,28820,,,1,2.948049,0
20,186,Directed,28821,,,1,1.97042,0
20,164,Directed,28822,,,1,1.945723,0
20,151,Directed,28823,,,1,2.586098,0
20,50,Directed,28824,,,1,1.743626,0
20,59,Directed,28825,,,1,1.771388,0
20,152,Directed,28826,,,1,2.318222,0
20,108,Directed,28827,,,1,2.188745,0
20,49,Directed,28828,,,1,1.809589,0
20,120,Directed,28829,,,1,1.773608,0
20,310,Directed,28830,,,1,0.511905,1
20,106,Directed,28831,,,1,2.198186,0
20,27,Directed,28832,,,1,1.9794,0
20,54,Directed,28833,,,1,1.985887,0
20,70,Directed,28834,,,1,1.762186,0
20,62,Directed,28835,,,1,1.785563,0
20,29,Directed,28836,,,1,1.728072,0
20,109,Directed,28837,,,1,2.442373,0
20,25,Directed,28838,,,1,2.055826,0
20,51,Directed,28839,,,1,2.125835,0
20,39,Directed,28840,,,1,1.198568,0
20,74,Directed,28841,,,1,2.078309,0
20,137,Directed,28842,,,1,2.034144,0
20,178,Directed,28843,,,1,1.849958,0
21,127,Directed,28844,,,1,1.835926,0
21,107,Directed,28845,,,1,1.943452,0
21,70,Directed,28846,,,1,1.638897,0
21,108,Directed,28847,,,1,2.122302,0
21,72,Directed,28848,,,1,1.964981,0
21,35,Directed,28849,,,1,1.564098,0
21,105,Directed,28850,,,1,1.718515,0
21,22,Directed,28851,,,1,2.384579,0
21,59,Directed,28852,,,1,1.556695,0
21,73,Directed,28853,,,1,1.96341,0
21,151,Directed,28854,,,1,2.493112,0
21,186,Directed,28855,,,1,1.9786,0
21,152,Directed,28856,,,1,2.191702,0
21,55,Directed,28857,,,1,1.864266,0
21,62,Directed,28858,,,1,1.686717,0
21,163,Directed,28859,,,1,2.181782,0
21,265,Directed,28860,,,1,1.853576,0
21,142,Directed,28861,,,1,1.488095,0
21,120,Directed,28862,,,1,1.478528,0
21,164,Directed,28863,,,1,1.755045,0
21,196,Directed,28864,,,1,1.993668,0
21,40,Directed,28865,,,1,1.928688,0
21,203,Directed,28866,,,1,2.193978,0
21,188,Directed,28867,,,1,1.923326,0
21,185,Directed,28868,,,1,1.833333,0
21,27,Directed,28869,,,1,1.805745,0
21,250,Directed,28870,,,1,3.145512,0
21,43,Directed,28871,,,1,1.791551,0
21,126,Directed,28872,,,1,1.64318,0
21,208,Directed,28873,,,1,1.503758,0
21,94,Directed,28874,,,1,2.022687,0
21,143,Directed,28875,,,1,2.076788,0
22,23,Directed,28876,,,1,2.269239,0
22,61,Directed,28877,,,1,2.589941,0
22,27,Directed,28878,,,1,2.17046,0
22,55,Directed,28879,,,1,2.262115,0
22,107,Directed,28880,,,1,2.249677,0
22,217,Directed,28881,,,1,2.629646,0
22,60,Directed,28882,,,1,2.529954,0
22,28,Directed,28883,,,1,2.392971,0
22,35,Directed,28884,,,1,2.063502,0
22,90,Directed,28885,,,1,2.646591,0
22,129,Directed,28886,,,1,2.72584,0
22,121,Directed,28887,,,1,2.600511,0
22,161,Directed,28888,,,1,2.634199,0
22,92,Directed,28889,,,1,2.811765,0
22,115,Directed,28890,,,1,2.344899,0
22,42,Directed,28891,,,1,2.643939,0
22,257,Directed,28892,,,1,2.587485,0
22,49,Directed,28893,,,1,2.102039,0
22,67,Directed,28894,,,1,2.837821,0
22,130,Directed,28895,,,1,2.863779,0
22,56,Directed,28896,,,1,2.365368,0
22,205,Directed,28897,,,1,3.816667,0
22,32,Directed,28898,,,1,2.19154,0
22,93,Directed,28899,,,1,2.595211,0
23,161,Directed,28900,,,1,2.139548,0
23,164,Directed,28901,,,1,1.907565,0
23,93,Directed,28902,,,1,2.129254,0
23,60,Directed,28903,,,1,2.108596,0
23,167,Directed,28904,,,1,2.329265,0
23,115,Directed,28905,,,1,2.05309,0
23,50,Directed,28906,,,1,1.796508,0
23,206,Directed,28907,,,1,1.788231,0
23,55,Directed,28908,,,1,2.103608,0
23,107,Directed,28909,,,1,1.960841,0
23,56,Directed,28910,,,1,2.061806,0
23,49,Directed,28911,,,1,1.779041,0
23,92,Directed,28912,,,1,2.469599,0
23,54,Directed,28913,,,1,1.977443,0
23,94,Directed,28914,,,1,2.219514,0
23,61,Directed,28915,,,1,2.298538,0
23,27,Directed,28916,,,1,1.960884,0
23,28,Directed,28917,,,1,2.02458,0
23,35,Directed,28918,,,1,1.753224,0
23,90,Directed,28919,,,1,2.332853,0
23,67,Directed,28920,,,1,2.623626,0
23,184,Directed,28921,,,1,2.1145,0
23,63,Directed,28922,,,1,2.586135,0
23,120,Directed,28923,,,1,1.756345,0
23,105,Directed,28924,,,1,1.914155,0
23,154,Directed,28925,,,1,1.951702,0
23,135,Directed,28926,,,1,2.198469,0
23,26,Directed,28927,,,1,2.107838,0
23,29,Directed,28928,,,1,1.728097,0
23,59,Directed,28929,,,1,1.732536,0
23,109,Directed,28930,,,1,2.338624,0
23,121,Directed,28931,,,1,2.323881,0
23,275,Directed,28932,,,1,3.577851,0
23,38,Directed,28933,,,1,1.843547,0
23,163,Directed,28934,,,1,2.158663,0
23,48,Directed,28935,,,1,2.497222,0
23,52,Directed,28936,,,1,1.830918,0
23,129,Directed,28937,,,1,2.472797,0
23,358,Directed,28938,,,1,0.390071,1
24,114,Directed,28939,,,1,1.851449,0
24,199,Directed,28940,,,1,2.794444,0
24,170,Directed,28941,,,1,2.794444,0
24,120,Directed,28942,,,1,1.276874,0
24,77,Directed,28943,,,1,2.794444,0
24,93,Directed,28944,,,1,1.272436,0
24,56,Directed,28945,,,1,0.977045,0
24,137,Directed,28946,,,1,1.629902,0
24,368,Directed,28947,,,1,0.384615,1
25,26,Directed,28948,,,1,2.275997,0
25,43,Directed,28949,,,1,2.421991,0
25,240,Directed,28950,,,1,2.2675,0
25,164,Directed,28951,,,1,2.219577,0
25,125,Directed,28952,,,1,2.118452,0
25,94,Directed,28953,,,1,2.435185,0
25,49,Directed,28954,,,1,1.929008,0
25,109,Directed,28955,,,1,2.608062,0
25,322,Directed,28956,,,1,1,0
25,114,Directed,28957,,,1,2.247642,0
25,29,Directed,28958,,,1,1.7295,0
25,343,Directed,28959,,,1,0.388889,1
26,27,Directed,28960,,,1,1.980235,0
26,54,Directed,28961,,,1,2.031278,0
26,135,Directed,28962,,,1,2.582232,0
26,51,Directed,28963,,,1,2.152367,0
26,35,Directed,28964,,,1,1.748382,0
26,59,Directed,28965,,,1,1.789931,0
26,106,Directed,28966,,,1,2.343326,0
26,29,Directed,28967,,,1,1.729418,0
26,32,Directed,28968,,,1,2.189375,0
26,67,Directed,28969,,,1,2.60589,0
26,94,Directed,28970,,,1,2.276341,0
26,89,Directed,28971,,,1,3.062599,0
26,223,Directed,28972,,,1,1.496324,0
26,55,Directed,28973,,,1,2.166449,0
26,115,Directed,28974,,,1,2.009104,0
26,114,Directed,28975,,,1,2.241829,0
26,240,Directed,28976,,,1,1.451238,0
26,372,Directed,28977,,,1,0.519231,1
27,28,Directed,28978,,,1,1.90129,0
27,58,Directed,28979,,,1,2.131646,0
27,92,Directed,28980,,,1,2.388466,0
27,94,Directed,28981,,,1,2.119118,0
27,67,Directed,28982,,,1,2.56139,0
27,70,Directed,28983,,,1,1.736609,0
27,35,Directed,28984,,,1,1.783946,0
27,60,Directed,28985,,,1,2.061927,0
27,266,Directed,28986,,,1,2.064418,0
27,167,Directed,28987,,,1,2.223015,0
27,278,Directed,28988,,,1,0.508621,1
27,51,Directed,28989,,,1,2.064657,0
27,61,Directed,28990,,,1,2.165465,0
27,107,Directed,28991,,,1,1.948645,0
27,56,Directed,28992,,,1,1.978976,0
27,109,Directed,28993,,,1,2.248549,0
27,130,Directed,28994,,,1,2.390589,0
27,29,Directed,28995,,,1,1.637688,0
27,43,Directed,28996,,,1,1.963201,0
27,50,Directed,28997,,,1,1.76754,0
27,181,Directed,28998,,,1,2.913528,0
27,104,Directed,28999,,,1,2.041465,0
27,93,Directed,29000,,,1,2.180222,0
27,59,Directed,29001,,,1,1.766033,0
27,74,Directed,29002,,,1,2.21275,0
27,115,Directed,29003,,,1,1.898573,0
27,233,Directed,29004,,,1,2.231183,0
27,129,Directed,29005,,,1,2.344973,0
27,120,Directed,29006,,,1,1.65095,0
27,145,Directed,29007,,,1,2.505924,0
27,136,Directed,29008,,,1,2.975737,0
27,184,Directed,29009,,,1,2.057058,0
27,164,Directed,29010,,,1,1.781587,0
27,62,Directed,29011,,,1,1.730947,0
27,200,Directed,29012,,,1,1.965294,0
27,54,Directed,29013,,,1,1.883569,0
27,32,Directed,29014,,,1,2.035256,0
27,163,Directed,29015,,,1,2.24333,0
27,153,Directed,29016,,,1,2.29592,0
27,38,Directed,29017,,,1,1.95244,0
27,189,Directed,29018,,,1,2.26442,0
27,55,Directed,29019,,,1,2.084449,0
27,106,Directed,29020,,,1,2.097073,0
28,121,Directed,29021,,,1,2.319232,0
28,88,Directed,29022,,,1,1.894625,0
28,109,Directed,29023,,,1,2.355661,0
28,94,Directed,29024,,,1,2.400194,0
28,55,Directed,29025,,,1,2.019659,0
28,56,Directed,29026,,,1,2.141485,0
28,217,Directed,29027,,,1,2.175556,0
28,62,Directed,29028,,,1,1.846208,0
28,92,Directed,29029,,,1,2.436729,0
28,129,Directed,29030,,,1,2.381008,0
28,127,Directed,29031,,,1,0.857132,0
28,67,Directed,29032,,,1,2.591354,0
28,61,Directed,29033,,,1,2.278538,0
28,257,Directed,29034,,,1,1.681126,0
28,167,Directed,29035,,,1,2.379945,0
28,60,Directed,29036,,,1,2.182257,0
28,115,Directed,29037,,,1,2.040602,0
28,184,Directed,29038,,,1,2.233681,0
28,38,Directed,29039,,,1,1.845255,0
28,163,Directed,29040,,,1,2.248604,0
28,42,Directed,29041,,,1,2.457779,0
28,93,Directed,29042,,,1,2.253347,0
28,176,Directed,29043,,,1,2.962939,0
28,90,Directed,29044,,,1,2.540198,0
28,107,Directed,29045,,,1,1.947253,0
28,35,Directed,29046,,,1,1.675038,0
28,164,Directed,29047,,,1,1.786425,0
28,275,Directed,29048,,,1,3.59496,0
28,130,Directed,29049,,,1,2.387766,0
28,205,Directed,29050,,,1,3.151414,0
29,30,Directed,29051,,,1,0.937787,0
29,86,Directed,29052,,,1,2.647501,0
29,120,Directed,29053,,,1,1.405231,0
29,153,Directed,29054,,,1,2.041346,0
29,119,Directed,29055,,,1,2.611987,0
29,106,Directed,29056,,,1,1.819049,0
29,52,Directed,29057,,,1,1.044052,0
29,107,Directed,29058,,,1,1.642464,0
29,235,Directed,29059,,,1,1.938783,0
29,138,Directed,29060,,,1,1.568746,0
29,35,Directed,29061,,,1,1.437737,0
29,90,Directed,29062,,,1,2.099039,0
29,233,Directed,29063,,,1,1.901896,0
29,125,Directed,29064,,,1,1.298661,0
29,135,Directed,29065,,,1,1.756775,0
29,113,Directed,29066,,,1,2.061407,0
29,143,Directed,29067,,,1,2.183207,0
29,51,Directed,29068,,,1,1.717835,0
29,89,Directed,29069,,,1,2.52462,0
29,152,Directed,29070,,,1,1.995024,0
29,60,Directed,29071,,,1,1.972106,0
29,189,Directed,29072,,,1,2.191379,0
29,151,Directed,29073,,,1,2.286506,0
29,144,Directed,29074,,,1,1.680772,0
29,49,Directed,29075,,,1,1.466504,0
29,160,Directed,29076,,,1,1.775028,0
29,104,Directed,29077,,,1,1.863043,0
29,253,Directed,29078,,,1,3.186737,0
29,69,Directed,29079,,,1,1.189048,0
29,88,Directed,29080,,,1,1.581771,0
29,70,Directed,29081,,,1,1.528192,0
29,98,Directed,29082,,,1,1.442478,0
29,208,Directed,29083,,,1,1.490308,0
29,186,Directed,29084,,,1,1.80011,0
29,203,Directed,29085,,,1,2.072616,0
29,139,Directed,29086,,,1,1.416394,0
29,80,Directed,29087,,,1,0.97907,0
29,255,Directed,29088,,,1,2.762741,0
29,71,Directed,29089,,,1,1.047776,0
29,59,Directed,29090,,,1,1.473612,0
29,96,Directed,29091,,,1,2.077803,0
29,32,Directed,29092,,,1,1.714395,0
29,114,Directed,29093,,,1,1.861414,0
29,231,Directed,29094,,,1,1.927529,0
29,269,Directed,29095,,,1,0.758514,1
29,43,Directed,29096,,,1,1.658143,0
29,109,Directed,29097,,,1,1.968379,0
29,62,Directed,29098,,,1,1.529065,0
29,99,Directed,29099,,,1,1.081473,0
29,164,Directed,29100,,,1,1.623351,0
29,121,Directed,29101,,,1,1.995182,0
29,54,Directed,29102,,,1,1.650748,0
29,74,Directed,29103,,,1,1.713861,0
29,383,Directed,29104,,,1,0.351852,1
30,47,Directed,29105,,,1,2.177236,0
30,125,Directed,29106,,,1,1.533379,0
30,52,Directed,29107,,,1,1.319463,0
30,187,Directed,29108,,,1,2.192749,0
30,124,Directed,29109,,,1,2.193897,0
30,269,Directed,29110,,,1,1.069173,0
30,166,Directed,29111,,,1,2.829886,0
30,36,Directed,29112,,,1,2.961896,0
30,112,Directed,29113,,,1,1.016491,0
30,80,Directed,29114,,,1,2.154137,0
30,300,Directed,29115,,,1,2.264583,0
30,102,Directed,29116,,,1,2.045211,0
30,97,Directed,29117,,,1,0.755203,1
30,173,Directed,29118,,,1,3.041375,0
30,219,Directed,29119,,,1,2.745343,0
30,177,Directed,29120,,,1,1.991336,0
30,230,Directed,29121,,,1,2.480506,0
30,100,Directed,29122,,,1,2.254018,0
30,122,Directed,29123,,,1,0.410185,1
30,49,Directed,29124,,,1,1.226156,0
30,37,Directed,29125,,,1,2.756454,0
30,69,Directed,29126,,,1,1.520452,0
30,162,Directed,29127,,,1,2.51756,0
30,394,Directed,29128,,,1,0.354839,1
31,32,Directed,29129,,,1,2.311444,0
31,116,Directed,29130,,,1,1.68254,0
31,143,Directed,29131,,,1,2.823232,0
31,182,Directed,29132,,,1,1.222222,0
31,54,Directed,29133,,,1,2.156439,0
31,120,Directed,29134,,,1,2.091674,0
31,163,Directed,29135,,,1,2.817766,0
31,106,Directed,29136,,,1,2.582062,0
31,43,Directed,29137,,,1,2.228034,0
31,51,Directed,29138,,,1,2.278649,0
31,59,Directed,29139,,,1,2.086364,0
31,68,Directed,29140,,,1,2.695833,0
32,35,Directed,29141,,,1,1.689499,0
32,67,Directed,29142,,,1,2.543372,0
32,68,Directed,29143,,,1,1.89178,0
32,106,Directed,29144,,,1,2.240471,0
32,50,Directed,29145,,,1,1.808069,0
32,119,Directed,29146,,,1,3.137518,0
32,54,Directed,29147,,,1,1.969956,0
32,70,Directed,29148,,,1,1.830895,0
32,255,Directed,29149,,,1,3.083251,0
32,43,Directed,29150,,,1,2.005828,0
32,49,Directed,29151,,,1,1.877281,0
32,283,Directed,29152,,,1,0.348148,1
32,90,Directed,29153,,,1,2.362261,0
32,181,Directed,29154,,,1,2.919772,0
32,121,Directed,29155,,,1,2.320358,0
32,205,Directed,29156,,,1,2.976805,0
32,107,Directed,29157,,,1,1.943066,0
32,269,Directed,29158,,,1,1.457542,0
32,62,Directed,29159,,,1,1.842112,0
32,56,Directed,29160,,,1,2.14444,0
32,152,Directed,29161,,,1,2.263045,0
32,143,Directed,29162,,,1,2.035556,0
32,55,Directed,29163,,,1,2.107069,0
32,203,Directed,29164,,,1,2.217778,0
32,59,Directed,29165,,,1,1.753824,0
32,120,Directed,29166,,,1,1.856092,0
32,51,Directed,29167,,,1,2.023648,0
32,89,Directed,29168,,,1,3.429772,0
32,91,Directed,29169,,,1,2.279167,0
33,34,Directed,29170,,,1,3.612368,0
33,168,Directed,29171,,,1,2.865079,0
33,197,Directed,29172,,,1,3.557754,0
33,202,Directed,29173,,,1,1.027814,0
33,242,Directed,29174,,,1,2.31019,0
33,271,Directed,29175,,,1,1.622222,0
33,220,Directed,29176,,,1,2.716667,0
33,44,Directed,29177,,,1,1.990136,0
33,272,Directed,29178,,,1,3.522876,0
33,229,Directed,29179,,,1,2.810516,0
33,62,Directed,29180,,,1,0.076923,1
33,263,Directed,29181,,,1,2.722222,0
33,221,Directed,29182,,,1,3.557754,0
33,262,Directed,29183,,,1,2.960317,0
33,222,Directed,29184,,,1,3.651961,0
33,239,Directed,29185,,,1,2.727273,0
34,229,Directed,29186,,,1,4.12987,0
34,168,Directed,29187,,,1,4.188889,0
34,242,Directed,29188,,,1,3.958333,0
35,59,Directed,29189,,,1,1.622774,0
35,63,Directed,29190,,,1,2.518414,0
35,104,Directed,29191,,,1,1.84551,0
35,153,Directed,29192,,,1,1.966613,0
35,69,Directed,29193,,,1,1.745346,0
35,94,Directed,29194,,,1,1.949598,0
35,93,Directed,29195,,,1,1.867225,0
35,152,Directed,29196,,,1,1.875677,0
35,90,Directed,29197,,,1,2.036614,0
35,70,Directed,29198,,,1,1.518447,0
35,151,Directed,29199,,,1,2.365044,0
35,92,Directed,29200,,,1,2.163699,0
35,160,Directed,29201,,,1,1.798601,0
35,42,Directed,29202,,,1,1.719574,0
35,252,Directed,29203,,,1,1.401024,0
35,130,Directed,29204,,,1,2.093509,0
35,181,Directed,29205,,,1,2.84885,0
35,109,Directed,29206,,,1,2.142029,0
35,135,Directed,29207,,,1,1.882221,0
35,203,Directed,29208,,,1,2.052795,0
35,217,Directed,29209,,,1,1.699605,0
35,136,Directed,29210,,,1,2.849495,0
35,119,Directed,29211,,,1,2.671169,0
35,86,Directed,29212,,,1,2.597074,0
35,50,Directed,29213,,,1,1.503148,0
35,74,Directed,29214,,,1,1.704444,0
35,253,Directed,29215,,,1,2.737842,0
35,121,Directed,29216,,,1,2.013053,0
35,138,Directed,29217,,,1,1.751947,0
35,107,Directed,29218,,,1,1.690164,0
35,163,Directed,29219,,,1,1.99935,0
35,43,Directed,29220,,,1,1.675842,0
35,91,Directed,29221,,,1,1.747482,0
35,275,Directed,29222,,,1,3.389689,0
35,233,Directed,29223,,,1,1.903281,0
35,167,Directed,29224,,,1,2.001904,0
35,89,Directed,29225,,,1,2.53601,0
35,161,Directed,29226,,,1,1.933884,0
35,56,Directed,29227,,,1,1.693343,0
35,62,Directed,29228,,,1,1.512158,0
35,38,Directed,29229,,,1,1.62028,0
35,106,Directed,29230,,,1,1.88765,0
35,49,Directed,29231,,,1,1.53074,0
35,164,Directed,29232,,,1,1.604244,0
35,60,Directed,29233,,,1,1.788603,0
35,54,Directed,29234,,,1,1.73629,0
35,105,Directed,29235,,,1,1.553884,0
35,189,Directed,29236,,,1,1.917231,0
35,51,Directed,29237,,,1,1.712672,0
35,61,Directed,29238,,,1,2.048881,0
35,57,Directed,29239,,,1,2.509459,0
35,120,Directed,29240,,,1,1.451921,0
35,129,Directed,29241,,,1,2.140268,0
35,67,Directed,29242,,,1,2.488674,0
35,55,Directed,29243,,,1,1.933056,0
35,115,Directed,29244,,,1,1.712377,0
35,184,Directed,29245,,,1,1.804908,0
35,374,Directed,29246,,,1,0.512821,1
36,37,Directed,29247,,,1,4.000824,0
36,100,Directed,29248,,,1,3.416583,0
36,134,Directed,29249,,,1,3.736364,0
36,219,Directed,29250,,,1,3.765934,0
36,177,Directed,29251,,,1,3.846561,0
36,173,Directed,29252,,,1,3.963018,0
36,124,Directed,29253,,,1,3.373609,0
36,166,Directed,29254,,,1,4.412666,0
36,47,Directed,29255,,,1,3.199811,0
36,80,Directed,29256,,,1,3.241013,0
36,230,Directed,29257,,,1,3.885348,0
36,187,Directed,29258,,,1,2.922222,0
36,162,Directed,29259,,,1,4.230476,0
37,80,Directed,29260,,,1,2.974542,0
37,47,Directed,29261,,,1,3.09707,0
37,187,Directed,29262,,,1,2.960326,0
37,162,Directed,29263,,,1,4.314426,0
37,133,Directed,29264,,,1,2.948521,0
37,125,Directed,29265,,,1,2.481548,0
37,166,Directed,29266,,,1,4.038889,0
37,100,Directed,29267,,,1,3.303114,0
37,219,Directed,29268,,,1,3.51746,0
37,230,Directed,29269,,,1,3.536905,0
37,177,Directed,29270,,,1,3.067468,0
37,124,Directed,29271,,,1,3.094841,0
37,134,Directed,29272,,,1,3.529487,0
38,39,Directed,29273,,,1,1.336957,0
38,49,Directed,29274,,,1,1.859999,0
38,208,Directed,29275,,,1,1.388889,0
38,109,Directed,29276,,,1,2.312698,0
38,120,Directed,29277,,,1,1.816629,0
38,164,Directed,29278,,,1,1.867687,0
38,257,Directed,29279,,,1,1.625778,0
38,256,Directed,29280,,,1,1.747549,0
38,105,Directed,29281,,,1,1.866622,0
38,307,Directed,29282,,,1,1.950089,0
39,307,Directed,29283,,,1,2.048611,0
39,99,Directed,29284,,,1,0.5,1
40,41,Directed,29285,,,1,4.160714,0
40,73,Directed,29286,,,1,3.514706,0
40,146,Directed,29287,,,1,3.300505,0
40,66,Directed,29288,,,1,3.186819,0
40,127,Directed,29289,,,1,2.577778,0
40,142,Directed,29290,,,1,2.889444,0
40,70,Directed,29291,,,1,1.949411,0
40,196,Directed,29292,,,1,3.514706,0
40,72,Directed,29293,,,1,2.80076,0
40,179,Directed,29294,,,1,3.447059,0
40,103,Directed,29295,,,1,4.193452,0
40,172,Directed,29296,,,1,4.160714,0
40,126,Directed,29297,,,1,3.760194,0
41,66,Directed,29298,,,1,4.291667,0
41,172,Directed,29299,,,1,4.8,0
41,196,Directed,29300,,,1,4.160714,0
41,73,Directed,29301,,,1,4.178571,0
41,126,Directed,29302,,,1,3.933553,0
41,179,Directed,29303,,,1,4.271429,0
41,146,Directed,29304,,,1,4.142857,0
41,142,Directed,29305,,,1,3.755952,0
42,71,Directed,29306,,,1,1.966667,0
42,51,Directed,29307,,,1,2.608021,0
42,74,Directed,29308,,,1,2.21852,0
42,152,Directed,29309,,,1,2.569674,0
42,138,Directed,29310,,,1,1.796023,0
42,55,Directed,29311,,,1,2.267529,0
42,120,Directed,29312,,,1,1.850361,0
42,139,Directed,29313,,,1,2.150093,0
42,54,Directed,29314,,,1,2.152158,0
42,367,Directed,29315,,,1,0.375,1
43,50,Directed,29316,,,1,1.732214,0
43,68,Directed,29317,,,1,1.903126,0
43,54,Directed,29318,,,1,1.956757,0
43,129,Directed,29319,,,1,2.434554,0
43,153,Directed,29320,,,1,2.526006,0
43,49,Directed,29321,,,1,1.865134,0
43,51,Directed,29322,,,1,2.001045,0
43,120,Directed,29323,,,1,1.719132,0
43,59,Directed,29324,,,1,1.72696,0
43,143,Directed,29325,,,1,2.174133,0
43,226,Directed,29326,,,1,2.191549,0
43,251,Directed,29327,,,1,2.928485,0
43,105,Directed,29328,,,1,1.86867,0
43,151,Directed,29329,,,1,2.589655,0
43,160,Directed,29330,,,1,2.297797,0
43,121,Directed,29331,,,1,2.129833,0
43,188,Directed,29332,,,1,2.010033,0
43,185,Directed,29333,,,1,1.93829,0
43,89,Directed,29334,,,1,2.837071,0
43,62,Directed,29335,,,1,1.72733,0
43,250,Directed,29336,,,1,3.691509,0
43,91,Directed,29337,,,1,2.234481,0
43,70,Directed,29338,,,1,1.793525,0
43,203,Directed,29339,,,1,2.09872,0
43,119,Directed,29340,,,1,3.520992,0
43,106,Directed,29341,,,1,2.189416,0
43,114,Directed,29342,,,1,2.210305,0
43,67,Directed,29343,,,1,2.508973,0
43,184,Directed,29344,,,1,2.124126,0
43,152,Directed,29345,,,1,2.138337,0
43,373,Directed,29346,,,1,0.368056,1
44,45,Directed,29347,,,1,1.036703,0
44,77,Directed,29348,,,1,2.475,0
44,174,Directed,29349,,,1,0.203125,1
44,239,Directed,29350,,,1,2.166667,0
44,243,Directed,29351,,,1,0.375,1
44,117,Directed,29352,,,1,1.167816,0
44,214,Directed,29353,,,1,0.296875,1
44,293,Directed,29354,,,1,0.375,1
44,306,Directed,29355,,,1,0.53125,1
44,220,Directed,29356,,,1,2.262637,0
44,318,Directed,29357,,,1,0.375,1
44,199,Directed,29358,,,1,2.475,0
44,170,Directed,29359,,,1,2.475,0
44,299,Directed,29360,,,1,0.5625,1
44,283,Directed,29361,,,1,0.395833,1
45,157,Directed,29362,,,1,3.033333,0
45,128,Directed,29363,,,1,3.198538,0
45,132,Directed,29364,,,1,3.134066,0
45,79,Directed,29365,,,1,2.566221,0
45,131,Directed,29366,,,1,2.926984,0
45,81,Directed,29367,,,1,2.690476,0
45,147,Directed,29368,,,1,2.90766,0
45,118,Directed,29369,,,1,2.966667,0
45,150,Directed,29370,,,1,2.60551,0
45,245,Directed,29371,,,1,2.37619,0
45,117,Directed,29372,,,1,3.25,0
45,149,Directed,29373,,,1,2.754545,0
45,78,Directed,29374,,,1,2.751587,0
45,201,Directed,29375,,,1,3.095833,0
45,195,Directed,29376,,,1,3.449123,0
46,47,Directed,29377,,,1,2.19709,0
46,113,Directed,29378,,,1,3.027778,0
46,125,Directed,29379,,,1,2.02381,0
46,69,Directed,29380,,,1,1.935248,0
46,217,Directed,29381,,,1,0.982804,0
46,52,Directed,29382,,,1,1.89625,0
46,160,Directed,29383,,,1,1.27063,0
46,120,Directed,29384,,,1,1.146523,0
47,219,Directed,29385,,,1,2.901099,0
47,52,Directed,29386,,,1,1.682051,0
47,124,Directed,29387,,,1,2.66359,0
47,134,Directed,29388,,,1,3.097812,0
47,125,Directed,29389,,,1,1.857143,0
47,230,Directed,29390,,,1,2.876117,0
47,162,Directed,29391,,,1,2.862857,0
47,177,Directed,29392,,,1,2.389194,0
47,133,Directed,29393,,,1,2.592965,0
47,173,Directed,29394,,,1,3.236111,0
47,123,Directed,29395,,,1,2.806373,0
47,80,Directed,29396,,,1,2.47645,0
47,100,Directed,29397,,,1,2.771368,0
47,343,Directed,29398,,,1,0.383333,1
48,49,Directed,29399,,,1,2.147173,0
48,120,Directed,29400,,,1,2.066525,0
49,96,Directed,29401,,,1,2.243354,0
49,125,Directed,29402,,,1,1.626667,0
49,189,Directed,29403,,,1,2.064957,0
49,133,Directed,29404,,,1,1.595534,0
49,98,Directed,29405,,,1,1.628261,0
49,152,Directed,29406,,,1,2.263287,0
49,177,Directed,29407,,,1,1.335177,0
49,186,Directed,29408,,,1,1.976064,0
49,105,Directed,29409,,,1,1.589138,0
49,231,Directed,29410,,,1,1.987227,0
49,56,Directed,29411,,,1,1.894591,0
49,124,Directed,29412,,,1,1.723952,0
49,144,Directed,29413,,,1,1.862319,0
49,107,Directed,29414,,,1,1.844338,0
49,51,Directed,29415,,,1,2.218919,0
49,55,Directed,29416,,,1,1.967048,0
49,90,Directed,29417,,,1,2.117885,0
49,227,Directed,29418,,,1,2.126841,0
49,74,Directed,29419,,,1,1.821738,0
49,207,Directed,29420,,,1,1.161217,0
49,100,Directed,29421,,,1,2.065422,0
49,164,Directed,29422,,,1,1.686695,0
49,154,Directed,29423,,,1,1.579153,0
49,252,Directed,29424,,,1,1.672923,0
49,67,Directed,29425,,,1,2.255455,0
49,108,Directed,29426,,,1,2.076105,0
49,138,Directed,29427,,,1,1.663969,0
49,71,Directed,29428,,,1,1.290104,0
49,62,Directed,29429,,,1,1.641785,0
49,59,Directed,29430,,,1,1.559854,0
49,106,Directed,29431,,,1,1.964713,0
49,114,Directed,29432,,,1,2.005936,0
49,70,Directed,29433,,,1,1.619665,0
49,139,Directed,29434,,,1,1.63821,0
50,51,Directed,29435,,,1,1.808986,0
50,71,Directed,29436,,,1,1.031048,0
50,52,Directed,29437,,,1,1.115801,0
50,104,Directed,29438,,,1,1.893903,0
50,155,Directed,29439,,,1,1.803728,0
50,121,Directed,29440,,,1,2.046686,0
50,102,Directed,29441,,,1,1.654365,0
50,178,Directed,29442,,,1,1.753566,0
50,223,Directed,29443,,,1,2.260866,0
50,152,Directed,29444,,,1,2.039185,0
50,56,Directed,29445,,,1,1.736456,0
50,265,Directed,29446,,,1,1.864815,0
50,184,Directed,29447,,,1,1.874498,0
50,111,Directed,29448,,,1,2.836168,0
50,59,Directed,29449,,,1,1.497181,0
50,120,Directed,29450,,,1,1.420894,0
50,165,Directed,29451,,,1,0.497268,1
50,251,Directed,29452,,,1,2.811299,0
50,237,Directed,29453,,,1,0.841984,0
50,70,Directed,29454,,,1,1.579196,0
50,154,Directed,29455,,,1,1.467916,0
50,90,Directed,29456,,,1,2.118178,0
50,110,Directed,29457,,,1,3.027074,0
50,61,Directed,29458,,,1,2.046122,0
50,112,Directed,29459,,,1,2.05908,0
50,252,Directed,29460,,,1,2.259966,0
50,129,Directed,29461,,,1,2.102766,0
50,280,Directed,29462,,,1,1.89068,0
50,125,Directed,29463,,,1,1.096243,0
50,232,Directed,29464,,,1,3.027074,0
50,218,Directed,29465,,,1,2.568238,0
50,217,Directed,29466,,,1,1.830976,0
50,101,Directed,29467,,,1,2.847238,0
50,224,Directed,29468,,,1,1.662125,0
50,303,Directed,29469,,,1,2.118821,0
50,107,Directed,29470,,,1,1.681956,0
50,55,Directed,29471,,,1,1.807003,0
50,62,Directed,29472,,,1,1.479669,0
50,151,Directed,29473,,,1,2.320248,0
50,259,Directed,29474,,,1,1.546296,0
50,250,Directed,29475,,,1,3.038156,0
50,108,Directed,29476,,,1,2.025088,0
50,122,Directed,29477,,,1,1.252186,0
50,115,Directed,29478,,,1,1.78729,0
50,54,Directed,29479,,,1,1.673341,0
51,120,Directed,29480,,,1,1.802543,0
51,106,Directed,29481,,,1,2.122421,0
51,143,Directed,29482,,,1,2.13862,0
51,112,Directed,29483,,,1,2.512373,0
51,94,Directed,29484,,,1,2.341031,0
51,240,Directed,29485,,,1,0.93344,0
51,119,Directed,29486,,,1,2.973191,0
51,54,Directed,29487,,,1,1.9437,0
51,259,Directed,29488,,,1,1.570619,0
51,59,Directed,29489,,,1,1.704831,0
51,151,Directed,29490,,,1,2.691865,0
51,89,Directed,29491,,,1,2.928379,0
51,88,Directed,29492,,,1,2.506778,0
51,203,Directed,29493,,,1,2.319073,0
51,185,Directed,29494,,,1,2.06299,0
51,68,Directed,29495,,,1,2.073842,0
51,70,Directed,29496,,,1,1.825666,0
51,62,Directed,29497,,,1,1.767503,0
51,180,Directed,29498,,,1,2.996392,0
51,104,Directed,29499,,,1,2.330561,0
51,364,Directed,29500,,,1,0.376068,1
52,53,Directed,29501,,,1,1.518341,0
52,142,Directed,29502,,,1,1.611111,0
52,133,Directed,29503,,,1,1.333155,0
52,113,Directed,29504,,,1,2.458333,0
52,160,Directed,29505,,,1,1.605282,0
52,69,Directed,29506,,,1,1.477311,0
52,102,Directed,29507,,,1,2.027665,0
52,125,Directed,29508,,,1,1.66622,0
52,107,Directed,29509,,,1,1.602173,0
52,230,Directed,29510,,,1,2.08033,0
52,173,Directed,29511,,,1,2.186869,0
52,100,Directed,29512,,,1,1.790429,0
52,338,Directed,29513,,,1,0.363636,1
53,80,Directed,29514,,,1,2.321299,0
53,162,Directed,29515,,,1,2.62085,0
53,177,Directed,29516,,,1,2.273735,0
53,100,Directed,29517,,,1,2.453398,0
53,133,Directed,29518,,,1,2.290171,0
53,62,Directed,29519,,,1,1.762085,0
53,126,Directed,29520,,,1,1.893347,0
53,72,Directed,29521,,,1,2.319979,0
53,142,Directed,29522,,,1,1.630192,0
54,55,Directed,29523,,,1,2.025741,0
54,145,Directed,29524,,,1,2.452403,0
54,104,Directed,29525,,,1,2.073701,0
54,62,Directed,29526,,,1,1.739909,0
54,181,Directed,29527,,,1,3.013619,0
54,164,Directed,29528,,,1,1.898616,0
54,178,Directed,29529,,,1,2.021567,0
54,160,Directed,29530,,,1,2.094122,0
54,109,Directed,29531,,,1,2.253646,0
54,114,Directed,29532,,,1,2.070208,0
54,203,Directed,29533,,,1,2.205839,0
54,107,Directed,29534,,,1,1.903404,0
54,163,Directed,29535,,,1,2.257713,0
54,60,Directed,29536,,,1,2.229343,0
54,59,Directed,29537,,,1,1.844858,0
54,153,Directed,29538,,,1,2.225152,0
54,235,Directed,29539,,,1,2.464552,0
54,137,Directed,29540,,,1,2.037035,0
54,151,Directed,29541,,,1,2.570614,0
54,61,Directed,29542,,,1,2.192222,0
54,112,Directed,29543,,,1,2.3091,0
54,184,Directed,29544,,,1,2.116263,0
54,120,Directed,29545,,,1,1.651525,0
54,67,Directed,29546,,,1,2.530459,0
54,226,Directed,29547,,,1,2.06,0
54,152,Directed,29548,,,1,2.142133,0
54,154,Directed,29549,,,1,1.782159,0
54,250,Directed,29550,,,1,3.295243,0
54,91,Directed,29551,,,1,2.064461,0
54,68,Directed,29552,,,1,1.81799,0
54,106,Directed,29553,,,1,2.13873,0
54,180,Directed,29554,,,1,2.915028,0
54,70,Directed,29555,,,1,1.760888,0
55,70,Directed,29556,,,1,1.922384,0
55,93,Directed,29557,,,1,2.230749,0
55,67,Directed,29558,,,1,2.757398,0
55,217,Directed,29559,,,1,1.997405,0
55,265,Directed,29560,,,1,1.93032,0
55,61,Directed,29561,,,1,2.307437,0
55,107,Directed,29562,,,1,2.061223,0
55,153,Directed,29563,,,1,2.386183,0
55,145,Directed,29564,,,1,2.538234,0
55,184,Directed,29565,,,1,2.230639,0
55,129,Directed,29566,,,1,2.630198,0
55,121,Directed,29567,,,1,2.369221,0
55,115,Directed,29568,,,1,2.057511,0
55,56,Directed,29569,,,1,2.016129,0
55,90,Directed,29570,,,1,2.414557,0
55,130,Directed,29571,,,1,2.354097,0
55,62,Directed,29572,,,1,1.877431,0
55,94,Directed,29573,,,1,2.201894,0
55,120,Directed,29574,,,1,1.781911,0
55,60,Directed,29575,,,1,2.173043,0
55,185,Directed,29576,,,1,2.190316,0
55,105,Directed,29577,,,1,1.921594,0
55,59,Directed,29578,,,1,1.868823,0
55,104,Directed,29579,,,1,2.250962,0
55,92,Directed,29580,,,1,2.405624,0
55,376,Directed,29581,,,1,0.346939,1
56,57,Directed,29582,,,1,2.831826,0
56,93,Directed,29583,,,1,2.234853,0
56,122,Directed,29584,,,1,1.745092,0
56,70,Directed,29585,,,1,1.996466,0
56,102,Directed,29586,,,1,1.742857,0
56,107,Directed,29587,,,1,2.031006,0
56,161,Directed,29588,,,1,2.466872,0
56,90,Directed,29589,,,1,2.424405,0
56,233,Directed,29590,,,1,2.57014,0
56,115,Directed,29591,,,1,2.113195,0
56,129,Directed,29592,,,1,2.538763,0
56,121,Directed,29593,,,1,2.407723,0
56,71,Directed,29594,,,1,1.19841,0
56,60,Directed,29595,,,1,2.327265,0
56,184,Directed,29596,,,1,2.390791,0
56,206,Directed,29597,,,1,2.244282,0
56,59,Directed,29598,,,1,1.848174,0
56,61,Directed,29599,,,1,2.351599,0
56,178,Directed,29600,,,1,2.455975,0
56,67,Directed,29601,,,1,2.57959,0
56,92,Directed,29602,,,1,2.497064,0
57,115,Directed,29603,,,1,2.829837,0
57,121,Directed,29604,,,1,2.959113,0
57,355,Directed,29605,,,1,0.666667,1
58,152,Directed,29606,,,1,2.061012,0
58,167,Directed,29607,,,1,2.703768,0
58,186,Directed,29608,,,1,0.522059,1
58,153,Directed,29609,,,1,2.426786,0
58,59,Directed,29610,,,1,1.731722,0
58,171,Directed,29611,,,1,0.520833,1
59,94,Directed,29612,,,1,2.002689,0
59,96,Directed,29613,,,1,2.100816,0
59,167,Directed,29614,,,1,2.159091,0
59,121,Directed,29615,,,1,1.989838,0
59,183,Directed,29616,,,1,2.068214,0
59,106,Directed,29617,,,1,3.331583,0
59,187,Directed,29618,,,1,0.677035,1
59,181,Directed,29619,,,1,3.46721,0
59,235,Directed,29620,,,1,2.096735,0
59,151,Directed,29621,,,1,2.569509,0
59,104,Directed,29622,,,1,1.861583,0
59,153,Directed,29623,,,1,2.180375,0
59,138,Directed,29624,,,1,1.614117,0
59,107,Directed,29625,,,1,1.709021,0
59,145,Directed,29626,,,1,2.494805,0
59,119,Directed,29627,,,1,2.684192,0
59,203,Directed,29628,,,1,2.108586,0
59,112,Directed,29629,,,1,1.835119,0
59,93,Directed,29630,,,1,2.009894,0
59,188,Directed,29631,,,1,1.89649,0
59,184,Directed,29632,,,1,1.895864,0
59,114,Directed,29633,,,1,1.89454,0
59,61,Directed,29634,,,1,1.994268,0
59,136,Directed,29635,,,1,3.483294,0
59,63,Directed,29636,,,1,2.370244,0
59,90,Directed,29637,,,1,2.106602,0
59,129,Directed,29638,,,1,2.142083,0
59,62,Directed,29639,,,1,1.567371,0
59,163,Directed,29640,,,1,2.120882,0
59,70,Directed,29641,,,1,1.552762,0
59,250,Directed,29642,,,1,3.54269,0
59,120,Directed,29643,,,1,1.499482,0
59,189,Directed,29644,,,1,1.918801,0
59,115,Directed,29645,,,1,1.724556,0
59,152,Directed,29646,,,1,1.875981,0
59,180,Directed,29647,,,1,2.776833,0
59,98,Directed,29648,,,1,1.539087,0
59,67,Directed,29649,,,1,2.386533,0
59,74,Directed,29650,,,1,1.731892,0
59,88,Directed,29651,,,1,1.678466,0
59,154,Directed,29652,,,1,1.524486,0
59,91,Directed,29653,,,1,1.761538,0
59,60,Directed,29654,,,1,1.868674,0
59,135,Directed,29655,,,1,1.87789,0
59,137,Directed,29656,,,1,1.829741,0
59,164,Directed,29657,,,1,1.647696,0
60,61,Directed,29658,,,1,2.424559,0
60,104,Directed,29659,,,1,2.278245,0
60,63,Directed,29660,,,1,2.669408,0
60,115,Directed,29661,,,1,2.265251,0
60,116,Directed,29662,,,1,0.4,1
60,129,Directed,29663,,,1,2.582349,0
60,135,Directed,29664,,,1,2.440507,0
60,154,Directed,29665,,,1,1.968,0
60,205,Directed,29666,,,1,3.29955,0
60,217,Directed,29667,,,1,2.226431,0
60,257,Directed,29668,,,1,1.966338,0
60,161,Directed,29669,,,1,2.531528,0
60,121,Directed,29670,,,1,2.500305,0
60,107,Directed,29671,,,1,2.251541,0
60,62,Directed,29672,,,1,1.900543,0
60,176,Directed,29673,,,1,2.347135,0
60,93,Directed,29674,,,1,2.388757,0
60,92,Directed,29675,,,1,2.788786,0
60,130,Directed,29676,,,1,2.569973,0
61,104,Directed,29677,,,1,2.415757,0
61,115,Directed,29678,,,1,2.306208,0
61,153,Directed,29679,,,1,2.604349,0
61,70,Directed,29680,,,1,2.029884,0
61,135,Directed,29681,,,1,2.495223,0
61,161,Directed,29682,,,1,2.297106,0
61,129,Directed,29683,,,1,2.72036,0
61,93,Directed,29684,,,1,2.463868,0
61,62,Directed,29685,,,1,1.992487,0
61,130,Directed,29686,,,1,2.490055,0
61,171,Directed,29687,,,1,1.686508,0
61,107,Directed,29688,,,1,2.380614,0
61,184,Directed,29689,,,1,2.309804,0
61,205,Directed,29690,,,1,3.325,0
61,67,Directed,29691,,,1,2.808143,0
61,164,Directed,29692,,,1,2.206385,0
61,98,Directed,29693,,,1,1.971734,0
61,121,Directed,29694,,,1,2.602868,0
61,120,Directed,29695,,,1,2.039271,0
61,92,Directed,29696,,,1,2.603817,0
62,88,Directed,29697,,,1,1.695676,0
62,137,Directed,29698,,,1,1.594967,0
62,112,Directed,29699,,,1,1.945067,0
62,178,Directed,29700,,,1,1.825878,0
62,129,Directed,29701,,,1,2.22106,0
62,108,Directed,29702,,,1,2.039211,0
62,135,Directed,29703,,,1,1.882805,0
62,154,Directed,29704,,,1,1.700851,0
62,280,Directed,29705,,,1,2.011429,0
62,106,Directed,29706,,,1,1.912558,0
62,70,Directed,29707,,,1,1.539725,0
62,181,Directed,29708,,,1,2.668767,0
62,274,Directed,29709,,,1,1.110981,0
62,291,Directed,29710,,,1,0.311538,1
62,91,Directed,29711,,,1,1.779945,0
62,127,Directed,29712,,,1,1.397734,0
62,120,Directed,29713,,,1,1.532462,0
62,121,Directed,29714,,,1,2.01435,0
62,74,Directed,29715,,,1,1.800463,0
62,105,Directed,29716,,,1,1.570942,0
62,71,Directed,29717,,,1,1.04498,0
62,251,Directed,29718,,,1,3.202424,0
62,316,Directed,29719,,,1,0.523077,1
62,252,Directed,29720,,,1,1.509607,0
62,184,Directed,29721,,,1,1.892837,0
62,164,Directed,29722,,,1,1.741038,0
62,171,Directed,29723,,,1,1.282469,0
62,180,Directed,29724,,,1,3.274094,0
62,104,Directed,29725,,,1,1.896079,0
62,119,Directed,29726,,,1,2.642008,0
62,153,Directed,29727,,,1,2.041165,0
62,87,Directed,29728,,,1,1.881429,0
62,107,Directed,29729,,,1,1.695478,0
62,63,Directed,29730,,,1,2.398627,0
62,335,Directed,29731,,,1,0.348718,1
63,70,Directed,29732,,,1,2.408074,0
63,252,Directed,29733,,,1,2.741827,0
63,136,Directed,29734,,,1,3.541351,0
63,106,Directed,29735,,,1,2.747489,0
63,107,Directed,29736,,,1,2.557062,0
63,92,Directed,29737,,,1,2.990368,0
63,184,Directed,29738,,,1,2.745014,0
63,91,Directed,29739,,,1,2.571375,0
63,112,Directed,29740,,,1,3.02331,0
64,65,Directed,29741,,,1,3.25,0
64,107,Directed,29742,,,1,2.017241,0
64,120,Directed,29743,,,1,2.241107,0
65,120,Directed,29744,,,1,2.044343,0
66,179,Directed,29745,,,1,3.308333,0
66,172,Directed,29746,,,1,4.291667,0
66,142,Directed,29747,,,1,2.732323,0
66,146,Directed,29748,,,1,3.149782,0
66,73,Directed,29749,,,1,3.205338,0
66,72,Directed,29750,,,1,3.026644,0
66,126,Directed,29751,,,1,2.931481,0
66,196,Directed,29752,,,1,3.186819,0
66,357,Directed,29753,,,1,0.393939,1
67,107,Directed,29754,,,1,2.655232,0
67,115,Directed,29755,,,1,2.665128,0
67,70,Directed,29756,,,1,2.326709,0
67,129,Directed,29757,,,1,2.96003,0
67,93,Directed,29758,,,1,2.651634,0
67,121,Directed,29759,,,1,2.953782,0
67,144,Directed,29760,,,1,1.674872,0
67,90,Directed,29761,,,1,2.90693,0
68,70,Directed,29762,,,1,2.028592,0
68,89,Directed,29763,,,1,3.299242,0
68,240,Directed,29764,,,1,1.372378,0
68,152,Directed,29765,,,1,2.87259,0
68,203,Directed,29766,,,1,2.828333,0
68,164,Directed,29767,,,1,2.382937,0
68,143,Directed,29768,,,1,2.677885,0
68,344,Directed,29769,,,1,0.321429,1
69,70,Directed,29770,,,1,1.848122,0
69,113,Directed,29771,,,1,2.565476,0
69,208,Directed,29772,,,1,2.32705,0
69,305,Directed,29773,,,1,0.45614,1
69,125,Directed,29774,,,1,1.722281,0
69,256,Directed,29775,,,1,0.315789,1
69,133,Directed,29776,,,1,1.107164,0
69,189,Directed,29777,,,1,2.051821,0
69,120,Directed,29778,,,1,1.216471,0
69,314,Directed,29779,,,1,2.494444,0
69,80,Directed,29780,,,1,1.546715,0
70,167,Directed,29781,,,1,2.262037,0
70,181,Directed,29782,,,1,2.721933,0
70,136,Directed,29783,,,1,3.10169,0
70,107,Directed,29784,,,1,1.719197,0
70,74,Directed,29785,,,1,1.805783,0
70,146,Directed,29786,,,1,1.907957,0
70,151,Directed,29787,,,1,2.330333,0
70,126,Directed,29788,,,1,1.754537,0
70,72,Directed,29789,,,1,1.748214,0
70,246,Directed,29790,,,1,2.110163,0
70,135,Directed,29791,,,1,2.038349,0
70,121,Directed,29792,,,1,2.045845,0
70,91,Directed,29793,,,1,1.822067,0
70,106,Directed,29794,,,1,1.961857,0
70,108,Directed,29795,,,1,1.987303,0
70,88,Directed,29796,,,1,1.71653,0
70,109,Directed,29797,,,1,2.320482,0
70,112,Directed,29798,,,1,1.990676,0
70,138,Directed,29799,,,1,1.985249,0
70,227,Directed,29800,,,1,1.703623,0
70,179,Directed,29801,,,1,2.059482,0
70,104,Directed,29802,,,1,1.950617,0
70,196,Directed,29803,,,1,1.951804,0
70,226,Directed,29804,,,1,2.019265,0
70,153,Directed,29805,,,1,2.07882,0
70,178,Directed,29806,,,1,1.575298,0
70,96,Directed,29807,,,1,2.270839,0
70,73,Directed,29808,,,1,1.987676,0
70,164,Directed,29809,,,1,1.750501,0
70,127,Directed,29810,,,1,1.653566,0
70,129,Directed,29811,,,1,2.121101,0
70,137,Directed,29812,,,1,1.834644,0
70,120,Directed,29813,,,1,1.547697,0
70,145,Directed,29814,,,1,2.273756,0
71,87,Directed,29815,,,1,2.515873,0
71,99,Directed,29816,,,1,2.055556,0
71,138,Directed,29817,,,1,1.639196,0
71,169,Directed,29818,,,1,2.659243,0
71,135,Directed,29819,,,1,1.893857,0
71,137,Directed,29820,,,1,1.74261,0
71,274,Directed,29821,,,1,1.625215,0
71,91,Directed,29822,,,1,1.362572,0
71,144,Directed,29823,,,1,2.022304,0
71,215,Directed,29824,,,1,3.213757,0
71,231,Directed,29825,,,1,2.079167,0
71,98,Directed,29826,,,1,1.394319,0
71,265,Directed,29827,,,1,1.909257,0
71,122,Directed,29828,,,1,1.257576,0
71,264,Directed,29829,,,1,0.278846,1
71,269,Directed,29830,,,1,1.218874,0
71,139,Directed,29831,,,1,1.822399,0
71,105,Directed,29832,,,1,1.36789,0
71,194,Directed,29833,,,1,2.72619,0
72,73,Directed,29834,,,1,2.77076,0
72,146,Directed,29835,,,1,2.805556,0
72,196,Directed,29836,,,1,2.77076,0
72,179,Directed,29837,,,1,3.003791,0
72,142,Directed,29838,,,1,2.312778,0
72,126,Directed,29839,,,1,2.514286,0
72,127,Directed,29840,,,1,2.523016,0
72,344,Directed,29841,,,1,0.321429,1
72,373,Directed,29842,,,1,0.428571,1
73,103,Directed,29843,,,1,4.21131,0
73,179,Directed,29844,,,1,3.469786,0
73,142,Directed,29845,,,1,2.847319,0
73,146,Directed,29846,,,1,3.86727,0
73,196,Directed,29847,,,1,3.553167,0
73,172,Directed,29848,,,1,4.178571,0
73,127,Directed,29849,,,1,2.62963,0
73,126,Directed,29850,,,1,3.735468,0
74,138,Directed,29851,,,1,1.891574,0
74,152,Directed,29852,,,1,2.418974,0
74,164,Directed,29853,,,1,2.059122,0
74,120,Directed,29854,,,1,1.783853,0
74,186,Directed,29855,,,1,2.301317,0
74,180,Directed,29856,,,1,2.973514,0
74,112,Directed,29857,,,1,2.322396,0
74,91,Directed,29858,,,1,2.148291,0
74,256,Directed,29859,,,1,1.3427,0
74,223,Directed,29860,,,1,1.845298,0
74,165,Directed,29861,,,1,1.53953,0
74,105,Directed,29862,,,1,1.990078,0
74,153,Directed,29863,,,1,2.356232,0
74,226,Directed,29864,,,1,2.286205,0
74,207,Directed,29865,,,1,2.256839,0
74,106,Directed,29866,,,1,2.162806,0
74,104,Directed,29867,,,1,2.493841,0
74,90,Directed,29868,,,1,2.390648,0
74,184,Directed,29869,,,1,2.183717,0
74,227,Directed,29870,,,1,1.711208,0
75,76,Directed,29871,,,1,2.855922,0
75,204,Directed,29872,,,1,3.178571,0
75,216,Directed,29873,,,1,4.064935,0
75,211,Directed,29874,,,1,4.064935,0
75,95,Directed,29875,,,1,4.064935,0
75,212,Directed,29876,,,1,3.202381,0
75,228,Directed,29877,,,1,4.064935,0
75,264,Directed,29878,,,1,3.104167,0
75,288,Directed,29879,,,1,3.202381,0
75,376,Directed,29880,,,1,0.4,1
76,95,Directed,29881,,,1,3.969697,0
76,216,Directed,29882,,,1,3.969697,0
76,204,Directed,29883,,,1,3.083333,0
76,212,Directed,29884,,,1,2.855922,0
76,211,Directed,29885,,,1,3.969697,0
76,288,Directed,29886,,,1,2.855922,0
76,228,Directed,29887,,,1,3.969697,0
76,336,Directed,29888,,,1,0.55,1
76,380,Directed,29889,,,1,0.4,1
77,120,Directed,29890,,,1,2.373549,0
77,137,Directed,29891,,,1,2.625,0
77,199,Directed,29892,,,1,4.414286,0
77,170,Directed,29893,,,1,4.414286,0
78,79,Directed,29894,,,1,2.408254,0
78,158,Directed,29895,,,1,2.447475,0
78,117,Directed,29896,,,1,3.00768,0
78,150,Directed,29897,,,1,2.52904,0
78,286,Directed,29898,,,1,3.832143,0
78,118,Directed,29899,,,1,2.802005,0
78,132,Directed,29900,,,1,2.736251,0
78,157,Directed,29901,,,1,3.141013,0
78,147,Directed,29902,,,1,3.07619,0
78,245,Directed,29903,,,1,2.460684,0
78,128,Directed,29904,,,1,2.943818,0
78,362,Directed,29905,,,1,0.538462,1
79,148,Directed,29906,,,1,1.927521,0
79,210,Directed,29907,,,1,2.575362,0
79,128,Directed,29908,,,1,2.787927,0
79,132,Directed,29909,,,1,3.484729,0
79,202,Directed,29910,,,1,1.843434,0
79,156,Directed,29911,,,1,2.073599,0
79,150,Directed,29912,,,1,2.531279,0
79,276,Directed,29913,,,1,2.487118,0
79,157,Directed,29914,,,1,2.863151,0
79,279,Directed,29915,,,1,3.641941,0
79,118,Directed,29916,,,1,2.462987,0
79,309,Directed,29917,,,1,0.52,1
79,277,Directed,29918,,,1,2.487118,0
79,82,Directed,29919,,,1,2.710761,0
79,131,Directed,29920,,,1,2.778148,0
79,195,Directed,29921,,,1,3.041005,0
79,147,Directed,29922,,,1,2.607639,0
79,149,Directed,29923,,,1,2.68746,0
79,81,Directed,29924,,,1,2.191037,0
79,201,Directed,29925,,,1,2.555238,0
79,286,Directed,29926,,,1,3.118386,0
79,245,Directed,29927,,,1,2.038842,0
79,117,Directed,29928,,,1,2.589258,0
80,162,Directed,29929,,,1,2.873617,0
80,173,Directed,29930,,,1,3.123155,0
80,166,Directed,29931,,,1,3.216071,0
80,177,Directed,29932,,,1,2.426136,0
80,230,Directed,29933,,,1,2.857341,0
80,98,Directed,29934,,,1,0.686219,1
80,133,Directed,29935,,,1,2.508272,0
80,219,Directed,29936,,,1,3.04506,0
80,252,Directed,29937,,,1,0.660144,1
80,100,Directed,29938,,,1,2.765212,0
80,124,Directed,29939,,,1,2.58631,0
80,134,Directed,29940,,,1,3.130256,0
81,82,Directed,29941,,,1,2.656047,0
81,132,Directed,29942,,,1,2.608131,0
81,148,Directed,29943,,,1,2.129076,0
81,202,Directed,29944,,,1,1.770769,0
81,245,Directed,29945,,,1,2.317949,0
81,156,Directed,29946,,,1,2.421356,0
81,147,Directed,29947,,,1,2.869841,0
81,157,Directed,29948,,,1,2.839495,0
81,150,Directed,29949,,,1,2.359192,0
81,268,Directed,29950,,,1,1.646825,0
81,85,Directed,29951,,,1,3.180952,0
81,131,Directed,29952,,,1,2.922097,0
81,174,Directed,29953,,,1,1.262526,0
81,149,Directed,29954,,,1,2.530814,0
82,85,Directed,29955,,,1,3.6875,0
82,128,Directed,29956,,,1,3.205556,0
82,157,Directed,29957,,,1,2.973413,0
82,195,Directed,29958,,,1,3.753827,0
82,279,Directed,29959,,,1,3.966667,0
82,150,Directed,29960,,,1,2.593333,0
82,118,Directed,29961,,,1,2.980351,0
82,245,Directed,29962,,,1,2.398413,0
82,156,Directed,29963,,,1,2.506548,0
82,201,Directed,29964,,,1,3.101525,0
82,132,Directed,29965,,,1,2.884848,0
82,149,Directed,29966,,,1,3.952991,0
83,84,Directed,29967,,,1,2.533333,0
83,174,Directed,29968,,,1,0.995671,0
83,164,Directed,29969,,,1,0.272727,1
83,326,Directed,29970,,,1,0.5,1
84,174,Directed,29971,,,1,2.253968,0
85,195,Directed,29972,,,1,3.966667,0
85,128,Directed,29973,,,1,3.433333,0
85,149,Directed,29974,,,1,3.554545,0
85,118,Directed,29975,,,1,3.360294,0
85,201,Directed,29976,,,1,3.75,0
87,137,Directed,29977,,,1,2.241186,0
87,194,Directed,29978,,,1,3.774545,0
87,215,Directed,29979,,,1,3.894545,0
87,139,Directed,29980,,,1,2.472846,0
87,274,Directed,29981,,,1,2.3725,0
87,105,Directed,29982,,,1,2.088889,0
87,98,Directed,29983,,,1,1.954167,0
88,135,Directed,29984,,,1,2.217346,0
88,137,Directed,29985,,,1,1.983964,0
88,106,Directed,29986,,,1,2.084343,0
88,144,Directed,29987,,,1,2.283333,0
88,107,Directed,29988,,,1,1.919482,0
88,200,Directed,29989,,,1,2.253968,0
88,139,Directed,29990,,,1,1.677207,0
88,231,Directed,29991,,,1,2.204965,0
88,138,Directed,29992,,,1,2.086494,0
88,274,Directed,29993,,,1,1.603671,0
88,91,Directed,29994,,,1,2.267782,0
88,136,Directed,29995,,,1,3.024526,0
88,359,Directed,29996,,,1,0.072917,1
89,107,Directed,29997,,,1,2.732361,0
90,218,Directed,29998,,,1,1.792735,0
90,153,Directed,29999,,,1,2.812452,0
90,93,Directed,30000,,,1,2.560663,0
90,112,Directed,30001,,,1,2.570238,0
90,91,Directed,30002,,,1,2.633465,0
90,107,Directed,30003,,,1,2.310192,0
91,184,Directed,30004,,,1,2.187005,0
91,145,Directed,30005,,,1,2.629789,0
91,252,Directed,30006,,,1,2.294188,0
91,164,Directed,30007,,,1,2.123473,0
91,226,Directed,30008,,,1,2.390646,0
91,106,Directed,30009,,,1,2.162684,0
91,107,Directed,30010,,,1,2.025919,0
91,303,Directed,30011,,,1,0.464286,1
91,280,Directed,30012,,,1,2.544762,0
91,223,Directed,30013,,,1,1.488248,0
91,136,Directed,30014,,,1,3.256443,0
91,326,Directed,30015,,,1,0.294643,1
92,93,Directed,30016,,,1,2.712605,0
92,121,Directed,30017,,,1,2.739021,0
92,161,Directed,30018,,,1,2.81685,0
92,129,Directed,30019,,,1,2.861409,0
92,107,Directed,30020,,,1,2.507836,0
92,154,Directed,30021,,,1,2.515642,0
92,130,Directed,30022,,,1,2.82937,0
92,115,Directed,30023,,,1,2.416527,0
92,256,Directed,30024,,,1,0.357143,1
93,164,Directed,30025,,,1,2.328602,0
93,171,Directed,30026,,,1,1.514516,0
93,107,Directed,30027,,,1,2.221326,0
93,275,Directed,30028,,,1,3.229263,0
93,217,Directed,30029,,,1,2.426619,0
93,121,Directed,30030,,,1,2.560339,0
93,129,Directed,30031,,,1,2.673077,0
93,115,Directed,30032,,,1,2.322879,0
93,112,Directed,30033,,,1,2.151775,0
93,339,Directed,30034,,,1,1.361406,0
94,114,Directed,30035,,,1,2.465556,0
94,163,Directed,30036,,,1,2.563264,0
94,186,Directed,30037,,,1,2.294951,0
94,99,Directed,30038,,,1,0.361111,1
94,185,Directed,30039,,,1,2.033433,0
94,178,Directed,30040,,,1,2.486645,0
94,105,Directed,30041,,,1,2.149751,0
94,120,Directed,30042,,,1,1.944682,0
94,164,Directed,30043,,,1,2.184727,0
95,204,Directed,30044,,,1,4.2,0
95,216,Directed,30045,,,1,4.777778,0
95,228,Directed,30046,,,1,4.777778,0
95,212,Directed,30047,,,1,4.064935,0
95,211,Directed,30048,,,1,4.777778,0
95,288,Directed,30049,,,1,4.064935,0
96,127,Directed,30050,,,1,1.552198,0
96,106,Directed,30051,,,1,2.463113,0
96,208,Directed,30052,,,1,2.608572,0
96,115,Directed,30053,,,1,2.609504,0
96,189,Directed,30054,,,1,2.775556,0
96,235,Directed,30055,,,1,2.943122,0
97,98,Directed,30056,,,1,1.862121,0
97,252,Directed,30057,,,1,1.979853,0
97,164,Directed,30058,,,1,1.643175,0
97,219,Directed,30059,,,1,1.418151,0
97,122,Directed,30060,,,1,0.72549,1
97,359,Directed,30061,,,1,0.152778,1
97,365,Directed,30062,,,1,0.541667,1
98,164,Directed,30063,,,1,1.67572,0
98,106,Directed,30064,,,1,2.138522,0
98,120,Directed,30065,,,1,1.715056,0
98,109,Directed,30066,,,1,2.471404,0
98,104,Directed,30067,,,1,2.19766,0
98,252,Directed,30068,,,1,1.586006,0
98,274,Directed,30069,,,1,2.073232,0
98,105,Directed,30070,,,1,1.562271,0
98,184,Directed,30071,,,1,1.956229,0
98,112,Directed,30072,,,1,2.420833,0
98,207,Directed,30073,,,1,1.198532,0
98,233,Directed,30074,,,1,1.581818,0
99,208,Directed,30075,,,1,1.507177,0
99,112,Directed,30076,,,1,1.285157,0
99,139,Directed,30077,,,1,2.215812,0
100,166,Directed,30078,,,1,3.485069,0
100,124,Directed,30079,,,1,2.867083,0
100,177,Directed,30080,,,1,2.682151,0
100,134,Directed,30081,,,1,3.408103,0
100,173,Directed,30082,,,1,3.556461,0
100,219,Directed,30083,,,1,3.24138,0
100,162,Directed,30084,,,1,3.234375,0
100,230,Directed,30085,,,1,3.230238,0
100,333,Directed,30086,,,1,0.525,1
101,102,Directed,30087,,,1,3.322222,0
101,154,Directed,30088,,,1,2.965378,0
102,125,Directed,30089,,,1,2.111538,0
103,127,Directed,30090,,,1,3.520833,0
103,142,Directed,30091,,,1,3.758242,0
103,196,Directed,30092,,,1,4.193452,0
103,126,Directed,30093,,,1,3.957166,0
103,179,Directed,30094,,,1,3.995238,0
103,146,Directed,30095,,,1,4.157738,0
104,217,Directed,30096,,,1,2.153374,0
104,189,Directed,30097,,,1,2.496671,0
104,154,Directed,30098,,,1,2.04026,0
104,265,Directed,30099,,,1,1.941252,0
104,106,Directed,30100,,,1,2.286364,0
104,107,Directed,30101,,,1,2.176198,0
104,303,Directed,30102,,,1,2.252262,0
104,153,Directed,30103,,,1,2.458457,0
104,266,Directed,30104,,,1,2.536075,0
104,137,Directed,30105,,,1,2.315612,0
104,206,Directed,30106,,,1,1.344692,0
104,280,Directed,30107,,,1,2.086111,0
104,129,Directed,30108,,,1,2.549991,0
104,151,Directed,30109,,,1,2.809543,0
105,180,Directed,30110,,,1,2.919913,0
105,120,Directed,30111,,,1,1.522381,0
105,114,Directed,30112,,,1,2.067865,0
105,163,Directed,30113,,,1,2.207339,0
105,137,Directed,30114,,,1,1.719949,0
105,185,Directed,30115,,,1,2.010394,0
105,139,Directed,30116,,,1,1.486295,0
105,251,Directed,30117,,,1,2.854701,0
105,233,Directed,30118,,,1,1.552521,0
105,215,Directed,30119,,,1,2.628701,0
105,231,Directed,30120,,,1,2.22893,0
105,109,Directed,30121,,,1,2.270644,0
105,184,Directed,30122,,,1,2.072508,0
105,112,Directed,30123,,,1,2.253333,0
105,328,Directed,30124,,,1,0.351852,1
106,135,Directed,30125,,,1,2.424207,0
106,136,Directed,30126,,,1,3.485354,0
106,180,Directed,30127,,,1,3.038683,0
106,184,Directed,30128,,,1,2.286021,0
106,137,Directed,30129,,,1,2.221847,0
106,153,Directed,30130,,,1,2.46371,0
106,189,Directed,30131,,,1,2.223055,0
106,235,Directed,30132,,,1,2.375594,0
106,151,Directed,30133,,,1,2.73226,0
106,164,Directed,30134,,,1,2.15581,0
106,145,Directed,30135,,,1,2.733943,0
106,107,Directed,30136,,,1,2.07628,0
107,120,Directed,30137,,,1,1.704165,0
107,130,Directed,30138,,,1,2.472051,0
107,135,Directed,30139,,,1,2.1938,0
107,181,Directed,30140,,,1,2.944318,0
107,151,Directed,30141,,,1,2.575675,0
107,217,Directed,30142,,,1,1.815518,0
107,200,Directed,30143,,,1,1.834915,0
107,205,Directed,30144,,,1,3.45163,0
107,115,Directed,30145,,,1,2.00012,0
107,121,Directed,30146,,,1,2.279255,0
107,153,Directed,30147,,,1,2.29153,0
107,280,Directed,30148,,,1,1.938333,0
107,184,Directed,30149,,,1,2.087935,0
107,257,Directed,30150,,,1,1.63,0
107,164,Directed,30151,,,1,1.83753,0
107,154,Directed,30152,,,1,1.735303,0
108,186,Directed,30153,,,1,2.454015,0
108,183,Directed,30154,,,1,2.583333,0
108,265,Directed,30155,,,1,2.419598,0
108,120,Directed,30156,,,1,2.020001,0
108,178,Directed,30157,,,1,2.350495,0
108,330,Directed,30158,,,1,0.595238,1
109,114,Directed,30159,,,1,2.594843,0
109,120,Directed,30160,,,1,2.027502,0
109,167,Directed,30161,,,1,2.726389,0
109,164,Directed,30162,,,1,2.444548,0
109,275,Directed,30163,,,1,3.307692,0
109,163,Directed,30164,,,1,2.757178,0
110,111,Directed,30165,,,1,4.225,0
110,155,Directed,30166,,,1,3.444444,0
110,218,Directed,30167,,,1,3.794545,0
110,232,Directed,30168,,,1,4.614286,0
110,259,Directed,30169,,,1,3.363636,0
111,154,Directed,30170,,,1,2.627536,0
111,232,Directed,30171,,,1,4.225,0
111,259,Directed,30172,,,1,3.033333,0
111,155,Directed,30173,,,1,3.122222,0
111,218,Directed,30174,,,1,3.670455,0
112,171,Directed,30175,,,1,1.680556,0
113,269,Directed,30176,,,1,1.848352,0
113,125,Directed,30177,,,1,2.597222,0
114,115,Directed,30178,,,1,2.005484,0
114,240,Directed,30179,,,1,1.438131,0
114,164,Directed,30180,,,1,2.123464,0
114,265,Directed,30181,,,1,2.139441,0
114,120,Directed,30182,,,1,1.879339,0
114,160,Directed,30183,,,1,2.28367,0
114,154,Directed,30184,,,1,2.07137,0
115,176,Directed,30185,,,1,2.736134,0
115,184,Directed,30186,,,1,2.20793,0
115,205,Directed,30187,,,1,3.218059,0
115,129,Directed,30188,,,1,2.55176,0
115,223,Directed,30189,,,1,1.911548,0
115,145,Directed,30190,,,1,2.464881,0
115,130,Directed,30191,,,1,2.492044,0
115,151,Directed,30192,,,1,2.584556,0
115,206,Directed,30193,,,1,1.963553,0
115,121,Directed,30194,,,1,2.323114,0
115,181,Directed,30195,,,1,2.893444,0
115,265,Directed,30196,,,1,1.984921,0
116,120,Directed,30197,,,1,1.262841,0
116,182,Directed,30198,,,1,2,0
117,118,Directed,30199,,,1,2.867018,0
117,132,Directed,30200,,,1,2.821645,0
117,157,Directed,30201,,,1,3.202778,0
117,149,Directed,30202,,,1,2.83989,0
117,286,Directed,30203,,,1,3.5,0
117,131,Directed,30204,,,1,3.091667,0
117,245,Directed,30205,,,1,2.541764,0
117,150,Directed,30206,,,1,2.60486,0
117,128,Directed,30207,,,1,3.006172,0
117,147,Directed,30208,,,1,3.086168,0
118,149,Directed,30209,,,1,2.864141,0
118,128,Directed,30210,,,1,3.478409,0
118,150,Directed,30211,,,1,2.587352,0
118,157,Directed,30212,,,1,3.019444,0
118,195,Directed,30213,,,1,4.021429,0
118,245,Directed,30214,,,1,2.43254,0
118,132,Directed,30215,,,1,2.870996,0
118,352,Directed,30216,,,1,0.535714,1
119,120,Directed,30217,,,1,2.763363,0
119,152,Directed,30218,,,1,3.237885,0
119,121,Directed,30219,,,1,3.00641,0
120,124,Directed,30220,,,1,0.093137,1
120,186,Directed,30221,,,1,1.774805,0
120,153,Directed,30222,,,1,2.093688,0
120,265,Directed,30223,,,1,1.589257,0
120,183,Directed,30224,,,1,1.894892,0
120,163,Directed,30225,,,1,1.984453,0
120,151,Directed,30226,,,1,2.369857,0
120,184,Directed,30227,,,1,1.833778,0
120,152,Directed,30228,,,1,1.883144,0
120,314,Directed,30229,,,1,2.133896,0
120,199,Directed,30230,,,1,2.373549,0
120,164,Directed,30231,,,1,1.646665,0
120,178,Directed,30232,,,1,1.586311,0
120,250,Directed,30233,,,1,3.495694,0
120,137,Directed,30234,,,1,1.571189,0
120,170,Directed,30235,,,1,2.373549,0
120,217,Directed,30236,,,1,1.856349,0
120,253,Directed,30237,,,1,2.73863,0
120,144,Directed,30238,,,1,2.296465,0
121,130,Directed,30239,,,1,2.862255,0
121,145,Directed,30240,,,1,3.003479,0
121,206,Directed,30241,,,1,2.546388,0
121,184,Directed,30242,,,1,2.409269,0
121,129,Directed,30243,,,1,2.763659,0
121,226,Directed,30244,,,1,2.39246,0
122,280,Directed,30245,,,1,2.423611,0
122,138,Directed,30246,,,1,1.210413,0
122,265,Directed,30247,,,1,1.820742,0
122,360,Directed,30248,,,1,0.4,1
123,124,Directed,30249,,,1,2.465686,0
123,133,Directed,30250,,,1,2.41,0
123,142,Directed,30251,,,1,2.223039,0
123,386,Directed,30252,,,1,0.571429,1
124,173,Directed,30253,,,1,3.220539,0
124,133,Directed,30254,,,1,2.771759,0
124,142,Directed,30255,,,1,2.004873,0
124,162,Directed,30256,,,1,2.906667,0
124,230,Directed,30257,,,1,2.939286,0
124,219,Directed,30258,,,1,3.031069,0
124,134,Directed,30259,,,1,3.259128,0
124,177,Directed,30260,,,1,2.460084,0
124,166,Directed,30261,,,1,3.341856,0
125,162,Directed,30262,,,1,2.416667,0
126,127,Directed,30263,,,1,2.370934,0
126,146,Directed,30264,,,1,3.029487,0
126,142,Directed,30265,,,1,2.439476,0
126,196,Directed,30266,,,1,2.973077,0
126,172,Directed,30267,,,1,3.933553,0
126,179,Directed,30268,,,1,3.044805,0
126,370,Directed,30269,,,1,0.37037,1
127,146,Directed,30270,,,1,2.693452,0
127,196,Directed,30271,,,1,2.644444,0
127,142,Directed,30272,,,1,2.228327,0
127,369,Directed,30273,,,1,0.535714,1
128,149,Directed,30274,,,1,3.291069,0
128,132,Directed,30275,,,1,3.203247,0
128,201,Directed,30276,,,1,3.038095,0
128,150,Directed,30277,,,1,2.745894,0
128,195,Directed,30278,,,1,4.192857,0
128,157,Directed,30279,,,1,3.127778,0
129,265,Directed,30280,,,1,2.41539,0
129,130,Directed,30281,,,1,2.874686,0
130,255,Directed,30282,,,1,2.508418,0
130,205,Directed,30283,,,1,3.699134,0
130,355,Directed,30284,,,1,0.438596,1
131,132,Directed,30285,,,1,2.925485,0
131,158,Directed,30286,,,1,2.834215,0
131,147,Directed,30287,,,1,3.186607,0
131,245,Directed,30288,,,1,3.515909,0
131,156,Directed,30289,,,1,2.766583,0
131,202,Directed,30290,,,1,2.447917,0
131,148,Directed,30291,,,1,2.639803,0
131,150,Directed,30292,,,1,2.741473,0
132,149,Directed,30293,,,1,2.839627,0
132,147,Directed,30294,,,1,2.919136,0
132,201,Directed,30295,,,1,2.871429,0
132,150,Directed,30296,,,1,2.669317,0
132,245,Directed,30297,,,1,2.420991,0
132,148,Directed,30298,,,1,2.276265,0
132,157,Directed,30299,,,1,3.031169,0
132,195,Directed,30300,,,1,3.399784,0
132,156,Directed,30301,,,1,2.425866,0
133,134,Directed,30302,,,1,3.07225,0
133,173,Directed,30303,,,1,3.111481,0
133,142,Directed,30304,,,1,1.384155,0
133,219,Directed,30305,,,1,2.874644,0
133,166,Directed,30306,,,1,3.058535,0
133,230,Directed,30307,,,1,2.833232,0
133,162,Directed,30308,,,1,2.79739,0
133,177,Directed,30309,,,1,2.343229,0
133,225,Directed,30310,,,1,0.212121,1
134,177,Directed,30311,,,1,3.109557,0
134,219,Directed,30312,,,1,3.544872,0
134,162,Directed,30313,,,1,3.391275,0
134,230,Directed,30314,,,1,4.184615,0
134,207,Directed,30315,,,1,1.4995,0
134,166,Directed,30316,,,1,3.732323,0
135,231,Directed,30317,,,1,2.264069,0
135,185,Directed,30318,,,1,1.782726,0
135,178,Directed,30319,,,1,2.67805,0
135,206,Directed,30320,,,1,2.579271,0
135,382,Directed,30321,,,1,0.36,1
136,184,Directed,30322,,,1,3.136274,0
137,170,Directed,30323,,,1,2.625,0
137,199,Directed,30324,,,1,2.625,0
137,200,Directed,30325,,,1,2.701923,0
137,215,Directed,30326,,,1,2.777778,0
137,139,Directed,30327,,,1,1.649405,0
138,139,Directed,30328,,,1,1.813237,0
138,165,Directed,30329,,,1,1.668478,0
138,188,Directed,30330,,,1,2.446784,0
138,231,Directed,30331,,,1,2.479435,0
138,154,Directed,30332,,,1,2.186275,0
138,291,Directed,30333,,,1,0.440476,1
138,144,Directed,30334,,,1,2.196154,0
139,144,Directed,30335,,,1,2.05697,0
139,215,Directed,30336,,,1,3.358095,0
139,274,Directed,30337,,,1,1.901197,0
139,169,Directed,30338,,,1,2.665775,0
139,194,Directed,30339,,,1,3.211429,0
139,231,Directed,30340,,,1,2.333224,0
139,375,Directed,30341,,,1,0.383333,1
140,141,Directed,30342,,,1,1,0
141,209,Directed,30343,,,1,0.5,1
141,315,Directed,30344,,,1,1,0
142,172,Directed,30345,,,1,3.755952,0
142,196,Directed,30346,,,1,2.55362,0
142,179,Directed,30347,,,1,2.691449,0
142,146,Directed,30348,,,1,2.556777,0
143,188,Directed,30349,,,1,2.622619,0
143,185,Directed,30350,,,1,2.380019,0
143,203,Directed,30351,,,1,2.630952,0
143,366,Directed,30352,,,1,0.404762,1
144,231,Directed,30353,,,1,2.596992,0
144,169,Directed,30354,,,1,2.778409,0
144,396,Directed,30355,,,1,0.103383,1
145,153,Directed,30356,,,1,2.876475,0
145,223,Directed,30357,,,1,2.260452,0
145,181,Directed,30358,,,1,3.507005,0
146,179,Directed,30359,,,1,4.085859,0
146,196,Directed,30360,,,1,3.86727,0
146,172,Directed,30361,,,1,4.142857,0
147,148,Directed,30362,,,1,2.644444,0
147,150,Directed,30363,,,1,2.752525,0
147,245,Directed,30364,,,1,2.649683,0
147,368,Directed,30365,,,1,0.393939,1
148,150,Directed,30366,,,1,2.302135,0
148,238,Directed,30367,,,1,3.3925,0
148,156,Directed,30368,,,1,2.346429,0
148,268,Directed,30369,,,1,1.769841,0
148,245,Directed,30370,,,1,2.108923,0
148,158,Directed,30371,,,1,2.40766,0
148,244,Directed,30372,,,1,3.497222,0
148,159,Directed,30373,,,1,3.568182,0
148,210,Directed,30374,,,1,2.484118,0
148,258,Directed,30375,,,1,2.480217,0
149,150,Directed,30376,,,1,2.463523,0
149,156,Directed,30377,,,1,2.441342,0
149,195,Directed,30378,,,1,3.904762,0
149,201,Directed,30379,,,1,2.852153,0
149,279,Directed,30380,,,1,3.876068,0
149,202,Directed,30381,,,1,2.222867,0
149,245,Directed,30382,,,1,2.261905,0
149,157,Directed,30383,,,1,2.828571,0
150,195,Directed,30384,,,1,3.160673,0
150,202,Directed,30385,,,1,1.94129,0
150,157,Directed,30386,,,1,2.725399,0
150,276,Directed,30387,,,1,2.618687,0
150,245,Directed,30388,,,1,2.053068,0
150,277,Directed,30389,,,1,2.618687,0
150,209,Directed,30390,,,1,0.2875,1
151,152,Directed,30391,,,1,2.883522,0
151,154,Directed,30392,,,1,2.633784,0
152,181,Directed,30393,,,1,3.245253,0
152,274,Directed,30394,,,1,0.276364,1
152,250,Directed,30395,,,1,3.704861,0
152,265,Directed,30396,,,1,2.493205,0
153,189,Directed,30397,,,1,2.628657,0
153,184,Directed,30398,,,1,2.530334,0
153,223,Directed,30399,,,1,2.153777,0
153,235,Directed,30400,,,1,2.590873,0
153,266,Directed,30401,,,1,2.324074,0
153,181,Directed,30402,,,1,3.214269,0
153,167,Directed,30403,,,1,2.550196,0
154,217,Directed,30404,,,1,2.235,0
154,254,Directed,30405,,,1,0.36,1
154,274,Directed,30406,,,1,1.195238,0
154,218,Directed,30407,,,1,1.857819,0
154,169,Directed,30408,,,1,1.482399,0
155,249,Directed,30409,,,1,2.291667,0
155,218,Directed,30410,,,1,2.627137,0
155,232,Directed,30411,,,1,3.444444,0
155,236,Directed,30412,,,1,1.444444,0
156,198,Directed,30413,,,1,1,0
156,258,Directed,30414,,,1,2.627778,0
156,158,Directed,30415,,,1,2.371429,0
156,279,Directed,30416,,,1,3.813492,0
156,245,Directed,30417,,,1,2.396818,0
156,244,Directed,30418,,,1,2.935185,0
157,286,Directed,30419,,,1,3.822222,0
157,245,Directed,30420,,,1,2.923182,0
157,158,Directed,30421,,,1,2.453667,0
158,159,Directed,30422,,,1,3.745192,0
158,286,Directed,30423,,,1,3.125926,0
158,244,Directed,30424,,,1,3.639316,0
158,238,Directed,30425,,,1,3.556044,0
158,245,Directed,30426,,,1,2.053826,0
158,258,Directed,30427,,,1,2.638095,0
158,210,Directed,30428,,,1,2.81875,0
159,238,Directed,30429,,,1,4.446429,0
159,258,Directed,30430,,,1,4.05,0
159,244,Directed,30431,,,1,4.333333,0
160,189,Directed,30432,,,1,2.359472,0
160,208,Directed,30433,,,1,2.15625,0
160,217,Directed,30434,,,1,1.808858,0
161,306,Directed,30435,,,1,0.545455,1
161,379,Directed,30436,,,1,0.424242,1
162,230,Directed,30437,,,1,3.387319,0
162,187,Directed,30438,,,1,2.665404,0
162,173,Directed,30439,,,1,3.636697,0
162,166,Directed,30440,,,1,4.236905,0
162,177,Directed,30441,,,1,3.010935,0
162,219,Directed,30442,,,1,3.337689,0
163,164,Directed,30443,,,1,2.34463,0
163,226,Directed,30444,,,1,2.853207,0
163,184,Directed,30445,,,1,2.364643,0
163,275,Directed,30446,,,1,3.411667,0
163,167,Directed,30447,,,1,2.651732,0
163,252,Directed,30448,,,1,2.696825,0
164,275,Directed,30449,,,1,3.503968,0
164,307,Directed,30450,,,1,2.27668,0
164,257,Directed,30451,,,1,1.866938,0
164,167,Directed,30452,,,1,2.286007,0
164,252,Directed,30453,,,1,1.64347,0
164,186,Directed,30454,,,1,1.911998,0
164,185,Directed,30455,,,1,2.183149,0
164,184,Directed,30456,,,1,2.078406,0
164,348,Directed,30457,,,1,0.371212,1
166,177,Directed,30458,,,1,3.841563,0
166,173,Directed,30459,,,1,3.873232,0
166,187,Directed,30460,,,1,2.855655,0
166,219,Directed,30461,,,1,3.778571,0
166,230,Directed,30462,,,1,3.905952,0
167,266,Directed,30463,,,1,2.747222,0
167,275,Directed,30464,,,1,3.5125,0
167,351,Directed,30465,,,1,0.37037,1
168,229,Directed,30466,,,1,4.218344,0
168,263,Directed,30467,,,1,3.313636,0
168,242,Directed,30468,,,1,3.175366,0
168,262,Directed,30469,,,1,3.767316,0
168,220,Directed,30470,,,1,3.027778,0
168,273,Directed,30471,,,1,4.25,0
168,239,Directed,30472,,,1,2.96131,0
170,199,Directed,30473,,,1,4.414286,0
171,252,Directed,30474,,,1,1.621429,0
172,196,Directed,30475,,,1,4.160714,0
172,179,Directed,30476,,,1,4.271429,0
173,177,Directed,30477,,,1,3.159674,0
173,187,Directed,30478,,,1,3.196429,0
173,219,Directed,30479,,,1,3.537338,0
174,175,Directed,30480,,,1,1,0
174,245,Directed,30481,,,1,0.961905,0
174,282,Directed,30482,,,1,0.458333,1
174,317,Directed,30483,,,1,0.625,1
176,217,Directed,30484,,,1,2.567708,0
176,257,Directed,30485,,,1,2.94,0
177,187,Directed,30486,,,1,2.486243,0
177,230,Directed,30487,,,1,2.836343,0
177,219,Directed,30488,,,1,2.913301,0
177,224,Directed,30489,,,1,0.208333,1
177,349,Directed,30490,,,1,0.520833,1
178,227,Directed,30491,,,1,1.924242,0
178,186,Directed,30492,,,1,2.329337,0
178,226,Directed,30493,,,1,2.295094,0
178,183,Directed,30494,,,1,2.088745,0
178,358,Directed,30495,,,1,0.511111,1
179,196,Directed,30496,,,1,4.19697,0
182,367,Directed,30497,,,1,0.555556,1
183,227,Directed,30498,,,1,1.764985,0
183,353,Directed,30499,,,1,0.4,1
184,252,Directed,30500,,,1,1.798003,0
184,280,Directed,30501,,,1,2.151111,0
184,265,Directed,30502,,,1,2.102509,0
184,226,Directed,30503,,,1,2.26813,0
184,227,Directed,30504,,,1,2.248419,0
184,365,Directed,30505,,,1,0.375,1
185,186,Directed,30506,,,1,1.96161,0
185,266,Directed,30507,,,1,1.791414,0
185,188,Directed,30508,,,1,2.25,0
185,203,Directed,30509,,,1,2.597222,0
186,266,Directed,30510,,,1,1.669048,0
187,230,Directed,30511,,,1,2.858333,0
187,364,Directed,30512,,,1,0.435897,1
188,266,Directed,30513,,,1,2.412698,0
188,207,Directed,30514,,,1,2.06746,0
188,246,Directed,30515,,,1,3.126068,0
189,235,Directed,30516,,,1,2.719587,0
189,253,Directed,30517,,,1,3.380606,0
189,252,Directed,30518,,,1,1.748979,0
189,208,Directed,30519,,,1,2.123626,0
190,191,Directed,30520,,,1,1,0
191,237,Directed,30521,,,1,0.466667,1
191,385,Directed,30522,,,1,0.555556,1
192,193,Directed,30523,,,1,3.25,0
192,284,Directed,30524,,,1,3.25,0
192,202,Directed,30525,,,1,2.189076,0
193,202,Directed,30526,,,1,2.192157,0
194,215,Directed,30527,,,1,3.888889,0
194,274,Directed,30528,,,1,3.103175,0
197,220,Directed,30529,,,1,3.827473,0
197,272,Directed,30530,,,1,3.8375,0
197,222,Directed,30531,,,1,4.571429,0
197,239,Directed,30532,,,1,3.7,0
197,221,Directed,30533,,,1,4.614286,0
200,257,Directed,30534,,,1,1.901738,0
201,371,Directed,30535,,,1,0.5,1
202,284,Directed,30536,,,1,2.192157,0
202,304,Directed,30537,,,1,1,0
202,268,Directed,30538,,,1,1.585965,0
202,294,Directed,30539,,,1,1.334343,0
202,239,Directed,30540,,,1,1.162688,0
202,248,Directed,30541,,,1,1.334343,0
202,245,Directed,30542,,,1,1.85817,0
202,371,Directed,30543,,,1,0.416667,1
203,331,Directed,30544,,,1,0.4,1
203,396,Directed,30545,,,1,0.105263,1
204,216,Directed,30546,,,1,4.2,0
204,212,Directed,30547,,,1,3.178571,0
204,211,Directed,30548,,,1,4.2,0
204,288,Directed,30549,,,1,3.178571,0
204,228,Directed,30550,,,1,4.2,0
204,388,Directed,30551,,,1,0.555556,1
206,280,Directed,30552,,,1,1.323232,0
206,240,Directed,30553,,,1,0.290598,1
206,389,Directed,30554,,,1,0.384615,1
207,246,Directed,30555,,,1,2.792857,0
207,230,Directed,30556,,,1,1.25426,0
207,231,Directed,30557,,,1,2.490909,0
207,319,Directed,30558,,,1,1,0
208,302,Directed,30559,,,1,0.333333,1
209,320,Directed,30560,,,1,1,0
209,323,Directed,30561,,,1,1,0
210,245,Directed,30562,,,1,2.250337,0
210,285,Directed,30563,,,1,0.571429,1
210,238,Directed,30564,,,1,3.466667,0
210,258,Directed,30565,,,1,2.9,0
211,212,Directed,30566,,,1,4.064935,0
211,228,Directed,30567,,,1,4.777778,0
211,288,Directed,30568,,,1,4.064935,0
211,216,Directed,30569,,,1,4.777778,0
212,264,Directed,30570,,,1,3.104167,0
212,216,Directed,30571,,,1,4.064935,0
212,228,Directed,30572,,,1,4.064935,0
212,288,Directed,30573,,,1,3.202381,0
212,342,Directed,30574,,,1,0.4,1
213,214,Directed,30575,,,1,3.116667,0
213,234,Directed,30576,,,1,3.566667,0
213,241,Directed,30577,,,1,2.75,0
213,261,Directed,30578,,,1,3.933333,0
213,267,Directed,30579,,,1,3.116667,0
213,260,Directed,30580,,,1,3.933333,0
213,281,Directed,30581,,,1,3.116667,0
213,378,Directed,30582,,,1,0.416667,1
214,241,Directed,30583,,,1,3.116667,0
214,234,Directed,30584,,,1,3.322222,0
216,228,Directed,30585,,,1,4.777778,0
216,288,Directed,30586,,,1,4.064935,0
217,280,Directed,30587,,,1,2.676937,0
217,339,Directed,30588,,,1,1.492823,0
218,259,Directed,30589,,,1,2.377143,0
218,224,Directed,30590,,,1,2.486607,0
218,232,Directed,30591,,,1,3.794545,0
219,230,Directed,30592,,,1,3.368326,0
220,221,Directed,30593,,,1,3.827473,0
220,273,Directed,30594,,,1,3.898901,0
220,272,Directed,30595,,,1,3.881319,0
220,222,Directed,30596,,,1,3.901442,0
220,262,Directed,30597,,,1,3.228571,0
220,229,Directed,30598,,,1,2.942857,0
220,239,Directed,30599,,,1,3.709091,0
220,242,Directed,30600,,,1,2.573214,0
221,222,Directed,30601,,,1,4.571429,0
221,239,Directed,30602,,,1,3.7,0
221,272,Directed,30603,,,1,3.8375,0
222,239,Directed,30604,,,1,3.791667,0
224,225,Directed,30605,,,1,0.333333,1
224,259,Directed,30606,,,1,2.475275,0
224,351,Directed,30607,,,1,0.444444,1
225,324,Directed,30608,,,1,1,0
225,297,Directed,30609,,,1,1.425,0
225,298,Directed,30610,,,1,1.425,0
225,356,Directed,30611,,,1,0.444444,1
226,227,Directed,30612,,,1,2.205532,0
227,302,Directed,30613,,,1,0.318182,1
228,288,Directed,30614,,,1,4.064935,0
229,242,Directed,30615,,,1,3.121337,0
229,272,Directed,30616,,,1,3.344615,0
229,239,Directed,30617,,,1,2.916667,0
229,273,Directed,30618,,,1,4.214545,0
229,262,Directed,30619,,,1,4.164773,0
229,263,Directed,30620,,,1,3.25,0
231,274,Directed,30621,,,1,2.40463,0
232,259,Directed,30622,,,1,3.363636,0
233,381,Directed,30623,,,1,0.5625,1
234,267,Directed,30624,,,1,3.322222,0
234,260,Directed,30625,,,1,4.125,0
234,241,Directed,30626,,,1,3.566667,0
234,281,Directed,30627,,,1,3.322222,0
234,261,Directed,30628,,,1,4.125,0
235,253,Directed,30629,,,1,3.631944,0
235,252,Directed,30630,,,1,1.512488,0
235,379,Directed,30631,,,1,0.416667,1
236,237,Directed,30632,,,1,0.533333,1
236,249,Directed,30633,,,1,2.75,0
237,259,Directed,30634,,,1,1.826923,0
238,244,Directed,30635,,,1,3.986111,0
238,258,Directed,30636,,,1,3.9,0
239,262,Directed,30637,,,1,3.679167,0
239,242,Directed,30638,,,1,2.445011,0
239,272,Directed,30639,,,1,3.711565,0
239,273,Directed,30640,,,1,3.8,0
239,263,Directed,30641,,,1,2.875,0
240,293,Directed,30642,,,1,0.407407,1
240,377,Directed,30643,,,1,0.555556,1
241,281,Directed,30644,,,1,3.116667,0
241,261,Directed,30645,,,1,3.933333,0
241,260,Directed,30646,,,1,3.933333,0
241,267,Directed,30647,,,1,3.116667,0
241,341,Directed,30648,,,1,0.5625,1
242,273,Directed,30649,,,1,3.95,0
242,272,Directed,30650,,,1,3.101587,0
242,262,Directed,30651,,,1,3.199176,0
242,325,Directed,30652,,,1,1,0
242,271,Directed,30653,,,1,1.926923,0
243,281,Directed,30654,,,1,0.5,1
243,340,Directed,30655,,,1,0.666667,1
244,258,Directed,30656,,,1,3.888889,0
244,245,Directed,30657,,,1,2.688934,0
245,286,Directed,30658,,,1,3.497222,0
245,258,Directed,30659,,,1,2.132407,0
245,279,Directed,30660,,,1,3.666667,0
247,248,Directed,30661,,,1,3.916667,0
247,301,Directed,30662,,,1,3.904762,0
247,294,Directed,30663,,,1,3.916667,0
247,308,Directed,30664,,,1,3.678571,0
247,290,Directed,30665,,,1,4.011905,0
248,294,Directed,30666,,,1,4.15,0
248,289,Directed,30667,,,1,4.05,0
248,290,Directed,30668,,,1,3.833333,0
248,308,Directed,30669,,,1,3.125,0
248,301,Directed,30670,,,1,3.027778,0
254,321,Directed,30671,,,1,1,0
254,370,Directed,30672,,,1,0.555556,1
256,257,Directed,30673,,,1,1.358187,0
257,292,Directed,30674,,,1,0.538462,1
257,354,Directed,30675,,,1,0.384615,1
258,361,Directed,30676,,,1,0.407407,1
259,347,Directed,30677,,,1,0.407407,1
260,261,Directed,30678,,,1,4.6,0
262,263,Directed,30679,,,1,3.363636,0
262,272,Directed,30680,,,1,3.5,0
262,273,Directed,30681,,,1,4.35,0
263,354,Directed,30682,,,1,0.444444,1
264,288,Directed,30683,,,1,3.104167,0
265,280,Directed,30684,,,1,2.176667,0
265,303,Directed,30685,,,1,2.463458,0
267,360,Directed,30686,,,1,0.5,1
268,328,Directed,30687,,,1,0.5,1
269,270,Directed,30688,,,1,1,0
269,302,Directed,30689,,,1,0.375,1
269,347,Directed,30690,,,1,0.416667,1
271,357,Directed,30691,,,1,0.555556,1
274,348,Directed,30692,,,1,0.484848,1
276,277,Directed,30693,,,1,3.083333,0
276,350,Directed,30694,,,1,0.625,1
277,382,Directed,30695,,,1,0.5,1
278,342,Directed,30696,,,1,0.666667,1
282,313,Directed,30697,,,1,0.833333,0
282,375,Directed,30698,,,1,0.555556,1
283,287,Directed,30699,,,1,0.833333,0
285,363,Directed,30700,,,1,0.666667,1
287,299,Directed,30701,,,1,1,0
288,338,Directed,30702,,,1,0.4,1
289,290,Directed,30703,,,1,4.333333,0
289,294,Directed,30704,,,1,4.05,0
290,294,Directed,30705,,,1,3.833333,0
290,301,Directed,30706,,,1,3.541667,0
291,292,Directed,30707,,,1,0.625,1
291,366,Directed,30708,,,1,0.5,1
293,303,Directed,30709,,,1,0.466667,1
294,308,Directed,30710,,,1,3.125,0
294,301,Directed,30711,,,1,3.027778,0
295,296,Directed,30712,,,1,1,0
295,380,Directed,30713,,,1,0.666667,1
297,298,Directed,30714,,,1,1.95,0
297,312,Directed,30715,,,1,1,0
301,308,Directed,30716,,,1,3.208333,0
301,346,Directed,30717,,,1,0.583333,1
302,345,Directed,30718,,,1,0.5,1
305,329,Directed,30719,,,1,0.666667,1
307,316,Directed,30720,,,1,0.8,0
308,311,Directed,30721,,,1,1,0
309,356,Directed,30722,,,1,0.666667,1
310,393,Directed,30723,,,1,0.75,1
313,317,Directed,30724,,,1,1,0
318,345,Directed,30725,,,1,0.555556,1
318,378,Directed,30726,,,1,0.555556,1
326,359,Directed,30727,,,1,0.277778,1
326,384,Directed,30728,,,1,0.625,1
327,359,Directed,30729,,,1,1,0
328,359,Directed,30730,,,1,0.351852,1
329,359,Directed,30731,,,1,0.513889,1
330,359,Directed,30732,,,1,0.361111,1
331,359,Directed,30733,,,1,0.351852,1
331,385,Directed,30734,,,1,0.666667,1
332,359,Directed,30735,,,1,0.513889,1
333,359,Directed,30736,,,1,0.513889,1
334,359,Directed,30737,,,1,2.055598,0
334,335,Directed,30738,,,1,2.75,0
335,359,Directed,30739,,,1,1.083459,0
336,359,Directed,30740,,,1,0.513889,1
337,359,Directed,30741,,,1,0.513889,1
338,359,Directed,30742,,,1,0.351852,1
339,359,Directed,30743,,,1,0.351852,1
340,359,Directed,30744,,,1,0.513889,1
341,359,Directed,30745,,,1,0.513889,1
342,359,Directed,30746,,,1,0.351852,1
343,359,Directed,30747,,,1,0.351852,1
344,359,Directed,30748,,,1,0.270833,1
344,389,Directed,30749,,,1,0.5,1
345,359,Directed,30750,,,1,0.351852,1
346,359,Directed,30751,,,1,0.513889,1
347,359,Directed,30752,,,1,0.351852,1
348,359,Directed,30753,,,1,0.37037,1
349,359,Directed,30754,,,1,0.513889,1
350,359,Directed,30755,,,1,0.513889,1
351,359,Directed,30756,,,1,0.351852,1
352,359,Directed,30757,,,1,0.513889,1
353,359,Directed,30758,,,1,0.351852,1
353,383,Directed,30759,,,1,0.555556,1
354,359,Directed,30760,,,1,0.351852,1
355,359,Directed,30761,,,1,0.351852,1
356,359,Directed,30762,,,1,0.351852,1
357,359,Directed,30763,,,1,0.351852,1
358,359,Directed,30764,,,1,0.351852,1
359,361,Directed,30765,,,1,0.351852,1
360,396,Directed,30766,,,1,0.350877,1
361,396,Directed,30767,,,1,0.350877,1
362,396,Directed,30768,,,1,0.513158,1
363,396,Directed,30769,,,1,0.350877,1
364,396,Directed,30770,,,1,0.359649,1
365,396,Directed,30771,,,1,0.350877,1
366,396,Directed,30772,,,1,0.359649,1
367,396,Directed,30773,,,1,0.350877,1
368,396,Directed,30774,,,1,0.350877,1
369,396,Directed,30775,,,1,0.513158,1
370,396,Directed,30776,,,1,0.350877,1
371,396,Directed,30777,,,1,0.350877,1
372,396,Directed,30778,,,1,0.513158,1
373,396,Directed,30779,,,1,0.359649,1
374,396,Directed,30780,,,1,0.526316,1
375,396,Directed,30781,,,1,0.359649,1
376,396,Directed,30782,,,1,0.350877,1
377,396,Directed,30783,,,1,0.513158,1
378,396,Directed,30784,,,1,0.350877,1
379,396,Directed,30785,,,1,0.350877,1
380,396,Directed,30786,,,1,0.350877,1
381,396,Directed,30787,,,1,0.513158,1
382,396,Directed,30788,,,1,0.350877,1
383,396,Directed,30789,,,1,0.368421,1
384,396,Directed,30790,,,1,0.513158,1
385,396,Directed,30791,,,1,0.359649,1
386,396,Directed,30792,,,1,0.513158,1
387,396,Directed,30793,,,1,1,0
388,396,Directed,30794,,,1,0.513158,1
389,396,Directed,30795,,,1,0.350877,1
390,396,Directed,30796,,,1,1,0
391,396,Directed,30797,,,1,0.513158,1
392,396,Directed,30798,,,1,1,0
393,396,Directed,30799,,,1,0.513158,1
394,396,Directed,30800,,,1,0.350877,1
395,396,Directed,30801,,,1,1,0
