Source,Target,cluster
0,1,1
0,2,1
0,3,1
0,4,1
0,5,1
0,6,1
0,7,1
0,8,1
0,9,1
0,10,1
0,11,1
0,12,1
0,13,1
0,14,1
0,15,1
0,16,1
0,17,1
0,18,1
0,19,1
0,20,1
0,21,1
0,22,1
0,23,1
0,24,1
0,25,1
0,26,1
0,27,1
0,28,1
0,29,1
0,30,1
1,17,1
1,31,1
1,12,1
1,15,1
1,9,1
1,23,1
1,32,1
1,33,1
1,21,1
1,34,1
1,2,1
1,8,1
1,19,1
1,35,1
1,6,1
1,5,1
1,7,1
1,36,1
1,10,1
1,3,1
1,37,1
1,18,1
2,38,1
2,20,2
2,39,2
2,12,2
2,6,1
2,7,2
2,33,1
2,27,2
2,22,2
2,40,1
2,41,2
2,42,1
2,8,1
2,10,1
2,3,2
2,17,1
2,18,1
2,43,1
2,15,2
2,44,2
2,45,2
2,5,1
2,19,1
2,26,1
2,21,2
2,46,1
2,47,1
2,48,2
2,49,1
2,11,2
2,50,1
2,51,2
2,52,1
2,53,2
2,54,1
2,55,2
3,56,1
3,57,1
3,58,1
3,59,1
3,45,2
3,60,2
3,61,1
3,62,2
3,63,1
3,64,2
3,65,2
3,66,1
3,10,1
3,67,2
3,68,2
3,69,2
3,70,1
3,21,2
3,71,2
4,5,1
4,72,1
4,73,1
4,12,1
4,74,1
4,75,1
4,76,1
4,77,1
4,78,1
5,6,1
5,27,1
5,12,1
5,33,1
5,79,1
5,80,1
5,15,1
5,17,1
5,81,1
5,26,1
5,82,1
5,7,1
5,83,1
5,84,1
5,85,1
5,86,1
5,21,1
6,87,1
6,88,1
6,21,1
6,18,1
6,89,1
6,15,1
6,90,1
6,91,1
6,92,1
6,93,1
6,27,1
6,12,1
6,94,1
6,95,1
6,96,1
6,97,1
6,98,1
6,99,1
6,9,1
6,75,1
6,14,1
6,8,1
7,100,2
7,21,2
7,101,1
7,27,2
8,21,1
8,102,1
8,12,1
8,103,1
8,40,1
8,23,1
8,20,1
8,104,1
8,15,1
8,105,1
8,106,1
8,9,1
8,29,1
9,107,2
9,108,1
9,33,1
9,109,2
9,110,2
9,111,2
9,15,2
9,112,1
9,23,1
9,69,2
9,113,1
9,114,2
9,115,1
9,29,1
9,116,2
9,117,1
9,118,2
9,119,2
9,120,2
9,121,2
9,122,1
9,123,2
9,124,2
9,125,1
9,126,2
9,127,1
9,128,1
9,129,2
10,130,1
10,72,1
10,44,1
10,131,1
10,132,1
10,133,1
10,134,1
10,21,1
10,135,1
10,19,1
10,18,1
10,17,1
10,136,1
10,137,1
10,26,1
10,24,1
11,138,2
11,139,1
11,140,1
11,141,1
11,83,1
11,142,2
11,143,1
11,144,1
11,145,1
11,146,1
11,147,1
11,148,2
11,149,1
11,150,1
11,151,1
11,152,1
12,153,1
12,154,1
12,155,2
12,23,1
12,156,2
12,27,2
12,21,2
12,157,1
12,15,2
12,17,1
12,158,1
12,13,2
12,68,2
12,44,2
12,105,2
12,75,2
12,152,1
12,159,1
13,14,2
13,160,1
13,161,1
13,162,1
13,163,1
13,122,1
13,32,2
13,23,1
13,164,1
13,165,1
13,33,1
13,166,2
13,123,2
13,167,2
13,109,2
13,168,1
13,169,1
13,170,1
13,171,1
13,172,1
13,173,2
13,79,2
13,135,1
13,111,2
13,174,1
13,175,2
13,106,1
13,176,1
13,177,1
13,178,1
13,15,2
13,179,1
13,180,1
13,181,2
14,75,2
14,182,1
14,183,2
14,184,1
14,185,2
14,186,2
14,123,2
14,32,2
14,187,1
14,188,1
14,189,1
14,167,2
14,33,1
14,190,2
14,92,2
14,22,2
15,191,1
15,107,2
15,23,1
15,192,2
15,122,1
15,193,1
15,194,1
15,33,1
15,195,1
15,196,2
15,197,1
15,198,2
15,29,1
15,126,2
15,199,2
15,76,1
15,104,2
15,200,1
15,201,2
15,202,2
15,203,1
15,204,2
15,205,1
15,206,1
15,207,1
15,208,2
15,209,2
15,32,2
15,210,2
15,211,2
15,212,1
15,213,2
15,214,1
15,215,2
15,55,2
15,216,1
15,217,2
15,218,2
15,219,2
15,128,1
15,220,1
15,221,1
16,114,1
16,23,1
16,33,1
16,222,1
16,223,1
16,224,1
17,24,1
17,38,1
17,25,1
17,225,1
17,22,1
17,37,1
17,226,1
17,20,1
17,26,1
17,18,1
17,21,1
17,227,1
18,228,1
18,229,1
18,37,1
18,230,1
18,19,1
18,26,1
18,69,1
18,136,1
18,231,1
18,185,1
18,119,1
18,81,1
18,232,1
18,233,1
18,234,1
18,235,1
18,236,1
18,237,1
18,238,1
18,239,1
18,40,1
18,85,1
19,232,1
19,227,1
19,80,1
19,49,1
19,240,1
19,40,1
19,241,1
19,105,1
19,242,1
19,42,1
19,243,1
19,21,1
20,244,1
20,245,1
20,39,2
20,24,2
20,45,2
20,40,1
20,53,2
20,246,1
20,247,2
20,46,1
20,248,1
20,249,1
20,250,1
20,222,1
20,251,1
20,252,1
20,22,2
20,49,1
20,253,1
20,104,2
20,254,2
20,209,2
20,213,2
20,205,1
20,54,1
20,156,2
20,255,1
20,106,1
20,90,1
20,238,1
20,256,1
20,257,2
20,258,2
20,58,1
20,259,1
20,38,1
20,102,1
20,103,2
20,260,2
21,26,1
21,37,1
21,31,2
22,261,1
22,262,1
22,239,1
22,263,1
22,37,1
22,264,2
22,265,1
22,226,1
22,53,2
22,181,2
22,133,2
22,134,1
22,24,2
22,42,1
22,245,1
22,44,2
22,266,1
22,267,1
22,38,1
22,142,2
22,268,1
22,269,1
22,270,2
22,271,1
22,45,2
22,43,1
22,41,2
22,272,1
22,79,2
22,195,1
22,254,2
22,273,2
22,274,2
22,275,1
22,49,1
22,276,2
22,277,1
22,278,1
22,96,1
22,279,1
22,202,2
22,229,2
22,280,1
22,281,2
22,282,2
22,283,2
23,107,1
23,284,1
23,108,1
23,285,1
23,181,1
23,33,1
23,175,1
23,286,1
23,287,1
23,262,1
23,288,1
23,114,1
23,289,1
23,166,1
23,69,1
23,290,1
23,118,1
23,291,1
23,123,1
23,57,1
23,29,1
23,167,1
23,32,1
23,115,1
23,292,1
23,293,1
23,173,1
23,294,1
23,109,1
23,119,1
23,120,1
23,295,1
23,296,1
23,111,1
24,25,2
24,226,1
24,38,1
24,286,2
24,264,2
24,297,2
24,298,1
24,299,1
24,300,1
24,61,1
24,301,1
24,125,1
24,59,1
24,302,2
24,237,2
26,94,1
26,237,1
26,303,1
26,234,1
26,69,1
26,185,1
26,231,1
26,229,1
26,37,1
26,304,1
26,85,1
26,274,1
26,305,1
26,306,1
27,33,1
27,232,2
27,181,2
27,307,1
27,308,1
27,279,1
28,309,1
28,310,1
28,311,1
28,312,1
28,313,1
28,146,1
28,314,1
28,315,1
29,316,1
29,317,1
29,318,1
29,319,1
29,320,1
29,321,1
29,322,1
29,323,1
29,48,1
29,324,1
29,325,1
29,177,1
29,33,1
29,195,1
29,326,1
29,327,1
29,217,1
29,199,1
29,210,1
29,193,1
29,200,1
30,328,1
30,44,1
30,329,1
30,258,1
30,250,1
30,103,1
30,330,1
30,201,1
30,156,1
30,331,1
30,332,1
30,333,1
30,53,1
30,334,1
30,335,1
30,244,1
30,336,1
30,337,1
30,338,1
30,339,1
30,240,1
31,340,2
32,33,1
32,119,2
32,168,1
33,307,1
33,107,1
33,341,1
33,342,1
33,181,1
33,54,1
33,69,1
37,343,1
37,344,1
37,50,1
37,269,1
37,236,1
37,230,1
37,232,1
37,345,1
37,346,1
37,274,1
37,347,1
37,240,1
37,253,1
37,348,1
37,349,1
37,350,1
37,351,1
37,329,1
37,352,1
38,353,1
38,45,1
38,226,1
38,51,1
38,104,1
38,249,1
38,312,1
38,41,1
38,244,1
38,239,1
38,245,1
38,42,1
38,354,1
38,355,1
38,356,1
38,313,1
38,331,1
38,357,1
38,106,1
38,40,1
38,44,1
38,264,1
38,49,1
39,358,2
39,53,2
39,54,1
39,335,1
39,267,1
39,353,1
39,292,1
39,359,1
39,45,2
39,360,1
39,55,2
39,361,2
39,362,1
39,363,1
39,48,2
39,46,1
39,41,2
39,364,1
39,354,1
39,104,2
39,156,2
39,57,1
39,202,2
39,365,1
39,366,1
40,353,1
40,352,1
40,86,1
40,367,1
40,244,1
40,261,1
40,259,1
40,357,1
40,133,1
40,269,1
40,53,1
40,368,1
40,249,1
40,369,1
40,370,1
40,209,1
40,193,1
40,49,1
40,371,1
40,134,1
40,245,1
40,331,1
40,102,1
40,50,1
40,372,1
40,61,1
40,47,1
40,45,1
40,373,1
40,105,1
40,93,1
40,374,1
40,237,1
40,375,1
40,376,1
40,333,1
40,246,1
40,377,1
40,378,1
40,354,1
40,46,1
40,190,1
40,234,1
41,302,2
41,379,2
41,380,2
41,104,2
41,381,1
41,371,1
41,270,2
41,382,2
41,383,2
41,384,2
41,385,2
41,386,2
41,355,1
41,387,1
41,388,1
41,49,1
41,389,2
41,390,1
41,313,2
41,391,2
41,103,2
41,244,1
41,332,2
41,392,1
41,331,2
41,43,1
41,393,1
41,377,1
41,394,2
41,395,2
41,396,1
41,336,2
41,354,1
41,397,1
41,353,1
41,44,2
41,133,2
41,334,2
41,156,2
41,398,1
41,399,2
41,337,1
41,400,2
41,83,1
41,401,1
41,402,1
41,403,2
42,268,1
42,45,1
42,404,1
42,281,1
42,229,1
42,239,1
43,340,1
43,405,1
43,406,1
43,407,1
43,331,1
43,408,1
43,409,1
43,385,1
43,410,1
43,411,1
43,134,1
43,51,1
43,382,1
43,412,1
43,413,1
44,414,1
44,398,1
44,72,1
44,332,2
44,415,1
44,354,1
44,416,1
44,417,1
44,250,1
44,418,1
44,226,1
44,419,1
44,420,1
44,49,1
44,421,1
44,53,2
44,190,2
44,422,1
44,361,2
44,423,1
44,348,1
44,424,2
44,132,2
44,258,2
45,58,1
45,398,1
45,71,2
45,61,1
45,57,1
45,425,1
45,353,1
45,63,1
45,56,1
45,372,1
45,70,1
45,413,1
45,68,2
45,80,2
45,65,2
45,426,1
45,281,2
45,427,1
45,428,2
45,67,2
45,350,2
45,240,1
45,429,1
45,245,1
45,430,1
45,51,2
45,431,1
45,47,1
46,432,1
46,336,1
46,103,1
47,295,1
47,331,1
47,433,1
47,366,1
48,53,2
48,75,2
48,184,1
48,268,1
48,343,1
48,240,1
48,91,2
48,302,2
48,327,2
48,205,1
48,434,1
48,54,1
48,292,1
48,435,1
48,104,2
48,115,1
48,389,2
48,436,1
48,127,1
48,360,1
48,78,1
48,200,1
48,273,2
48,316,2
48,320,1
48,326,1
48,437,1
48,438,2
48,212,1
48,201,2
48,439,1
48,324,1
48,321,1
48,440,1
48,55,2
48,441,1
48,362,1
49,258,1
49,367,1
49,51,1
49,227,1
49,80,1
49,240,1
49,353,1
49,442,1
49,443,1
49,190,1
49,244,1
49,323,1
49,366,1
49,337,1
49,270,1
49,313,1
49,403,1
49,332,1
50,444,1
50,445,1
50,104,1
50,55,1
50,446,1
50,353,1
50,352,1
50,53,1
50,447,1
50,448,1
50,367,1
50,277,1
50,365,1
50,449,1
50,337,1
50,256,1
50,450,1
50,339,1
50,268,1
51,451,2
51,452,1
51,227,2
51,240,1
51,80,2
51,350,2
51,268,1
51,181,2
51,127,1
51,453,2
51,332,2
51,132,2
51,364,1
51,339,1
51,253,1
51,454,1
51,455,1
51,145,1
51,456,1
51,361,2
51,366,1
51,457,1
51,156,2
51,334,2
51,247,2
51,134,1
51,315,1
51,458,1
51,401,1
51,286,2
51,459,1
51,412,2
51,460,1
52,71,1
53,186,2
53,123,2
53,86,1
53,182,1
53,353,1
53,188,1
53,267,1
53,453,2
53,345,1
53,75,2
53,328,2
53,330,1
53,184,1
53,461,1
53,377,1
53,462,1
53,332,2
53,463,2
53,315,1
53,464,1
53,190,2
53,465,1
53,466,1
54,467,1
54,359,1
54,104,1
54,258,1
54,316,1
54,468,1
54,323,1
54,200,1
54,55,1
54,127,1
55,469,1
55,334,2
55,250,1
55,391,2
55,331,2
55,470,1
55,359,1
55,363,1
55,326,1
55,471,1
55,288,2
55,206,1
55,201,2
55,195,1
55,472,1
55,211,2
55,212,1
55,389,2
55,292,1
55,200,1
55,127,1
55,193,1
55,436,1
55,104,2
55,132,2
55,473,1
55,209,2
55,76,1
55,213,2
56,61,1
56,57,1
56,474,1
56,64,1
56,475,1
56,476,1
56,477,1
56,478,1
56,479,1
56,58,1
56,281,1
56,68,1
56,425,1
56,71,1
56,480,1
56,63,1
56,65,1
56,372,1
56,481,1
56,482,1
56,483,1
56,484,1
56,419,1
56,485,1
56,230,1
56,486,1
57,71,1
57,58,1
57,63,1
57,65,1
57,68,1
57,487,1
57,61,1
57,425,1
57,281,1
57,372,1
57,191,1
57,285,1
57,350,1
57,392,1
57,488,1
57,66,1
57,489,1
57,490,1
57,254,1
57,438,1
57,491,1
57,492,1
57,205,1
57,493,1
57,123,1
57,106,1
57,494,1
57,111,1
58,63,1
58,65,1
58,70,1
58,68,1
58,281,1
58,61,1
58,425,1
58,71,1
58,429,1
58,495,1
58,496,1
58,497,1
58,255,1
58,498,1
59,484,1
60,469,1
60,63,1
60,243,1
60,499,1
60,67,2
60,131,1
60,500,1
60,484,1
60,501,1
61,502,1
61,62,1
61,63,1
61,503,1
61,372,1
61,340,1
61,504,1
61,370,1
61,139,1
61,184,1
61,144,1
61,266,1
61,149,1
61,202,1
61,71,1
61,70,1
61,65,1
61,475,1
61,66,1
62,426,1
62,505,1
62,506,1
62,507,1
62,149,1
62,70,1
62,508,1
62,475,1
63,484,1
63,64,1
63,67,1
63,89,1
63,505,1
63,281,1
63,509,1
63,68,1
63,71,1
63,482,1
64,482,1
64,67,2
64,484,1
64,281,2
64,509,1
64,429,1
64,89,2
64,476,1
64,474,1
64,510,1
64,511,1
64,512,1
64,475,1
64,480,1
64,513,1
65,315,1
65,514,1
65,367,1
65,68,2
65,70,1
65,281,2
65,425,1
65,71,2
66,429,1
66,515,1
66,484,1
66,285,1
66,281,1
66,237,1
66,489,1
66,490,1
66,516,1
66,517,1
66,518,1
67,469,1
67,499,1
67,484,1
67,509,1
67,429,1
67,89,2
67,281,2
67,519,1
67,510,1
67,68,2
67,372,1
68,443,1
68,505,1
68,520,1
68,521,1
68,522,2
68,523,1
68,524,1
68,425,1
68,71,2
68,525,1
68,526,1
68,431,1
68,508,1
68,89,2
68,527,2
68,361,2
68,465,1
68,348,1
68,218,2
68,528,1
68,499,1
69,529,1
69,232,2
69,107,2
69,238,1
69,443,1
69,329,1
69,81,2
69,530,1
69,116,2
69,279,1
69,168,1
69,354,1
69,181,2
69,491,1
69,531,1
69,494,1
69,169,1
70,507,1
70,232,1
70,426,1
70,428,1
70,133,1
70,532,1
70,510,1
71,533,1
71,425,1
71,534,1
71,535,1
71,536,1
71,368,1
71,506,1
71,284,1
71,537,1
71,499,1
71,538,1
71,510,1
71,539,1
71,281,2
71,338,1
71,454,1
71,352,1
71,395,2
71,540,1
71,372,1
71,541,1
71,267,1
71,350,2
71,139,1
71,422,1
71,509,1
71,355,1
72,419,1
72,375,1
72,542,1
72,132,1
72,543,1
72,466,1
72,269,1
72,446,1
72,527,1
72,259,1
72,544,1
72,545,1
72,88,1
72,377,1
72,412,1
72,421,1
72,546,1
72,547,1
73,232,2
73,133,2
73,253,1
73,548,1
73,465,1
73,503,1
73,549,1
73,286,2
73,550,1
73,551,2
73,193,1
73,205,1
73,195,1
73,127,1
73,504,1
73,552,1
73,185,2
73,100,2
73,553,1
73,554,1
74,555,1
74,556,2
74,353,1
74,557,2
74,151,1
74,558,1
74,467,1
74,559,1
74,266,1
74,147,1
74,560,1
75,182,1
75,186,2
75,184,1
75,552,1
75,83,1
75,561,1
75,188,1
75,395,2
75,266,1
75,146,1
75,116,2
75,104,2
75,315,1
75,268,1
75,562,1
75,563,1
75,564,1
75,565,1
75,189,1
75,566,1
75,567,1
75,466,1
75,149,1
75,465,1
75,461,1
75,232,2
75,185,2
75,568,2
75,123,2
75,340,2
75,569,1
75,79,2
75,118,2
75,570,1
75,571,1
75,572,1
75,351,1
76,419,1
76,146,1
76,573,1
76,322,1
76,195,1
77,332,1
77,182,1
77,112,1
77,180,1
77,175,1
77,161,1
77,196,1
77,160,1
77,574,1
77,119,1
77,120,1
78,575,1
78,127,1
78,132,1
78,135,1
78,321,1
78,200,1
78,335,1
78,104,1
78,399,1
78,576,1
79,183,2
79,577,1
79,268,1
79,578,1
79,579,1
79,580,1
79,581,1
79,115,1
79,84,2
79,400,2
79,399,2
79,576,1
79,104,2
79,175,2
79,582,1
79,126,2
79,273,2
79,583,1
79,193,1
79,360,1
79,119,2
79,160,1
80,227,2
80,133,2
80,584,1
80,451,2
80,240,1
80,585,1
80,154,1
80,586,1
80,332,2
80,453,2
80,459,1
80,553,1
80,587,1
80,307,1
80,259,1
80,93,1
80,242,1
80,404,2
80,203,1
81,233,1
81,305,2
81,232,2
81,179,1
81,268,1
81,236,1
81,93,1
81,404,2
81,181,2
81,380,2
81,274,2
81,175,2
81,112,1
81,300,1
81,519,1
81,588,1
81,459,1
81,276,2
81,200,1
81,587,1
82,589,1
82,387,1
82,238,1
82,142,1
82,242,1
83,353,1
83,140,1
83,142,1
83,331,1
83,145,1
83,590,1
83,149,1
83,139,1
83,572,1
83,152,1
83,151,1
84,397,1
84,591,1
84,592,2
84,211,2
84,127,1
84,218,2
84,593,2
84,197,1
84,594,1
84,214,1
84,192,2
84,290,2
84,327,2
84,221,1
84,204,2
84,400,2
84,129,2
84,326,1
84,517,1
84,595,1
85,428,1
85,596,1
85,597,1
85,377,1
85,232,1
85,94,1
85,453,1
85,93,1
86,182,1
86,133,1
86,566,1
87,91,2
87,598,1
87,203,1
87,218,2
87,599,2
87,517,1
87,600,1
87,192,2
87,593,2
87,197,1
87,258,2
88,453,1
88,463,1
88,92,1
88,601,1
88,602,1
88,603,1
89,426,1
89,484,1
89,281,2
89,509,1
89,429,1
89,604,1
89,605,1
89,606,1
89,506,1
89,607,1
89,395,2
89,425,1
89,603,2
89,608,1
89,609,1
89,284,1
89,602,1
90,610,1
90,255,1
90,232,1
90,611,1
90,268,1
90,612,1
90,368,1
90,613,1
90,614,1
90,443,1
91,615,1
91,616,1
91,617,1
91,200,1
91,283,2
91,618,1
91,156,2
91,619,1
91,573,1
91,258,2
92,620,1
92,453,2
92,601,1
92,188,1
92,602,1
92,621,1
92,622,1
92,623,2
92,624,1
92,464,1
92,625,1
92,626,1
92,190,2
92,627,1
92,117,1
92,628,1
93,629,1
93,98,1
93,265,1
93,630,1
93,375,1
93,631,1
93,230,1
93,350,1
93,456,1
93,136,1
93,605,1
93,632,1
93,232,1
93,567,1
93,236,1
93,130,1
93,597,1
93,596,1
93,240,1
94,453,1
94,631,1
95,375,1
95,611,1
95,99,1
95,633,1
95,609,1
95,456,1
97,634,1
97,597,1
97,635,1
97,626,1
98,134,1
98,601,1
98,188,1
99,597,1
100,264,2
100,195,1
100,270,2
100,636,1
100,581,1
100,403,2
100,131,1
100,467,1
100,637,1
100,127,1
100,553,1
101,338,1
101,369,1
102,638,1
102,245,1
102,613,1
103,153,1
103,332,2
103,134,1
103,500,1
103,403,2
103,127,1
103,200,1
103,217,2
103,639,1
103,326,1
103,104,2
104,332,2
104,544,1
104,334,2
104,182,1
104,330,1
104,419,1
104,577,1
104,413,1
104,235,1
104,467,1
104,377,1
104,226,1
104,273,2
104,438,2
104,399,2
104,389,2
104,209,2
104,445,1
104,640,2
104,199,2
104,213,2
104,203,1
104,195,1
104,205,1
104,127,1
104,641,1
104,642,1
104,643,1
104,595,1
104,644,1
104,645,1
104,197,1
104,646,1
104,283,2
104,128,1
104,202,2
104,258,2
104,115,1
104,647,2
104,212,1
104,290,2
104,204,2
104,217,2
104,648,2
104,649,1
104,650,1
104,502,1
104,250,1
104,320,1
104,201,2
104,360,1
104,200,1
104,471,1
104,216,1
104,436,1
104,215,2
104,306,1
105,537,1
105,587,1
105,424,2
105,651,1
105,652,1
105,451,2
105,653,1
105,654,1
105,655,1
105,267,1
105,414,1
105,656,2
105,457,1
105,657,1
105,133,2
105,136,1
105,357,1
105,658,2
105,338,1
105,659,1
105,660,1
105,661,1
105,662,1
105,663,1
105,390,1
105,466,1
105,664,1
106,665,1
106,666,1
106,251,1
106,181,1
106,127,1
106,199,1
106,205,1
106,262,1
106,195,1
106,667,1
106,216,1
107,119,2
107,295,1
109,116,2
109,531,1
109,568,2
109,118,2
109,668,1
109,181,2
109,123,2
111,332,2
111,270,2
111,178,1
111,669,1
111,164,1
111,279,1
111,670,1
111,162,1
111,119,2
111,167,2
111,354,1
111,113,1
111,169,1
111,180,1
111,166,2
112,133,1
112,671,1
112,175,1
112,180,1
112,123,1
112,161,1
112,167,1
112,531,1
112,119,1
112,162,1
113,668,1
113,568,1
113,116,1
113,178,1
114,453,2
114,672,1
114,223,2
114,667,1
114,224,1
114,286,2
114,254,2
114,673,1
114,366,1
114,674,1
115,469,1
115,675,1
115,676,1
115,343,1
115,677,1
115,268,1
115,467,1
115,592,1
115,126,1
115,127,1
115,273,1
115,647,1
115,445,1
115,304,1
115,389,1
115,204,1
115,678,1
115,438,1
115,193,1
115,214,1
115,212,1
115,434,1
115,641,1
115,205,1
115,209,1
115,213,1
115,306,1
115,200,1
115,288,1
115,679,1
115,680,1
115,203,1
115,197,1
116,134,1
116,184,1
116,123,2
116,568,2
116,118,2
116,166,2
116,681,1
116,132,2
116,160,1
116,531,1
116,119,2
117,682,1
117,516,1
117,440,1
117,628,1
117,204,1
117,683,1
117,468,1
118,123,2
118,168,1
118,668,1
118,568,2
119,232,2
119,331,2
119,684,1
119,568,2
119,531,1
119,165,1
119,177,1
119,167,2
119,164,1
119,181,2
119,668,1
119,173,2
119,175,2
119,168,1
119,169,1
119,160,1
119,171,1
119,162,1
119,178,1
119,180,1
119,562,1
119,296,1
120,177,1
120,162,1
120,168,1
120,562,1
120,165,1
120,173,2
120,164,1
120,171,1
120,167,2
121,428,2
121,544,1
121,685,1
121,330,1
121,328,2
121,542,1
121,251,1
121,686,1
121,687,1
121,289,2
121,354,1
121,688,2
121,286,2
123,182,1
123,175,2
123,554,1
123,689,1
123,568,2
123,690,1
124,691,1
124,136,1
124,428,2
124,328,2
124,366,1
124,286,2
124,181,2
124,254,2
124,692,1
124,693,2
125,683,1
126,646,1
126,273,2
126,593,2
126,694,1
126,695,1
126,207,1
126,445,1
126,218,2
126,648,2
126,647,2
126,198,2
127,302,1
127,136,1
127,428,1
127,230,1
127,242,1
127,205,1
127,320,1
127,193,1
127,324,1
127,292,1
127,323,1
127,679,1
127,216,1
127,438,1
127,181,1
127,434,1
127,273,1
127,195,1
127,304,1
127,206,1
127,288,1
127,200,1
127,696,1
128,640,1
128,199,1
128,642,1
128,316,1
129,467,1
129,671,1
129,697,1
129,193,1
129,326,1
129,400,2
129,204,2
129,698,1
129,436,1
130,134,1
130,610,1
130,133,1
130,296,1
130,699,1
130,700,1
130,584,1
130,329,1
130,154,1
130,535,1
130,701,1
130,459,1
130,702,1
130,233,1
130,613,1
130,480,1
130,136,1
130,703,1
130,676,1
131,243,1
131,312,1
131,469,1
131,546,1
131,500,1
131,637,1
131,616,1
131,330,1
131,258,1
132,474,1
132,564,1
132,133,2
132,281,2
132,233,1
132,212,1
132,445,1
133,584,1
133,134,1
133,154,1
133,226,1
133,337,1
133,480,1
133,704,1
133,705,1
133,690,1
133,585,1
133,350,2
133,662,1
133,367,1
133,376,1
133,239,1
133,447,1
133,139,1
133,417,1
133,313,2
133,706,2
133,371,1
133,606,1
133,707,1
133,444,1
133,486,1
133,708,1
133,253,1
134,195,1
134,393,1
134,523,1
134,605,1
134,709,1
134,386,1
134,710,1
134,310,1
134,339,1
134,597,1
134,585,1
134,567,1
134,430,1
134,711,1
134,503,1
134,396,1
134,544,1
134,466,1
134,712,1
134,713,1
134,456,1
134,147,1
134,366,1
134,479,1
134,692,1
134,183,1
134,154,1
134,714,1
134,226,1
134,331,1
135,611,1
135,564,1
135,301,1
135,715,1
135,575,1
135,716,1
135,717,1
135,312,1
135,532,1
135,212,1
135,681,1
136,710,1
136,661,1
136,451,1
136,237,1
136,242,1
136,268,1
136,181,1
136,584,1
136,137,1
136,553,1
136,238,1
136,375,1
136,453,1
136,587,1
136,412,1
136,320,1
136,213,1
136,361,1
136,229,1
136,442,1
136,519,1
136,419,1
136,232,1
136,458,1
136,331,1
137,229,2
137,239,1
138,146,1
138,145,1
139,146,1
139,147,1
139,141,1
139,149,1
139,145,1
139,298,1
139,266,1
139,353,1
139,503,1
139,142,1
139,299,1
139,348,1
139,718,1
139,151,1
139,331,1
139,328,1
139,648,1
139,395,1
139,719,1
139,572,1
139,720,1
139,504,1
139,144,1
139,148,1
139,721,1
139,313,1
139,311,1
139,312,1
139,332,1
140,353,1
140,722,1
140,718,1
140,141,1
140,145,1
140,151,1
141,142,1
141,353,1
141,151,1
141,722,1
141,648,1
141,590,1
141,403,1
141,146,1
141,147,1
141,149,1
141,145,1
141,723,1
141,442,1
141,312,1
141,503,1
141,354,1
141,331,1
141,577,1
142,722,1
142,146,1
142,238,1
142,145,1
142,724,1
142,725,1
142,632,1
142,503,1
142,331,2
142,412,2
142,726,1
142,395,2
142,590,2
142,380,2
142,727,1
142,728,1
142,729,2
142,589,2
142,410,1
142,298,1
142,409,1
142,275,1
142,730,1
143,558,1
143,731,1
143,386,1
143,732,1
143,733,1
143,363,1
143,555,1
144,370,1
144,415,1
144,330,1
144,734,1
144,145,1
144,735,1
144,266,1
144,240,1
144,572,1
144,184,1
144,236,1
144,353,1
144,149,1
144,371,1
144,151,1
145,370,1
145,572,1
145,146,1
145,353,1
145,149,1
145,331,1
145,184,1
145,736,1
145,147,1
145,504,1
145,148,1
145,361,1
145,315,1
145,238,1
145,427,1
145,228,1
145,151,1
146,151,1
146,313,1
146,182,1
146,149,1
146,737,1
146,238,1
146,572,1
146,506,1
146,738,1
146,353,1
146,719,1
146,395,1
147,205,1
147,572,1
147,363,1
147,718,1
147,377,1
147,151,1
148,266,1
148,720,1
148,736,1
148,370,1
148,572,1
148,184,1
148,504,1
148,149,1
148,151,1
148,691,1
149,151,1
149,353,1
149,572,1
149,240,1
149,539,1
149,182,1
149,242,1
149,403,1
149,577,1
150,240,1
151,738,1
151,266,1
151,370,1
151,734,1
151,558,1
151,299,1
151,556,1
151,242,1
151,736,1
151,572,1
151,739,1
151,740,1
151,184,1
151,722,1
151,741,1
152,395,1
152,742,1
152,743,1
152,411,1
152,744,1
152,745,1
152,746,1
152,355,1
152,589,1
152,747,1
152,590,1
153,217,1
154,376,1
154,236,1
154,676,1
154,361,1
154,444,1
154,345,1
154,414,1
154,585,1
154,343,1
154,417,1
154,584,1
154,374,1
154,377,1
155,268,1
155,686,1
155,701,1
155,661,1
155,267,1
156,334,2
156,740,1
156,245,1
156,331,2
156,332,2
156,748,1
157,749,1
157,750,1
157,660,1
157,751,1
157,390,1
157,752,1
157,394,1
157,753,1
157,182,1
157,754,1
157,648,1
158,755,1
158,433,1
159,756,1
159,757,1
159,758,1
160,189,1
160,182,1
160,184,1
160,583,1
161,583,1
161,175,1
161,195,1
161,326,1
161,196,1
161,400,1
161,698,1
161,296,1
161,197,1
162,632,1
162,350,1
162,759,1
162,488,1
162,321,1
163,270,1
163,172,1
163,166,1
163,167,1
163,321,1
163,164,1
164,238,1
164,171,1
164,173,1
164,166,1
164,562,1
164,165,1
164,167,1
164,296,1
165,181,1
165,491,1
165,167,1
165,360,1
165,177,1
166,236,1
166,531,1
167,236,1
167,562,1
167,321,1
167,690,1
167,531,1
169,489,1
170,500,1
170,583,1
171,296,1
171,562,1
175,389,2
175,583,1
175,180,1
175,219,2
175,196,2
175,195,1
175,760,1
175,181,2
175,197,1
175,326,1
176,583,1
176,181,1
177,243,1
178,279,1
178,668,1
180,343,1
180,548,1
180,313,1
180,196,1
181,230,1
181,233,1
181,240,1
181,236,1
181,276,2
181,761,1
181,531,1
181,295,1
181,562,1
181,286,2
181,762,1
181,291,2
182,566,1
182,186,1
182,763,1
182,699,1
182,624,1
182,383,1
182,358,1
182,188,1
182,392,1
182,380,1
182,714,1
182,340,1
182,723,1
182,725,1
182,366,1
182,190,1
182,550,1
182,764,1
182,565,1
182,601,1
182,603,1
182,765,1
182,189,1
182,184,1
183,184,1
183,268,1
183,571,1
183,188,1
183,190,2
183,578,1
183,205,1
184,370,1
184,558,1
184,299,1
184,741,1
184,415,1
184,572,1
184,328,1
184,353,1
184,363,1
184,388,1
184,735,1
184,766,1
184,568,1
184,330,1
184,577,1
184,266,1
184,189,1
185,579,1
185,602,1
185,548,1
185,710,1
185,767,1
185,428,2
185,638,1
185,637,1
185,413,1
186,465,1
186,566,1
186,765,1
186,395,2
186,588,1
187,768,1
187,659,1
187,454,1
187,587,1
187,769,1
187,653,1
187,466,1
187,770,1
187,561,1
187,771,1
187,662,1
187,577,1
188,453,1
188,190,1
188,772,1
188,463,1
188,622,1
188,601,1
188,621,1
188,577,1
188,773,1
189,566,1
189,565,1
189,572,1
190,453,2
190,463,2
190,315,1
190,621,1
191,697,1
191,774,1
191,775,1
191,247,1
191,502,1
191,445,1
191,205,1
191,287,1
191,223,1
191,322,1
192,362,1
192,327,2
192,360,1
192,591,1
192,221,1
192,214,1
192,593,2
192,400,2
192,195,1
192,774,1
192,517,1
192,599,2
192,600,1
192,598,1
192,211,2
192,445,1
192,218,2
192,203,1
193,704,1
193,195,1
193,209,1
193,292,1
193,262,1
193,648,1
193,324,1
193,438,1
193,360,1
193,389,1
193,316,1
193,203,1
193,399,1
193,776,1
194,693,1
194,777,1
194,254,1
194,674,1
194,488,1
194,670,1
195,268,1
195,332,1
195,236,1
195,677,1
195,598,1
195,219,1
195,778,1
195,273,1
195,200,1
195,389,1
195,196,1
195,203,1
195,779,1
195,262,1
195,316,1
195,472,1
195,288,1
195,471,1
195,211,1
195,326,1
195,206,1
195,690,1
195,776,1
195,438,1
195,213,1
195,780,1
195,445,1
195,360,1
195,209,1
195,363,1
195,694,1
195,217,1
196,203,1
196,326,1
196,781,1
196,219,2
196,389,2
196,288,2
196,779,1
196,211,2
197,774,1
197,511,1
197,221,1
197,204,1
197,214,1
197,628,1
197,326,1
197,206,1
197,400,1
197,583,1
197,646,1
197,440,1
197,211,1
197,593,1
197,203,1
197,694,1
197,205,1
197,782,1
197,779,1
197,697,1
197,218,1
197,641,1
198,783,1
198,784,1
198,288,2
198,686,1
198,724,1
198,285,2
198,362,1
198,785,1
198,214,1
198,220,1
198,779,1
198,215,2
198,648,2
198,217,2
199,218,2
199,640,2
199,644,1
199,595,1
199,645,1
199,641,1
199,786,1
199,642,1
199,270,2
199,646,1
199,544,1
199,469,1
199,332,2
199,691,1
199,787,1
199,616,1
199,283,2
199,258,2
199,204,2
200,257,1
200,334,1
200,232,1
200,649,1
200,201,1
200,205,1
200,360,1
200,437,1
200,290,1
200,273,1
200,292,1
200,217,1
200,324,1
200,473,1
200,335,1
201,257,2
201,334,2
201,250,1
201,398,1
201,347,1
201,585,1
201,213,2
201,320,1
201,473,1
202,290,2
202,502,1
202,370,1
202,415,1
202,572,1
202,331,2
202,262,1
202,788,1
202,205,1
202,322,1
203,232,1
203,271,1
203,334,1
203,377,1
203,389,1
203,216,1
203,789,1
203,292,1
203,204,1
203,360,1
203,250,1
203,210,1
203,209,1
203,437,1
203,208,1
203,273,1
203,206,1
203,593,1
203,790,1
203,215,1
203,262,1
203,212,1
203,290,1
203,217,1
203,445,1
203,502,1
203,213,1
203,327,1
203,471,1
204,400,2
204,445,1
204,216,1
204,211,2
204,218,2
204,207,1
204,593,2
204,647,2
204,791,1
204,221,1
204,210,2
204,335,1
204,782,1
204,389,2
204,215,2
204,206,1
204,288,2
204,290,2
204,209,2
204,697,1
204,273,2
204,214,1
205,694,1
205,213,1
205,262,1
205,209,1
205,321,1
205,214,1
205,221,1
205,445,1
205,438,1
205,326,1
205,399,1
205,212,1
205,360,1
206,212,1
206,389,1
206,472,1
206,211,1
206,363,1
206,628,1
206,215,1
206,697,1
206,326,1
207,467,1
207,791,1
207,218,1
207,211,1
207,445,1
207,273,1
207,647,1
207,342,1
207,595,1
208,403,2
208,214,1
208,595,1
208,217,2
209,403,2
209,671,1
209,675,2
209,424,2
209,232,2
209,273,2
209,438,2
209,445,1
209,321,1
209,360,1
209,399,2
209,213,2
209,697,1
209,641,1
210,577,1
210,211,2
210,218,2
210,400,2
210,288,2
210,697,1
210,791,1
210,679,1
210,780,1
210,214,1
211,792,2
211,221,1
211,400,2
211,559,1
211,218,2
211,214,1
211,212,1
211,697,1
211,440,1
211,793,1
211,327,2
211,791,1
211,215,2
211,471,1
211,794,1
211,326,1
212,365,1
212,676,1
212,285,1
212,792,1
212,471,1
212,436,1
212,283,1
212,363,1
212,795,1
212,796,1
212,306,1
212,473,1
213,687,1
213,691,1
213,242,1
213,428,2
213,292,1
213,360,1
213,437,1
213,262,1
213,502,1
213,649,1
213,273,2
214,591,1
214,288,1
214,218,1
214,215,1
214,362,1
214,220,1
214,779,1
214,641,1
214,785,1
214,221,1
214,400,1
214,697,1
214,217,1
214,517,1
214,593,1
215,779,1
215,598,1
215,218,2
215,288,2
215,389,2
215,438,2
215,220,1
215,641,1
215,785,1
215,217,2
215,695,1
215,797,1
216,544,1
216,774,1
216,242,1
216,500,1
216,220,1
216,292,1
216,793,1
217,798,1
217,577,1
217,362,1
217,779,1
217,598,1
217,273,2
217,628,1
217,334,2
217,531,1
217,438,2
217,639,1
218,400,2
218,724,1
218,697,1
218,694,1
218,471,1
218,591,1
218,649,1
218,791,1
218,799,1
218,221,1
218,594,1
218,695,1
218,691,1
218,800,1
218,288,2
218,789,1
219,389,2
219,801,1
220,554,1
220,598,1
220,785,1
220,362,1
220,779,1
220,288,1
220,646,1
221,591,1
221,741,1
221,802,1
221,803,1
221,593,1
222,548,1
222,677,1
222,494,1
222,804,1
223,494,1
223,805,1
223,354,1
223,673,1
223,674,1
224,805,1
225,527,1
226,806,1
226,531,1
226,323,1
226,409,1
226,577,1
226,517,1
226,377,1
226,367,1
227,807,1
227,398,1
227,240,1
227,403,2
227,339,1
227,270,2
227,313,2
228,453,1
229,297,2
229,442,1
229,774,1
229,808,1
229,238,1
229,612,1
229,239,1
229,232,2
230,239,1
230,242,1
230,253,1
230,809,1
230,345,1
230,333,1
232,237,2
232,443,1
232,281,2
232,691,1
232,242,1
232,253,1
232,810,1
232,305,2
232,811,1
232,238,1
232,812,1
232,304,2
232,813,1
232,533,1
232,814,1
232,632,1
232,659,1
232,589,2
232,438,2
232,815,1
232,377,1
232,584,1
232,710,1
232,239,1
232,606,1
232,234,2
232,254,2
233,816,1
233,375,1
234,540,1
234,661,1
234,304,2
234,567,1
234,414,1
234,451,2
234,457,1
234,455,1
234,817,1
234,256,1
236,818,1
236,339,1
236,315,1
236,704,1
236,304,1
236,584,1
236,630,1
236,632,1
236,819,1
236,701,1
236,268,1
236,706,1
236,623,1
236,443,1
236,820,1
236,463,1
236,821,1
236,531,1
236,502,1
236,354,1
237,708,1
237,563,1
237,452,1
237,822,1
237,427,1
237,823,1
237,512,1
237,459,1
237,486,1
237,446,1
238,589,1
238,503,1
238,242,1
238,433,1
238,305,1
238,811,1
238,824,1
238,812,1
238,329,1
238,590,1
239,442,1
239,825,1
239,775,1
239,443,1
239,439,1
239,404,1
239,247,1
239,305,1
240,339,1
240,483,1
240,465,1
240,242,1
240,366,1
240,455,1
240,414,1
240,315,1
240,826,1
240,451,1
240,474,1
240,268,1
240,587,1
240,584,1
240,391,1
241,827,1
241,417,1
241,577,1
242,395,1
242,430,1
242,828,1
242,829,1
242,302,1
242,825,1
242,331,1
242,590,1
242,830,1
242,632,1
242,372,1
242,587,1
242,451,1
242,503,1
243,377,1
243,831,1
243,469,1
243,500,1
244,353,1
244,334,1
244,245,1
244,249,1
244,247,1
245,361,1
245,398,1
245,584,1
245,249,1
247,330,1
247,774,1
247,378,2
247,391,2
247,442,1
247,832,1
247,808,1
247,833,1
247,511,1
247,554,1
248,305,1
249,366,1
249,686,1
249,251,1
249,428,1
249,701,1
249,283,1
250,332,1
250,419,1
250,257,1
250,330,1
250,436,1
250,334,1
250,834,1
251,320,1
251,710,1
251,305,1
251,432,1
253,676,1
253,809,1
253,584,1
253,333,1
253,337,1
253,345,1
253,258,1
253,268,1
254,332,2
254,835,1
254,366,1
254,836,1
254,837,1
254,488,1
254,838,1
254,693,2
254,276,2
254,354,1
254,286,2
255,268,1
255,613,1
255,571,1
255,611,1
255,715,1
255,498,1
255,658,1
255,768,1
255,839,1
255,840,1
255,841,1
256,457,1
256,353,1
256,315,1
256,659,1
256,842,1
256,567,1
256,843,1
256,368,1
256,422,1
257,347,1
258,671,1
258,665,1
258,332,2
258,419,1
258,471,1
258,292,1
258,304,2
259,417,1
259,717,1
259,844,1
259,845,1
259,754,1
259,457,1
261,376,1
261,367,1
262,438,1
262,287,1
262,502,1
262,445,1
263,846,1
263,847,1
263,446,1
263,848,1
263,563,1
264,306,1
264,271,1
264,849,1
264,283,2
265,597,1
265,375,1
266,850,1
266,556,1
266,709,1
266,851,1
266,572,1
266,555,1
266,299,1
266,502,1
266,718,1
266,340,1
267,424,1
267,315,1
267,367,1
267,658,1
267,656,1
267,368,1
267,766,1
267,451,1
267,364,1
267,353,1
267,357,1
267,662,1
267,394,1
267,361,1
267,852,1
267,414,1
267,567,1
267,339,1
268,710,1
268,701,1
268,853,1
268,854,1
268,613,1
268,700,1
268,587,1
269,584,1
269,814,1
269,350,1
269,855,1
269,619,1
269,856,1
269,828,1
269,398,1
269,377,1
269,815,1
269,631,1
269,857,1
270,858,1
270,859,1
270,860,1
270,391,2
270,332,2
270,749,1
270,403,2
270,433,1
270,355,1
270,354,1
270,371,1
270,313,2
270,397,1
270,835,1
272,500,1
272,861,1
272,688,1
272,354,1
273,469,1
273,593,2
273,445,1
273,694,1
273,436,1
273,389,2
273,592,2
273,326,1
273,862,1
273,438,2
273,381,1
274,414,1
274,863,1
274,450,1
274,377,1
274,278,1
274,457,1
274,352,1
275,755,1
275,858,1
275,387,1
275,864,1
275,412,1
275,590,1
275,392,1
275,457,1
275,298,1
275,865,1
275,332,1
275,413,1
276,693,2
276,322,1
276,866,1
277,846,1
277,823,1
277,867,1
277,553,1
277,563,1
277,868,1
277,869,1
277,870,1
277,847,1
278,871,1
278,567,1
278,414,1
278,653,1
278,597,1
278,416,1
278,371,1
278,450,1
279,371,1
279,391,1
279,531,1
279,670,1
279,693,1
280,338,1
281,484,1
281,509,1
281,429,1
281,425,1
281,426,1
281,443,1
282,494,1
282,354,1
283,728,1
283,590,2
283,685,1
283,724,1
283,433,1
283,541,1
283,392,1
283,542,1
283,428,2
283,328,2
283,419,1
284,539,1
284,484,1
284,505,1
284,499,1
284,507,1
285,288,2
286,872,1
286,564,1
286,345,1
286,873,2
286,294,2
286,874,1
286,366,1
286,875,1
286,876,1
286,877,2
286,878,1
286,488,1
286,838,1
288,583,1
288,400,2
288,779,1
288,780,1
288,785,1
288,326,1
289,670,1
289,354,1
289,692,1
289,879,1
289,836,1
289,693,2
289,837,1
289,494,1
289,667,1
290,445,1
290,591,1
290,335,1
290,321,1
290,724,1
290,546,1
292,413,1
292,782,1
294,494,1
294,874,1
295,307,1
295,880,1
296,881,1
296,698,1
296,440,1
296,583,1
296,876,1
297,428,2
297,589,2
297,442,1
297,882,1
297,883,1
298,755,1
298,725,1
298,430,1
298,541,1
298,397,1
298,729,1
298,331,1
298,392,1
298,395,1
298,589,1
298,551,1
298,884,1
298,885,1
298,409,1
298,787,1
298,433,1
298,570,1
298,886,1
298,887,1
298,388,1
298,883,1
298,728,1
298,724,1
298,315,1
298,428,1
298,385,1
298,408,1
298,332,1
298,503,1
299,572,1
299,391,1
299,544,1
299,370,1
299,687,1
299,413,1
300,481,1
300,848,1
300,846,1
300,330,1
301,810,1
302,379,2
302,340,2
302,467,1
302,381,1
302,888,1
302,383,2
302,384,2
302,386,2
302,889,1
302,890,1
302,321,1
302,891,2
302,892,1
302,392,1
302,893,1
302,894,2
302,382,2
302,380,2
302,385,2
302,895,1
302,438,2
303,896,1
303,328,1
304,307,1
304,675,2
304,329,1
304,728,1
304,392,1
304,519,1
304,306,1
304,437,1
305,310,1
305,686,1
305,897,1
305,898,2
305,899,1
305,748,1
306,900,1
306,437,1
306,434,1
307,760,1
307,338,1
307,657,1
307,377,1
307,455,1
307,843,1
307,816,1
307,357,1
307,533,1
307,457,1
307,424,1
307,540,1
307,880,1
307,550,1
307,451,1
308,412,1
308,478,1
309,901,1
309,310,1
309,902,1
309,311,1
310,311,1
310,328,1
310,313,1
310,898,1
311,903,1
311,904,1
311,905,1
311,554,1
311,906,1
311,859,1
311,907,1
311,328,1
312,794,1
312,314,1
312,403,1
312,396,1
312,711,1
312,908,1
312,909,1
312,456,1
312,910,1
312,349,1
312,710,1
312,377,1
312,764,1
312,717,1
313,457,1
313,901,1
313,911,1
313,526,1
313,522,2
313,465,1
313,557,2
313,437,1
314,794,1
314,456,1
314,610,1
314,347,1
314,395,1
314,711,1
314,467,1
315,367,1
315,338,1
315,353,1
315,912,1
315,348,1
315,826,1
315,414,1
315,494,1
315,531,1
315,913,1
315,514,1
315,377,1
315,561,1
315,408,1
315,357,1
315,706,1
315,661,1
316,598,1
316,779,1
316,321,1
316,320,1
318,914,1
319,696,1
319,322,1
319,325,2
319,516,1
319,320,1
320,915,1
320,691,1
320,428,1
320,362,1
320,696,1
320,323,1
320,321,1
320,441,1
320,322,1
320,324,1
320,434,1
321,567,1
321,441,1
321,916,1
321,399,1
321,445,1
321,437,1
321,914,1
321,389,1
321,324,1
321,438,1
321,335,1
322,696,1
322,639,1
322,325,1
323,371,1
323,665,1
323,324,1
324,327,1
324,362,1
325,917,1
325,628,1
325,680,1
326,591,1
326,577,1
326,583,1
326,389,1
326,628,1
326,400,1
326,594,1
326,779,1
327,362,1
328,332,2
328,580,1
328,672,1
328,419,1
328,414,1
328,432,1
328,330,1
328,542,1
328,334,2
328,354,1
328,541,1
328,383,2
328,331,2
329,374,1
329,880,1
329,377,1
329,584,1
329,918,1
329,710,1
330,332,1
330,419,1
330,338,1
330,563,1
330,335,1
330,432,1
330,422,1
330,542,1
330,774,1
330,383,1
330,826,1
331,411,1
331,430,1
331,392,1
331,590,2
331,406,2
331,503,1
331,382,2
331,729,2
331,385,2
331,395,2
331,723,1
331,388,1
331,919,2
331,433,1
331,542,1
331,904,1
331,380,2
331,894,2
331,892,1
332,335,1
332,531,1
332,542,1
332,544,1
332,419,1
332,371,1
332,657,1
332,573,1
332,860,1
332,920,1
332,433,1
332,389,2
332,557,2
332,869,1
332,640,2
332,334,2
332,921,1
332,336,2
332,363,1
332,469,1
332,563,1
332,380,2
332,512,1
332,383,2
332,465,1
332,742,1
332,456,1
332,409,1
332,488,1
333,922,1
333,353,1
333,367,1
333,809,1
333,611,1
333,923,1
333,607,1
333,456,1
333,375,1
333,924,1
333,633,1
334,542,1
334,419,1
334,649,1
334,531,1
334,925,1
335,907,1
335,619,1
335,468,1
336,926,1
336,382,2
336,432,1
336,408,2
336,355,1
336,467,1
336,777,1
336,502,1
337,353,1
337,602,1
337,637,1
337,586,1
337,660,1
337,428,1
338,927,1
338,553,1
338,339,1
338,353,1
338,760,1
338,928,1
338,929,1
338,343,1
338,564,1
338,930,1
338,544,1
338,931,1
338,367,1
338,483,1
338,575,1
338,932,1
339,933,1
339,353,1
339,657,1
339,934,1
339,361,1
339,364,1
339,845,1
339,760,1
340,383,2
340,935,1
340,888,1
340,895,1
340,890,1
340,891,2
340,735,2
340,384,2
340,392,1
340,936,1
340,415,1
340,356,2
340,572,1
340,907,1
340,379,2
340,889,1
340,570,1
340,937,1
340,363,1
340,577,1
340,381,1
340,883,1
340,412,2
340,511,1
340,388,1
340,370,1
341,880,1
342,445,1
342,399,1
342,697,1
343,676,1
343,488,1
343,567,1
343,659,1
343,540,1
343,938,1
343,563,1
343,465,1
343,414,1
343,548,1
344,349,1
345,417,1
345,398,1
345,550,1
345,367,1
345,374,1
346,589,2
346,939,1
346,940,1
346,941,1
346,355,1
346,942,1
346,742,1
346,943,1
346,745,1
346,944,2
346,945,1
346,747,1
347,444,1
347,610,1
347,584,1
348,946,1
348,522,1
348,361,1
349,947,1
349,710,1
349,948,1
349,365,1
350,631,1
350,726,1
350,704,1
350,367,1
350,686,1
350,828,1
350,553,1
350,869,1
350,843,1
351,659,1
351,587,1
351,949,1
351,466,1
351,561,1
351,454,1
351,768,1
351,655,1
351,950,1
351,653,1
351,951,1
351,952,1
352,537,1
352,567,1
352,500,1
352,953,1
352,577,1
352,391,1
352,840,1
353,355,1
353,414,1
353,367,1
353,929,1
353,398,1
353,572,1
353,858,1
353,766,1
353,370,1
353,504,1
353,364,1
353,719,1
353,357,1
353,954,1
354,356,1
354,355,1
354,955,1
354,665,1
354,956,1
354,957,1
354,500,1
354,391,1
354,467,1
354,401,1
354,488,1
354,494,1
354,693,1
354,692,1
354,366,1
354,415,1
354,531,1
354,690,1
354,958,1
354,837,1
354,667,1
354,670,1
354,873,1
355,590,1
355,542,1
355,406,1
355,724,1
355,388,1
355,589,1
355,944,1
355,723,1
355,743,1
355,398,1
355,585,1
355,945,1
355,959,1
355,746,1
355,960,1
355,744,1
355,467,1
355,391,1
355,409,1
355,904,1
355,469,1
355,749,1
355,551,1
355,413,1
356,888,1
356,382,2
356,415,1
356,890,1
356,895,1
357,451,1
357,368,1
357,920,1
357,377,1
357,749,1
357,514,1
357,768,1
357,706,1
357,961,1
357,424,1
357,547,1
358,520,1
358,710,1
358,764,1
359,471,1
359,360,1
360,795,1
360,399,1
360,435,1
361,465,1
361,962,1
361,522,2
361,431,1
361,543,1
362,785,1
362,440,1
363,471,1
364,766,1
364,953,1
364,368,1
364,961,1
366,687,1
366,686,1
366,671,1
366,766,1
366,467,1
366,469,1
366,674,1
366,963,1
366,494,1
366,964,1
366,531,1
366,837,1
366,488,1
366,965,1
366,692,1
366,878,1
367,368,1
367,961,1
367,391,1
367,863,1
367,659,1
367,371,1
367,952,1
367,414,1
367,928,1
368,953,1
368,451,1
368,578,1
369,394,1
369,871,1
369,608,1
369,416,1
370,415,1
370,502,1
370,735,1
371,537,1
371,377,1
371,466,1
371,729,1
372,703,1
372,428,1
374,390,1
375,453,1
375,611,1
375,416,1
375,607,1
375,966,1
375,633,1
375,967,1
375,609,1
375,733,1
375,968,1
375,396,1
375,969,1
375,420,1
375,629,1
375,402,1
375,970,1
375,605,1
375,456,1
375,871,1
375,428,1
375,377,1
376,971,1
376,584,1
376,444,1
376,428,1
376,881,1
376,972,1
377,752,1
377,453,1
377,660,1
377,390,1
377,584,1
377,647,1
377,412,1
377,587,1
377,973,1
377,389,1
377,974,1
377,712,1
377,388,1
377,466,1
377,749,1
377,661,1
378,832,1
378,808,1
378,658,2
379,384,2
379,783,1
379,380,2
379,381,1
379,975,1
379,386,2
380,392,1
380,503,1
380,383,2
380,386,2
380,382,2
380,381,1
380,384,2
380,889,1
380,590,2
380,729,2
380,385,2
380,783,1
380,412,2
380,551,2
380,891,2
381,386,1
381,783,1
381,935,1
381,383,1
381,384,1
381,382,1
381,385,1
381,976,1
381,889,1
381,577,1
381,592,1
382,383,2
382,385,2
382,386,2
382,503,1
382,883,1
383,891,2
383,384,2
383,385,2
383,392,1
383,937,1
383,386,2
383,783,1
383,408,2
383,895,1
383,542,1
383,406,2
383,795,1
383,577,1
383,890,1
384,889,1
384,725,1
384,385,2
384,783,1
384,392,1
384,386,2
384,895,1
385,729,2
385,503,1
385,386,2
386,937,1
386,590,2
387,403,1
387,858,1
387,889,1
387,957,1
387,832,1
387,590,1
387,395,1
388,725,1
388,433,1
388,409,1
388,808,1
388,883,1
388,412,1
388,632,1
388,787,1
388,430,1
388,728,1
388,395,1
388,723,1
388,977,1
388,884,1
388,541,1
388,885,1
388,755,1
388,551,1
388,570,1
388,886,1
388,887,1
389,724,1
389,801,1
389,445,1
389,785,1
389,583,1
389,780,1
390,751,1
390,656,1
390,457,1
390,417,1
390,978,1
390,834,1
390,839,1
391,979,1
391,537,1
391,901,1
391,952,1
391,845,1
392,503,1
392,891,1
392,729,1
392,894,1
392,892,1
392,980,1
392,919,1
392,893,1
392,975,1
392,981,1
392,982,1
392,438,1
392,442,1
394,660,1
394,752,1
394,751,1
394,766,1
394,983,1
394,845,1
395,744,2
395,943,1
395,411,1
395,742,1
395,433,1
395,755,1
395,503,1
395,551,2
395,409,1
395,984,1
395,985,1
395,957,1
395,889,1
395,570,1
395,723,1
395,465,1
395,942,1
395,746,2
395,541,1
395,747,1
395,891,2
396,456,1
396,420,1
396,467,1
397,975,1
397,755,1
397,941,1
397,957,1
398,839,1
398,959,1
398,571,1
398,700,1
399,573,1
399,580,1
400,986,1
400,698,1
400,583,1
400,435,1
400,697,1
400,801,1
400,440,1
400,797,1
401,987,1
401,656,1
401,433,1
401,904,1
401,988,1
402,577,1
402,696,1
402,544,1
402,967,1
402,467,1
403,572,1
403,433,1
403,676,1
403,989,1
404,428,2
405,730,1
405,406,1
405,407,1
406,407,2
406,410,1
406,990,1
406,409,1
406,774,1
406,551,2
406,729,2
406,991,1
407,903,1
407,730,1
407,408,2
407,907,1
407,645,1
407,774,1
407,724,1
408,891,2
408,430,1
408,590,2
408,704,1
408,725,1
408,409,1
408,410,1
408,433,1
408,728,1
408,858,1
409,725,1
409,891,1
409,992,1
409,433,1
409,412,1
409,787,1
409,542,1
409,410,1
409,541,1
409,936,1
409,430,1
410,539,1
410,551,1
410,772,1
411,589,1
411,942,1
411,742,1
411,744,1
411,551,1
411,412,1
411,725,1
411,723,1
412,982,1
412,883,1
412,589,2
412,723,1
412,551,2
413,748,1
413,433,1
414,913,1
414,826,1
414,651,1
414,661,1
414,548,1
414,451,1
414,506,1
414,537,1
414,534,1
414,704,1
414,567,1
415,850,1
415,572,1
416,871,1
416,749,1
416,456,1
416,611,1
417,993,1
417,483,1
417,604,1
417,994,1
417,522,1
417,754,1
418,847,1
418,485,1
418,807,1
418,563,1
418,512,1
418,459,1
419,542,1
419,573,1
419,774,1
420,608,1
421,823,1
421,956,1
421,995,1
421,553,1
421,563,1
421,446,1
422,996,1
422,659,1
424,658,2
424,839,1
424,928,1
424,429,1
424,816,1
426,507,1
426,506,1
426,997,1
426,508,1
426,907,1
426,475,1
426,863,1
426,998,1
426,499,1
426,867,1
426,999,1
426,516,1
428,453,2
428,897,1
428,883,1
428,1000,1
428,553,1
428,459,1
428,918,1
428,542,1
428,816,1
428,774,1
428,519,1
428,545,1
428,631,1
428,1001,1
429,496,1
429,499,1
429,498,1
429,484,1
429,509,1
430,755,1
430,903,1
430,891,1
430,1002,1
431,931,1
431,962,1
431,906,1
431,1003,1
431,1004,1
431,859,1
431,609,1
431,821,1
432,686,1
432,542,1
432,926,1
432,801,1
433,885,1
433,570,1
433,886,1
433,787,1
433,725,1
433,541,1
433,992,1
433,884,1
433,551,1
433,755,1
433,887,1
433,883,1
433,728,1
433,747,1
433,635,1
433,539,1
433,723,1
433,467,1
433,686,1
433,503,1
434,690,1
436,438,1
437,728,1
437,500,1
437,724,1
437,551,1
438,1005,1
438,649,1
439,443,1
439,639,1
440,881,1
440,698,1
440,697,1
440,516,1
440,805,1
440,583,1
442,808,1
442,774,1
442,833,1
442,748,1
442,443,1
442,503,1
442,538,1
444,585,1
444,450,1
444,587,1
444,460,1
444,447,1
444,567,1
445,467,1
445,694,1
445,914,1
445,593,1
445,640,1
446,823,1
446,483,1
446,563,1
446,995,1
446,481,1
446,1006,1
446,476,1
446,474,1
446,815,1
448,455,1
449,458,1
449,730,1
450,506,1
450,771,1
450,499,1
450,949,1
450,1007,1
450,661,1
450,537,1
450,835,1
451,687,1
451,656,2
451,653,1
451,1008,1
451,454,1
451,1009,1
451,514,1
451,1010,1
451,913,2
451,651,1
451,655,1
451,662,1
451,587,1
451,661,1
451,455,1
452,483,1
452,563,1
452,686,1
453,622,1
453,820,2
453,1011,1
453,623,2
453,624,1
453,602,1
453,1012,1
453,621,1
453,620,1
453,1013,1
453,603,2
453,703,1
453,463,2
453,597,1
453,707,1
453,577,1
454,587,1
454,653,1
454,514,1
454,659,1
455,1008,1
455,816,1
455,760,1
456,922,1
456,467,1
457,1014,1
457,1000,1
457,1015,1
457,602,1
457,706,1
457,547,1
457,631,1
457,839,1
458,1016,1
458,699,1
458,1017,1
458,979,1
458,1018,1
458,700,1
458,839,1
458,841,1
459,756,1
459,532,1
459,563,1
459,553,1
459,1019,1
459,994,1
459,470,1
459,512,1
459,483,1
459,1020,1
459,485,1
459,847,1
459,1021,1
459,921,1
459,1022,1
459,476,1
459,1023,1
459,1024,1
459,486,1
459,1025,1
459,1026,1
459,1001,1
460,631,1
461,989,1
461,1008,1
461,1027,1
461,817,1
463,820,2
463,623,2
463,773,1
463,625,1
463,602,1
463,1028,1
463,624,1
463,1012,1
464,601,1
464,544,1
465,764,1
465,710,1
465,548,1
465,522,1
465,637,1
465,1029,1
465,1030,1
466,659,1
466,587,1
466,769,1
466,768,1
466,653,1
466,951,1
466,818,1
466,467,1
466,548,1
466,469,1
466,1009,1
467,1031,1
467,931,1
467,648,1
467,1032,1
467,911,1
467,488,1
467,835,1
467,557,1
467,964,1
467,572,1
467,551,1
469,499,1
469,809,1
469,500,1
469,520,1
469,835,1
470,512,1
470,756,1
470,807,1
470,847,1
470,1033,1
470,544,1
471,695,1
474,708,1
474,1019,1
474,1034,1
474,1006,1
474,848,1
474,553,1
474,482,1
475,869,1
475,479,1
475,484,1
475,507,1
475,756,1
476,995,1
476,482,1
476,932,1
476,1019,1
476,994,1
476,1035,1
476,485,1
477,563,1
478,479,1
478,1036,1
478,956,1
478,553,1
478,480,1
478,848,1
478,563,1
479,1036,1
479,956,1
479,482,1
479,810,1
479,995,1
479,874,1
479,674,1
480,708,1
480,1037,1
480,486,1
480,662,1
480,705,1
480,690,1
480,563,1
480,846,1
480,1038,1
480,553,1
481,867,1
481,848,1
481,994,1
482,1039,1
482,486,1
482,490,1
482,521,1
482,1040,1
482,496,1
482,606,1
482,708,1
482,483,1
482,1041,1
482,1007,1
482,563,1
482,498,1
482,1034,1
482,1042,1
482,1021,1
482,485,1
482,994,1
482,868,1
483,485,1
483,708,1
483,563,1
483,994,1
483,548,1
483,869,1
483,870,1
483,1023,1
484,509,1
484,604,1
484,507,1
485,564,1
485,756,1
485,921,1
485,1019,1
485,994,1
485,512,1
485,847,1
485,1022,1
485,1035,1
486,563,1
486,756,1
486,1025,1
486,1043,1
486,1044,1
488,494,1
488,873,1
488,693,1
488,674,1
488,688,1
488,877,1
488,1045,1
489,490,1
490,496,1
490,606,1
490,521,1
490,1040,1
490,631,1
490,516,1
494,805,1
494,873,1
494,688,1
494,1046,1
494,874,1
494,667,1
494,877,1
494,693,1
495,978,1
496,606,1
496,1040,1
497,1047,1
497,763,1
497,699,1
497,978,1
497,498,1
498,1000,1
498,1048,1
498,700,1
499,606,1
499,538,1
499,505,1
499,536,1
499,506,1
499,561,1
499,729,1
499,507,1
500,659,1
500,642,1
500,637,1
500,820,1
500,548,1
500,817,1
502,504,1
502,572,1
502,650,1
503,1049,1
503,729,1
503,892,1
503,891,1
503,980,1
503,919,1
503,723,1
503,725,1
503,894,1
503,832,1
503,548,1
503,551,1
504,735,1
504,572,1
504,740,1
505,524,1
505,508,1
506,508,1
506,889,1
506,606,1
506,561,1
506,539,1
506,516,1
506,998,1
506,941,1
507,510,1
507,754,1
507,606,1
507,717,1
507,508,1
508,520,1
508,1049,1
508,711,1
511,697,1
511,907,1
511,903,1
511,1050,1
511,888,1
511,774,1
511,808,1
511,833,1
511,895,1
511,832,1
511,991,1
512,847,1
512,807,1
512,756,1
512,1033,1
512,563,1
513,1051,1
514,770,1
517,591,1
517,593,1
517,599,1
517,600,1
517,598,1
517,531,1
517,835,1
520,764,1
520,710,1
520,577,1
520,1015,1
520,528,1
521,606,1
522,821,2
522,1052,2
522,764,1
522,527,2
522,569,1
522,545,1
523,577,1
526,901,1
526,528,1
526,557,1
526,911,1
526,1053,1
527,764,1
527,821,2
527,548,1
528,557,1
528,902,1
529,949,1
530,880,1
531,704,1
531,686,1
531,1054,1
531,830,1
531,679,1
531,653,1
532,756,1
532,611,1
534,1055,1
537,949,1
537,1056,1
540,548,1
540,1008,1
541,755,1
541,724,1
541,725,1
541,551,1
541,728,1
541,887,1
541,832,1
541,885,1
542,557,1
542,616,1
542,580,1
542,720,1
542,686,1
542,1033,1
542,708,1
544,580,1
544,708,1
544,720,1
544,640,1
545,1052,1
545,1057,1
545,568,1
548,830,1
548,567,1
548,563,1
548,659,1
548,1058,1
548,550,1
548,764,1
548,815,1
550,764,1
551,725,1
551,884,1
551,885,1
551,755,1
551,787,1
551,570,1
551,886,1
551,887,1
551,728,1
551,724,1
551,729,2
551,589,2
551,883,1
552,567,1
552,1059,1
552,662,1
552,1060,1
552,852,1
553,868,1
553,927,1
553,848,1
553,1061,1
553,1006,1
553,564,1
553,708,1
553,823,1
553,867,1
553,563,1
554,859,1
554,832,1
554,686,1
554,1062,1
554,1008,1
554,774,1
554,591,1
554,833,1
555,572,1
556,572,1
556,720,1
556,719,1
557,911,1
557,902,1
557,1053,2
557,901,1
558,740,1
559,1063,1
560,911,1
560,901,1
560,1053,1
560,1064,1
560,859,1
560,1065,1
561,587,1
561,653,1
561,659,1
561,567,1
561,768,1
561,676,1
561,577,1
563,995,1
563,868,1
563,994,1
563,761,1
563,867,1
563,823,1
563,848,1
563,577,1
563,847,1
563,708,1
563,956,1
563,807,1
563,659,1
563,1025,1
564,815,1
564,823,1
564,1037,1
565,566,1
565,881,1
567,655,1
567,597,1
567,1060,1
567,659,1
567,953,1
568,668,1
570,594,1
570,887,1
570,884,1
570,885,1
570,787,1
570,755,1
570,886,1
570,725,1
571,611,1
571,959,1
571,979,1
571,658,1
572,709,1
572,850,1
577,1066,1
577,1067,1
577,610,1
577,1068,1
577,670,1
577,655,1
577,1069,1
577,602,1
577,603,1
577,658,1
577,1070,1
577,810,1
577,865,1
577,890,1
577,714,1
578,843,1
580,685,1
581,756,1
583,805,1
583,779,1
583,698,1
584,662,1
584,676,1
584,705,1
584,690,1
584,982,1
584,699,1
585,882,1
585,637,1
586,1030,1
586,1071,1
587,951,1
587,653,1
587,952,1
587,769,1
587,768,1
587,655,1
587,659,1
587,950,1
587,654,1
587,818,1
587,771,1
587,1072,1
587,953,1
587,686,1
588,661,1
589,939,1
589,742,1
589,746,2
589,944,2
589,743,1
589,960,1
589,945,1
589,747,1
589,723,1
589,590,2
589,755,1
589,729,2
590,723,1
590,944,2
590,725,1
590,743,1
590,724,1
590,742,1
590,745,1
591,1073,1
591,594,1
591,649,1
591,593,1
591,894,1
591,724,1
592,1074,1
592,744,2
592,1075,1
592,694,1
593,599,2
593,647,2
593,598,1
593,600,1
593,694,1
594,724,1
595,741,1
595,785,1
596,597,1
597,707,1
597,1031,1
597,714,1
597,924,1
597,620,1
597,1076,1
597,653,1
597,1061,1
597,622,1
597,740,1
597,952,1
597,602,1
598,785,1
598,600,1
598,779,1
599,741,1
599,724,1
599,964,1
600,1045,1
601,622,1
601,621,1
602,620,1
602,854,1
602,740,1
602,629,1
603,620,1
605,871,1
606,1040,1
607,923,1
607,633,1
607,984,1
608,871,1
609,821,1
609,1077,1
609,966,1
609,611,1
609,1078,1
610,1000,1
610,613,1
611,967,1
611,1079,1
611,1080,1
611,984,1
611,922,1
611,1081,1
611,1082,1
611,1083,1
612,1018,1
613,853,1
613,699,1
616,1084,1
620,736,1
621,622,1
621,1012,1
623,820,2
624,676,1
626,635,1
628,682,1
628,639,1
629,871,1
632,729,1
632,858,1
633,984,1
633,923,1
633,871,1
633,968,1
633,1077,1
635,736,1
635,1013,1
637,676,1
640,642,1
640,641,1
640,645,1
640,644,1
641,642,1
642,644,1
646,786,1
646,782,1
646,785,1
647,791,1
647,694,1
648,659,1
648,772,1
648,782,1
649,774,1
649,695,1
649,697,1
650,1085,1
652,852,1
653,659,1
653,769,1
653,768,1
653,655,1
653,771,1
655,768,1
655,952,1
656,824,1
656,978,1
656,845,1
656,660,1
656,751,1
657,934,1
657,1086,1
657,1087,1
657,986,1
657,1088,1
658,852,1
659,768,1
659,771,1
659,1059,1
659,961,1
659,663,1
659,676,1
660,753,1
660,1083,1
660,751,1
660,703,1
660,983,1
661,714,1
662,705,1
662,690,1
662,1089,1
663,1090,1
664,989,1
667,879,1
667,693,1
670,835,1
670,777,1
670,1091,1
674,874,1
674,1046,1
674,693,1
679,1092,1
686,1006,1
686,703,1
686,702,1
686,691,1
686,697,1
686,1066,1
686,1000,1
687,883,1
688,693,2
690,974,1
690,705,1
690,852,1
691,883,1
692,1085,1
693,1093,1
694,695,1
694,785,1
696,774,1
696,789,1
697,789,1
697,796,1
697,800,1
698,1094,1
698,805,1
698,986,1
698,878,1
699,839,1
700,839,1
700,1095,1
702,782,1
703,774,1
704,995,1
704,1096,1
705,993,1
705,846,1
705,1097,1
705,1042,1
705,1037,1
705,1038,1
705,754,1
706,852,1
706,1009,1
706,824,1
706,953,1
708,815,1
708,1037,1
708,1034,1
708,1097,1
708,848,1
709,720,1
709,850,1
709,732,1
709,731,1
710,860,1
710,1049,1
710,899,1
711,794,1
713,1098,1
713,987,1
714,949,1
717,811,1
718,907,1
722,736,1
723,944,1
723,743,1
723,939,1
723,746,1
723,985,1
723,1099,1
723,957,1
723,940,1
723,745,1
723,945,1
724,725,1
724,728,1
724,797,1
724,786,1
724,729,1
725,728,1
725,977,1
725,884,1
725,885,1
725,755,1
725,787,1
725,886,1
725,887,1
727,730,1
727,991,1
727,1002,1
727,975,1
728,858,1
729,755,1
729,982,1
729,944,2
729,981,1
729,980,1
730,973,1
730,1002,1
730,991,1
733,820,1
735,936,1
737,792,1
741,964,1
742,747,1
742,944,1
742,943,1
742,745,1
743,745,1
743,944,1
743,744,1
743,782,1
743,747,1
744,939,1
744,747,1
744,944,2
744,745,1
745,944,1
745,747,1
747,939,1
747,1074,1
749,871,1
752,753,1
753,811,1
755,884,1
755,885,1
755,787,1
755,886,1
755,887,1
755,774,1
756,1044,1
756,1026,1
756,807,1
756,1100,1
756,1019,1
756,1024,1
756,847,1
756,1025,1
760,934,1
760,929,1
763,1047,1
764,794,1
764,821,1
764,1101,1
764,1052,1
765,773,1
767,1102,1
768,769,1
768,952,1
769,818,1
769,974,1
769,1072,1
770,1103,1
770,952,1
771,818,1
772,975,1
773,895,1
774,832,1
774,883,1
774,808,1
774,833,1
779,785,1
782,785,1
783,889,1
783,935,1
783,884,1
783,894,1
783,890,1
787,884,1
787,885,1
787,886,1
787,887,1
792,1066,1
792,1068,2
792,1004,1
792,1104,1
792,1077,1
793,808,1
794,1065,1
794,902,1
798,925,1
801,1105,1
806,849,1
807,1096,1
807,847,1
807,1033,1
807,1022,1
808,832,1
808,833,1
810,1036,1
810,956,1
811,845,1
813,824,1
815,848,1
815,846,1
815,822,1
817,989,1
818,952,1
818,1057,1
818,951,1
819,852,1
821,1052,2
823,1035,1
823,869,1
823,867,1
823,1106,1
827,1061,1
830,975,1
832,833,1
832,907,1
833,1107,1
835,1108,1
835,858,1
835,1009,1
835,1109,1
835,1110,1
836,837,1
836,879,1
839,979,1
846,1097,1
846,1042,1
846,1034,1
846,1038,1
847,1044,1
847,1097,1
847,1033,1
848,1034,1
848,1042,1
848,1036,1
848,1097,1
852,928,1
853,868,1
854,1111,1
854,870,1
854,922,1
854,867,1
854,868,1
858,1112,1
859,962,1
859,1004,1
859,906,1
860,1049,1
860,988,1
860,987,1
864,975,1
864,1112,1
867,868,1
867,1111,1
867,869,1
868,1111,1
869,1034,1
869,870,1
869,1113,1
869,1037,1
873,1114,1
877,1094,1
883,1115,1
884,885,1
884,886,1
884,887,1
885,886,1
885,887,1
886,887,1
888,895,1
888,935,1
888,890,1
889,1116,1
889,977,1
890,906,1
890,895,1
893,980,1
893,1010,1
893,982,1
893,894,1
893,975,1
893,919,1
893,981,1
894,980,1
894,975,1
894,982,1
894,919,2
895,935,1
895,923,1
897,1117,1
898,899,1
899,1057,1
901,1065,1
901,911,1
903,1050,1
903,907,1
906,1003,1
906,1004,1
906,1066,1
906,1068,2
906,910,1
907,991,1
907,1002,1
909,1068,2
909,1066,1
909,1004,1
909,1104,1
909,1077,1
911,1065,1
911,1064,1
911,1053,1
918,1118,1
919,980,1
919,982,1
920,1089,1
921,1001,1
922,1022,1
923,984,1
927,1061,1
929,1119,1
930,1010,1
930,1120,1
931,962,1
931,1004,1
934,986,1
934,1086,1
939,940,1
939,945,1
940,941,1
941,957,1
949,951,1
953,961,1
956,1036,1
956,994,1
956,995,1
957,1062,1
957,1099,1
957,985,1
959,1121,1
967,1083,1
967,1079,1
975,980,1
975,982,1
978,1122,1
979,1067,1
980,1123,1
980,982,1
986,1086,1
987,1049,1
988,1049,1
989,1008,1
991,1002,1
994,1042,1
994,1111,1
994,995,1
994,1025,1
996,1122,1
997,1124,1
1000,1048,1
1000,1125,1
1003,1066,1
1003,1004,1
1003,1068,1
1003,1104,1
1004,1066,1
1004,1068,1
1004,1104,1
1004,1069,1
1008,1126,1
1016,1067,1
1016,1018,1
1018,1067,1
1022,1127,1
1023,1096,1
1025,1044,1
1031,1068,2
1031,1077,1
1034,1042,1
1034,1038,1
1034,1097,1
1034,1037,1
1038,1042,1
1038,1097,1
1042,1097,1
1044,1111,1
1052,1128,1
1065,1104,1
1066,1069,1
1066,1068,1
1066,1104,1
1066,1077,1
1068,1104,1
1068,1069,1
1068,1077,1
1069,1104,1
1072,1129,1
1077,1078,1
1079,1083,1
1079,1130,1
1086,1131,1
1087,1088,1
1095,1132,1
1097,1111,1
