Label,anomalous,neighbor,clustering,degree,closeness,betweenness,community,density,in,out,bi
344,1,92,0.139513,0.071651,0.361844,0.036228,1,1.923077,0.464,0.536,0.264
1602,1,99,0.109874,0.077103,0.381599,0.079307,1,3.9,0.709402,0.290598,0.153846
1351,1,100,0.121616,0.077882,0.345736,0.030467,1,1.173913,0.092593,0.907407,0.074074
333,1,69,0.111253,0.053738,0.33703,0.040002,1,1.610169,0.494737,0.505263,0.273684
1704,1,74,0.140318,0.057632,0.350845,0.028556,1,1.727273,0.578947,0.421053,0.221053
242,1,59,0.246639,0.04595,0.340127,0.012777,1,0.721311,0.465909,0.534091,0.329545
460,1,75,0.099459,0.058411,0.336039,0.054489,1,1.16,0.747126,0.252874,0.137931
639,1,80,0.078481,0.062305,0.400934,0.113672,1,0.488506,0.905882,0.094118,0.058824
1244,1,62,0.192491,0.048287,0.359569,0.034025,1,0.583333,0.404762,0.595238,0.261905
1645,1,58,0.22444,0.045171,0.342815,0.013188,1,2.27027,0.47619,0.52381,0.309524
743,1,60,0.20452,0.046729,0.354703,0.014805,1,1.238095,0.487179,0.512821,0.230769
936,1,56,0.241558,0.043614,0.347454,0.014889,1,0.857143,0.538462,0.461538,0.282051
981,1,58,0.139746,0.045171,0.344222,0.021997,1,0.361111,0.448718,0.551282,0.25641
151,1,74,0.07886,0.057632,0.356613,0.050171,1,1.55102,0.026316,0.973684,0.026316
1570,1,62,0.151772,0.048287,0.354303,0.021956,1,5.846154,0.618421,0.381579,0.184211
1521,1,51,0.307451,0.03972,0.331087,0.008222,1,25,0.52,0.48,0.32
1580,1,51,0.169412,0.03972,0.332136,0.010146,1,23,0.507246,0.492754,0.26087
791,1,59,0.181181,0.04595,0.290427,0.015843,1,0.723404,0.279412,0.720588,0.132353
1021,1,62,0.125331,0.048287,0.297571,0.030105,1,0.790698,0.132353,0.867647,0.088235
1588,1,57,0.159148,0.044393,0.352319,0.017677,1,2.193548,0.588235,0.411765,0.161765
1158,1,59,0.070719,0.04595,0.382178,0.083586,1,3.157895,0.95,0.05,0.016667
362,1,49,0.192177,0.038162,0.277427,0.012232,1,0.470588,0.160714,0.839286,0.125
481,1,49,0.044218,0.038162,0.364148,0.063167,1,0.617284,0.84,0.16,0.02
235,1,39,0.17004,0.030374,0.287968,0.005029,1,1.121951,0.195652,0.804348,0.152174
1546,1,43,0.060908,0.033489,0.325856,0.04123,0,0.375,0.044444,0.955556,0.044444
1089,1,43,0.099668,0.033489,0.299199,0.018614,1,21.5,0.976744,0.023256,0
1603,1,41,0.185366,0.031931,0.313905,0.008521,1,2.263158,0.930233,0.069767,0.046512
1094,1,37,0.285285,0.028816,0.316591,0.007166,1,0.909091,0.15,0.85,0.075
872,1,37,0.22973,0.028816,0.322598,0.004734,1,0.557143,0.076923,0.923077,0.051282
490,1,34,0.092692,0.02648,0.351139,0.010567,1,0.644068,0.842105,0.157895,0.105263
672,1,34,0.023173,0.02648,0.289825,0.031596,0,3.272727,0.055556,0.944444,0.055556
1202,1,36,0.080952,0.028037,0.365736,0.03638,1,0.20904,0.918919,0.081081,0.027027
378,1,30,0.331034,0.023364,0.313124,0.00439,1,1.5,0.194444,0.805556,0.166667
544,1,31,0.245161,0.024143,0.300127,0.002647,1,0.423529,0.138889,0.861111,0.138889
53,1,33,0.304924,0.025701,0.336039,0.003574,1,0.17801,0.058824,0.941176,0.029412
1542,1,32,0.145161,0.024922,0.332575,0.029814,1,0.666667,0.911765,0.088235,0.058824
1632,1,31,0.150538,0.024143,0.329699,0.006809,1,0.372093,0.03125,0.96875,0.03125
745,1,27,0.307692,0.021028,0.303091,0.002453,1,0.382716,0.16129,0.83871,0.129032
209,1,28,0.095238,0.021807,0.325772,0.024098,0,0.100346,0.068966,0.931034,0.034483
1684,1,26,0.350769,0.020249,0.309885,0.001329,1,0.076923,0.928571,0.071429,0.071429
663,1,6,,0.004673,0.263097,0.001914,1,0.064748,0.333333,0.666667,0.333333
561,1,5,,0.003894,0.191701,0.003167,0,0.09589,0.285714,0.714286,0.285714
443,1,5,,0.003894,0.270508,0.002812,0,0.052174,0.166667,0.833333,0.166667
614,1,6,,0.004673,0.260591,0.005362,0,0.6,0.5,0.5,0
1673,1,6,,0.004673,0.239462,0.000539,0,0.166667,0.333333,0.666667,0
489,1,5,,0.003894,0.2534,0.005096,1,0.104167,0.2,0.8,0
581,1,5,,0.003894,0.24825,0.000037,1,0.0625,0,1,0
628,1,5,,0.003894,0.181392,0.003117,0,0.016077,1,0,0
935,1,5,,0.003894,0.246789,0.003873,0,0.01938,0.6,0.4,0
1639,1,5,0.3,0.003894,0.239964,0.000021,1,0.454545,0.8,0.2,0
1362,1,3,,0.002336,0.18383,0.000004,1,0.1875,0,1,0
1630,1,3,0.666667,0.002336,0.256709,0.000006,1,0.142857,0.333333,0.666667,0
392,1,1,,0.000779,0.248987,0,1,0.013699,0,1,0
894,1,1,,0.000779,0.221697,0,1,0.058824,0,1,0
952,1,1,,0.000779,0.191993,0,1,0.076923,1,0,0
1072,1,1,,0.000779,0.20934,0,1,0.026316,0,1,0
1533,1,1,,0.000779,0.215877,0,1,0.016129,0,1,0
1386,1,40,0.037179,0.031153,0.324094,0.050684,0,2.590909,0.473684,0.526316,0.298246
1426,1,11,0.381818,0.008567,0.254271,0.001131,1,0.076389,0.727273,0.272727,0
972,1,6,0.333333,0.004673,0.233636,0.000785,1,0.064516,0.375,0.625,0.25
934,1,2,,0.001558,0.163649,0.001542,1,0.176471,0.333333,0.666667,0.333333
933,1,1,,0.000779,0.140448,0,1,0.028571,0.5,0.5,0.5
1141,1,2,,0.001558,0.195971,0.003081,1,0.023529,1,0,0
19,1,2,,0.001558,0.227634,0.001542,1,0.034483,0.666667,0.333333,0.333333
774,1,2,,0.001558,0.224306,0.001542,0,0.375,0.666667,0.333333,0.333333
20,1,1,,0.000779,0.185101,0,1,0.5,0.5,0.5,0.5
65,1,2,,0.001558,0.184612,0.001542,0,0.046512,0,1,0
207,1,2,,0.001558,0.192699,0.001542,0,0.026316,0,1,0
775,1,1,,0.000779,0.182895,0,0,0.090909,0.5,0.5,0.5
839,1,2,,0.001558,0.184938,0.001542,1,0.043478,1,0,0
1312,1,2,,0.001558,0.224466,0.001542,1,0.071429,1,0,0
168,1,1,,0.000779,0.155844,0,1,0.009901,0,1,0
449,1,1,,0.000779,0.183001,0,1,0.011494,0,1,0
492,1,1,,0.000779,0.155613,0,0,0.008333,1,0,0
1324,1,1,,0.000779,0.184558,0,0,0.01,1,0,0
1434,1,1,,0.000779,0.16132,0,0,0.009804,1,0,0
1191,0,49,0.151361,0.038162,0.332575,0.018567,1,0.426667,0.390625,0.609375,0.234375
1650,0,47,0.319149,0.036604,0.320298,0.004202,1,0.822785,0.476923,0.523077,0.276923
1104,0,47,0.150786,0.036604,0.343189,0.033646,1,1.169811,0.629032,0.370968,0.241935
1352,0,46,0.349758,0.035826,0.327553,0.004646,1,0.759036,0.333333,0.666667,0.269841
1653,0,51,0.247843,0.03972,0.343283,0.012662,1,3,0.349206,0.650794,0.190476
506,0,44,0.339323,0.034268,0.30027,0.00172,1,4.916667,0.288136,0.711864,0.254237
816,0,48,0.14539,0.037383,0.315321,0.030866,1,0.374194,0.586207,0.413793,0.172414
1605,0,51,0.136471,0.03972,0.336129,0.018565,1,0.353659,0.362069,0.637931,0.12069
715,0,43,0.291251,0.033489,0.323427,0.01121,1,2.391304,0.654545,0.345455,0.218182
930,0,38,0.311522,0.029595,0.314376,0.003375,1,2.347826,0.574074,0.425926,0.296296
1614,0,48,0.183511,0.037383,0.340036,0.018037,1,2.304348,0.603774,0.396226,0.09434
1108,0,25,0.2,0.01947,0.30552,0.006594,1,0.704545,0.290323,0.709677,0.193548
1652,0,45,0.167677,0.035047,0.344977,0.018975,1,8.166667,0.408163,0.591837,0.081633
156,0,37,0.256757,0.028816,0.313514,0.003859,1,1.230769,0.333333,0.666667,0.229167
1203,0,40,0.167949,0.031153,0.325435,0.010796,1,0.48,0.583333,0.416667,0.166667
206,0,34,0.411765,0.02648,0.311959,0.003198,1,4.272727,0.489362,0.510638,0.276596
1313,0,39,0.194332,0.030374,0.278471,0.006729,1,0.559524,0.765957,0.234043,0.170213
1607,0,35,0.314286,0.027259,0.321855,0.003375,1,0.271676,0.617021,0.382979,0.255319
1612,0,38,0.102418,0.029595,0.350552,0.039731,1,1.27027,0.340426,0.659574,0.191489
592,0,36,0.303175,0.028037,0.265597,0.003456,1,0.285714,0.521739,0.478261,0.217391
1067,0,32,0.405242,0.024922,0.323344,0.005848,1,2,0.630435,0.369565,0.304348
1485,0,36,0.369841,0.028037,0.296449,0.00437,1,0.278788,0.434783,0.565217,0.217391
1589,0,38,0.241821,0.029595,0.335502,0.006692,1,0.094456,0.5,0.5,0.173913
347,0,39,0.307692,0.030374,0.318999,0.010288,1,3.75,0.266667,0.733333,0.133333
551,0,39,0.183536,0.030374,0.300773,0.011919,1,1.666667,0.688889,0.311111,0.133333
862,0,37,0.244745,0.028816,0.30397,0.003664,1,0.441176,0.288889,0.711111,0.177778
52,0,39,0.282051,0.030374,0.318192,0.004327,1,1.571429,0.522727,0.477273,0.113636
225,0,32,0.354839,0.024922,0.320298,0.003074,1,0.149153,0.409091,0.590909,0.272727
1516,0,31,0.260215,0.024143,0.26935,0.002705,1,1.047619,0.363636,0.636364,0.295455
1671,0,33,0.234848,0.025701,0.320461,0.006946,1,6.285714,0.545455,0.454545,0.25
1559,0,34,0.367201,0.02648,0.303237,0.004336,1,1.075,0.348837,0.651163,0.209302
451,0,32,0.092742,0.024922,0.319891,0.018716,0,0.251497,0.261905,0.738095,0.238095
668,0,32,0.207661,0.024922,0.324344,0.013672,1,0.313433,0.309524,0.690476,0.238095
1212,0,35,0.193277,0.027259,0.307988,0.004972,1,0.247059,0.261905,0.738095,0.166667
1581,0,33,0.393939,0.025701,0.313749,0.004026,1,0.617647,0.357143,0.642857,0.214286
630,0,38,0.263158,0.029595,0.279337,0.003033,1,0.82,0.902439,0.097561,0.073171
1247,0,36,0.163492,0.028037,0.313905,0.010509,1,13.333333,0.7,0.3,0.1
1243,0,31,0.232258,0.024143,0.324847,0.007462,1,1.392857,0.384615,0.615385,0.205128
1563,0,33,0.306818,0.025701,0.324931,0.002851,1,0.722222,0.769231,0.230769,0.153846
947,0,30,0.397701,0.023364,0.31699,0.002318,1,0.764706,0.564103,0.435897,0.230769
1373,0,33,0.418561,0.025701,0.307612,0.002326,1,0.284672,0.307692,0.692308,0.153846
203,0,33,0.1875,0.025701,0.313514,0.015886,1,0.376238,0.342105,0.657895,0.131579
643,0,32,0.227823,0.024922,0.303823,0.008464,1,0.248322,0.405405,0.594595,0.135135
1065,0,32,0.266129,0.024922,0.337935,0.01041,1,0.387755,0.5,0.5,0.157895
1169,0,35,0.278992,0.027259,0.321362,0.007468,1,0.299213,0.473684,0.526316,0.078947
1703,0,30,0.358621,0.023364,0.311496,0.0034,1,4.222222,0.763158,0.236842,0.210526
1727,0,31,0.387097,0.024143,0.31328,0.002411,1,3.454545,0.736842,0.263158,0.184211
164,0,29,0.152709,0.022586,0.28279,0.004828,1,0.925,0.513514,0.486486,0.216216
977,0,27,0.393162,0.021028,0.296589,0.001522,1,0.349057,0.594595,0.405405,0.27027
1157,0,29,0.376847,0.022586,0.300342,0.002308,1,0.804348,0.297297,0.702703,0.216216
238,0,29,0.23399,0.022586,0.295059,0.015572,1,1.028571,0.444444,0.555556,0.194444
1598,0,24,0.528986,0.018692,0.313202,0.001586,1,0.765957,0.666667,0.333333,0.333333
1637,0,31,0.227957,0.024143,0.334343,0.006952,1,0.352941,0.361111,0.638889,0.138889
319,0,26,0.575385,0.020249,0.288628,0.000276,1,0.196629,0.457143,0.542857,0.257143
747,0,32,0.15121,0.024922,0.30552,0.00716,1,0.113269,0.742857,0.257143,0.085714
1284,0,25,0.343333,0.01947,0.311265,0.001824,1,0.59322,0.4,0.6,0.285714
1408,0,31,0.202151,0.024143,0.289425,0.005073,1,0.138889,0.314286,0.685714,0.114286
1541,0,27,0.444444,0.021028,0.316431,0.001523,1,3.5,0.342857,0.657143,0.228571
258,0,28,0.214286,0.021807,0.304632,0.008642,1,0.140496,0.441176,0.558824,0.176471
313,0,28,0.460317,0.021807,0.302072,0.002875,1,0.114094,0.323529,0.676471,0.176471
741,0,29,0.248768,0.022586,0.332575,0.005462,1,1.36,0.411765,0.588235,0.147059
1211,0,29,0.285714,0.022586,0.29375,0.003173,1,0.772727,0.205882,0.794118,0.147059
1617,0,32,0.241935,0.024922,0.338845,0.00749,1,0.309091,0.529412,0.470588,0.058824
1626,0,29,0.172414,0.022586,0.305076,0.004748,1,0.140496,0.264706,0.735294,0.147059
669,0,23,0.395257,0.017913,0.297924,0.002656,1,0.478261,0.454545,0.545455,0.30303
693,0,29,0.157635,0.022586,0.30478,0.013247,1,3.3,0.424242,0.575758,0.121212
736,0,25,0.483333,0.01947,0.320952,0.001375,1,0.1875,0.424242,0.575758,0.242424
1271,0,31,0.137634,0.024143,0.339485,0.012927,1,0.761905,0.5625,0.4375,0.03125
1293,0,28,0.240741,0.021807,0.298986,0.007367,1,0.207547,0.545455,0.454545,0.151515
1551,0,25,0.443333,0.01947,0.305446,0.001108,1,0.634615,0.69697,0.30303,0.242424
1640,0,28,0.238095,0.021807,0.32376,0.009503,1,0.375,0.30303,0.69697,0.151515
386,0,25,0.306667,0.01947,0.308971,0.001982,1,0.150235,0.46875,0.53125,0.21875
588,0,28,0.296296,0.021807,0.265485,0.002551,1,3.2,0.6875,0.3125,0.125
811,0,25,0.166667,0.01947,0.307311,0.006635,1,0.457143,0.65625,0.34375,0.21875
1015,0,24,0.376812,0.018692,0.260645,0.001643,1,0.10356,0.5625,0.4375,0.25
1171,0,27,0.495726,0.021028,0.281147,0.000532,1,0.235294,0.28125,0.71875,0.15625
1553,0,23,0.537549,0.017913,0.311959,0.00229,1,0.463768,0.46875,0.53125,0.28125
228,0,27,0.205128,0.021028,0.294506,0.01061,1,0.17341,0.4,0.6,0.1
243,0,26,0.187692,0.020249,0.328322,0.019334,1,0.885714,0.516129,0.483871,0.16129
831,0,23,0.343874,0.017913,0.295822,0.001251,1,0.939394,0.677419,0.322581,0.258065
1594,0,25,0.246667,0.01947,0.329181,0.004565,1,0.688889,0.612903,0.387097,0.193548
1631,0,25,0.486667,0.01947,0.299484,0.0009,1,0.187879,0.548387,0.451613,0.193548
377,0,24,0.474638,0.018692,0.29729,0.000872,1,0.265487,0.366667,0.633333,0.2
409,0,26,0.270769,0.020249,0.284645,0.005934,1,0.147783,0.5,0.5,0.133333
818,0,25,0.273333,0.01947,0.286264,0.003434,1,0.163043,0.366667,0.633333,0.166667
1159,0,25,0.243333,0.01947,0.318918,0.003264,1,0.119522,0.3,0.7,0.166667
1168,0,24,0.413043,0.018692,0.309047,0.003129,1,0.133929,0.5,0.5,0.2
1250,0,29,0.125616,0.022586,0.331873,0.011765,1,0.483333,1,0,0
1609,0,25,0.103333,0.01947,0.321362,0.006475,1,0.75,0.333333,0.666667,0.166667
142,0,24,0.217391,0.018692,0.291099,0.001732,1,0.081921,0.241379,0.758621,0.172414
595,0,24,0.293478,0.018692,0.331436,0.003702,1,0.086053,0.586207,0.413793,0.172414
603,0,25,0.38,0.01947,0.304559,0.000606,1,1.705882,0.344828,0.655172,0.137931
649,0,23,0.249012,0.017913,0.31779,0.006846,1,5.8,0.482759,0.517241,0.206897
948,0,29,0.23399,0.022586,0.305966,0.006078,1,0.446154,1,0,0
1024,0,24,0.351449,0.018692,0.265653,0.002986,1,0.278846,0.37931,0.62069,0.172414
1030,0,23,0.426877,0.017913,0.304117,0.002366,1,0.608696,0.571429,0.428571,0.178571
1569,0,25,0.206667,0.01947,0.307612,0.002987,1,2.071429,0.586207,0.413793,0.137931
1584,0,23,0.545455,0.017913,0.284388,0.000335,1,0.239669,0.586207,0.413793,0.206897
1615,0,25,0.583333,0.01947,0.288166,0.000574,1,0.39726,0.241379,0.758621,0.137931
314,0,24,0.126812,0.018692,0.288298,0.016084,0,6.75,0.407407,0.592593,0.111111
707,0,20,0.405263,0.015576,0.297712,0.003402,1,0.666667,0.428571,0.571429,0.285714
733,0,23,0.304348,0.017913,0.29927,0.001179,1,0.21875,0.607143,0.392857,0.178571
758,0,24,0.275362,0.018692,0.311111,0.009648,1,0.7,0.321429,0.678571,0.142857
1423,0,23,0.335968,0.017913,0.280145,0.00047,1,0.102564,0.357143,0.642857,0.178571
1491,0,24,0.195652,0.018692,0.284838,0.002987,1,0.509091,0.535714,0.464286,0.142857
1685,0,22,0.181818,0.017134,0.276027,0.003188,1,7,0.321429,0.678571,0.214286
63,0,25,0.403333,0.01947,0.313749,0.000563,1,0.176471,0.148148,0.851852,0.074074
201,0,23,0.233202,0.017913,0.285614,0.006017,1,0.325301,0.666667,0.333333,0.148148
214,0,22,0.333333,0.017134,0.301349,0.001912,1,0.210938,0.296296,0.703704,0.185185
310,0,15,0.095238,0.011682,0.305002,0.00242,1,0.239437,0.411765,0.588235,0.117647
563,0,20,0.284211,0.015576,0.309351,0.004547,0,0.589744,0.826087,0.173913,0.130435
1261,0,23,0.181818,0.017913,0.294575,0.005562,0,0.156977,0.296296,0.703704,0.148148
1439,0,21,0.57619,0.016355,0.298065,0.00032,1,0.257143,0.518519,0.481481,0.222222
1451,0,23,0.371542,0.017913,0.265597,0.002189,1,0.159763,0.814815,0.185185,0.148148
1622,0,23,0.185771,0.017913,0.306488,0.005899,1,0.595238,0.68,0.32,0.08
415,0,23,0.181818,0.017913,0.306637,0.010216,1,0.240741,0.576923,0.423077,0.115385
497,0,19,0.491228,0.014798,0.30229,0.000554,1,0.184397,0.653846,0.346154,0.269231
537,0,22,0.155844,0.017134,0.33976,0.007669,1,0.702703,0.653846,0.346154,0.153846
1368,0,20,0.305263,0.015576,0.306264,0.00331,1,0.317073,0.307692,0.692308,0.230769
1509,0,24,0.264493,0.018692,0.287114,0.003153,1,0.590909,0.192308,0.807692,0.076923
1540,0,24,0.289855,0.018692,0.293613,0.002478,1,0.866667,0.461538,0.538462,0.076923
183,0,20,0.247368,0.015576,0.250076,0.001908,1,0.245098,0.28,0.72,0.2
237,0,19,0.181287,0.014798,0.298206,0.003145,1,1.086957,0.32,0.68,0.24
659,0,24,0.141304,0.018692,0.334432,0.010626,1,0.119617,0.04,0.96,0.04
1032,0,20,0.410526,0.015576,0.246935,0.000388,1,0.416667,0.76,0.24,0.2
1035,0,21,0.252381,0.016355,0.270159,0.000667,1,4.166667,0.8,0.2,0.16
1095,0,23,0.256917,0.017913,0.288166,0.001626,1,0.471698,0.16,0.84,0.08
1186,0,21,0.342857,0.016355,0.273269,0.004224,1,2.083333,0.32,0.68,0.16
1214,0,20,0.273684,0.015576,0.258237,0.003899,1,0.242718,0.4,0.6,0.2
1232,0,24,0.217391,0.018692,0.291369,0.003027,1,0.233645,0.96,0.04,0.04
1554,0,24,0.315217,0.018692,0.277305,0.003199,1,0.571429,1,0,0
1655,0,23,0.173913,0.017913,0.320054,0.009564,1,6.25,0.52,0.48,0.08
383,0,22,0.359307,0.017134,0.30229,0.002079,1,1.6,0.291667,0.708333,0.083333
533,0,20,0.242105,0.015576,0.288562,0.007159,1,0.151899,0.25,0.75,0.166667
535,0,21,0.390476,0.016355,0.292317,0.000624,1,0.113208,0.291667,0.708333,0.125
593,0,19,0.444444,0.014798,0.262384,0.005182,1,0.177778,0.458333,0.541667,0.208333
609,0,21,0.361905,0.016355,0.24444,0.000716,1,0.275862,0.25,0.75,0.125
634,0,22,0.134199,0.017134,0.265709,0.00275,1,0.107623,0.541667,0.458333,0.083333
746,0,21,0.385714,0.016355,0.302145,0.000807,1,0.857143,0.833333,0.166667,0.125
845,0,17,0.272059,0.01324,0.293202,0.002924,1,0.173913,0.375,0.625,0.291667
891,0,23,0.177866,0.017913,0.318837,0.009517,1,0.100437,0.26087,0.73913,0
971,0,15,0.742857,0.011682,0.289692,0.000033,1,0.186047,0.541667,0.458333,0.375
985,0,22,0.233766,0.017134,0.305817,0.006344,1,0.103448,0.208333,0.791667,0.083333
1044,0,21,0.390476,0.016355,0.302872,0.002043,1,0.167832,0.25,0.75,0.125
1046,0,22,0.21645,0.017134,0.291234,0.001932,1,0.96,0.541667,0.458333,0.083333
1102,0,20,0.084211,0.015576,0.296449,0.027725,0,0.96,0.416667,0.583333,0.166667
1364,0,19,0.362573,0.014798,0.292725,0.001033,1,0.146497,0.347826,0.652174,0.173913
1749,0,22,0.151515,0.017134,0.312191,0.003325,1,0.242424,0.291667,0.708333,0.083333
9,0,21,0.114286,0.016355,0.284838,0.010383,0,2.555556,0.086957,0.913043,0.086957
122,0,22,0.177489,0.017134,0.288232,0.006331,1,0.110577,0.913043,0.086957,0.043478
269,0,20,0.468421,0.015576,0.250974,0.000241,1,1.642857,0.826087,0.173913,0.130435
303,0,21,0.190476,0.016355,0.285485,0.002746,1,0.534884,0.565217,0.434783,0.086957
324,0,20,0.252632,0.015576,0.304706,0.001999,1,1,0.26087,0.73913,0.130435
438,0,21,0.1,0.016355,0.297924,0.006079,1,0.109453,0.909091,0.090909,0.045455
456,0,16,0.291667,0.012461,0.257392,0.002398,1,2.3,0.521739,0.478261,0.304348
478,0,22,0.255411,0.017134,0.290562,0.002346,1,0.403509,0.173913,0.826087,0.043478
857,0,20,0.431579,0.015576,0.290427,0.000206,1,1,0.695652,0.304348,0.130435
941,0,21,0.347619,0.016355,0.293476,0.000155,1,0.063536,0.304348,0.695652,0.086957
978,0,21,0.380952,0.016355,0.324931,0.001549,1,0.328571,0.521739,0.478261,0.086957
1127,0,19,0.181287,0.014798,0.284452,0.005939,0,0.293333,0.454545,0.545455,0.136364
1245,0,21,0.190476,0.016355,0.315955,0.002377,1,0.328571,0.347826,0.652174,0.086957
1512,0,23,0.114625,0.017913,0.291707,0.007189,0,0.306667,0.043478,0.956522,0
1692,0,22,0.5671,0.017134,0.278656,0.000145,1,0.201754,0.043478,0.956522,0.043478
76,0,21,0.238095,0.016355,0.291572,0.005149,1,0.127168,0.227273,0.772727,0.045455
163,0,22,0.207792,0.017134,0.267006,0.005666,1,3.666667,0,1,0
353,0,18,0.405229,0.014019,0.314769,0.001986,1,0.205607,0.5,0.5,0.181818
510,0,19,0.28655,0.014798,0.307837,0.013485,1,2,0.318182,0.681818,0.136364
597,0,18,0.366013,0.014019,0.248152,0.000877,1,0.042969,0.181818,0.818182,0.181818
964,0,18,0.490196,0.014019,0.30106,0.0019,1,0.078853,0.454545,0.545455,0.181818
1346,0,19,0.245614,0.014798,0.281398,0.002449,1,3.666667,0.272727,0.727273,0.136364
1480,0,18,0.555556,0.014019,0.293682,0.000244,1,0.196429,0.681818,0.318182,0.181818
1560,0,20,0.310526,0.015576,0.268316,0.001417,1,0.160584,0.590909,0.409091,0.090909
1579,0,19,0.087719,0.014798,0.270682,0.029082,0,0.846154,0.545455,0.454545,0.136364
1660,0,19,0.403509,0.014798,0.30331,0.000568,1,0.594595,0.454545,0.545455,0.136364
368,0,17,0.419118,0.01324,0.299057,0.001695,1,0.077778,0.238095,0.761905,0.190476
464,0,17,0.551471,0.01324,0.309961,0.000395,1,0.6,0.428571,0.571429,0.190476
657,0,20,0.115789,0.015576,0.334788,0.015266,1,0.169355,0.571429,0.428571,0.047619
950,0,20,0.231579,0.015576,0.273032,0.001441,1,0.230769,0.047619,0.952381,0.047619
968,0,21,0.390476,0.016355,0.259302,0.002192,1,1,0,1,0
1256,0,20,0.142105,0.015576,0.267631,0.012879,1,0.954545,0.142857,0.857143,0.047619
1259,0,17,0.426471,0.01324,0.306264,0.001504,1,0.333333,0.666667,0.333333,0.190476
1468,0,18,0.320261,0.014019,0.276817,0.000573,1,0.118644,0.380952,0.619048,0.142857
1476,0,19,0.461988,0.014798,0.30027,0.00049,1,0.117978,0.666667,0.333333,0.095238
1720,0,19,0.274854,0.014798,0.278903,0.001453,1,0.173554,0.904762,0.095238,0.095238
11,0,19,0.210526,0.014798,0.272559,0.001008,1,0.25974,0.05,0.95,0.05
40,0,18,0.385621,0.014019,0.294852,0.000308,1,0.30303,0.2,0.8,0.1
208,0,15,0.647619,0.011682,0.30552,0.000081,1,0.088496,0.3,0.7,0.25
279,0,18,0.48366,0.014019,0.286656,0.000216,1,0.833333,0.3,0.7,0.1
435,0,14,0.571429,0.010903,0.296869,0.000171,1,0.196078,0.4,0.6,0.3
512,0,14,0.43956,0.010903,0.295197,0.000081,1,2.222222,0.3,0.7,0.3
560,0,15,0.361905,0.011682,0.287639,0.00076,1,0.121019,0.315789,0.684211,0.210526
666,0,18,0.27451,0.014019,0.32038,0.002211,1,0.135135,0.15,0.85,0.1
790,0,17,0.198529,0.01324,0.304928,0.00227,1,2.5,0.5,0.5,0.15
825,0,19,0.157895,0.014798,0.267973,0.004055,1,0.47619,0.25,0.75,0.05
917,0,10,0.155556,0.007788,0.301133,0.004632,0,0.059701,0.333333,0.666667,0.166667
922,0,18,0.346405,0.014019,0.288496,0.000278,1,0.09434,0.85,0.15,0.1
926,0,20,0.394737,0.015576,0.306787,0.004177,1,0.689655,1,0,0
986,0,19,0.263158,0.014798,0.305372,0.003773,1,0.512821,0.05,0.95,0.05
989,0,17,0.375,0.01324,0.287376,0.000363,1,0.083682,0.35,0.65,0.15
1061,0,17,0.323529,0.01324,0.270624,0.001034,1,0.146154,0.789474,0.210526,0.105263
1197,0,19,0.239766,0.014798,0.273329,0.002397,1,0.06993,0.55,0.45,0.05
1239,0,13,0.179487,0.010125,0.276027,0.004564,1,0.408163,0.5,0.5,0.35
1330,0,20,0.215789,0.015576,0.303457,0.003776,1,0.833333,0.85,0.15,0
1354,0,15,0.409524,0.011682,0.291978,0.001564,1,0.266667,0.65,0.35,0.25
1367,0,16,0.641667,0.012461,0.242135,0.000051,1,2.857143,0.55,0.45,0.2
1412,0,15,0.266667,0.011682,0.272914,0.001781,1,0.606061,0.25,0.75,0.25
1430,0,17,0.294118,0.01324,0.26599,0.001379,0,0.44186,0.526316,0.473684,0.105263
1562,0,17,0.205882,0.01324,0.285291,0.000809,1,0.188119,0.578947,0.421053,0.105263
1638,0,19,0.339181,0.014798,0.304264,0.001736,1,0.099502,0.25,0.75,0.05
222,0,16,0.425,0.012461,0.298135,0.000336,1,0.475,0.631579,0.368421,0.157895
288,0,19,0.403509,0.014798,0.298631,0.000194,1,0.121019,0.315789,0.684211,0
485,0,16,0.158333,0.012461,0.257445,0.002534,1,0.24359,0.473684,0.526316,0.157895
547,0,12,0.333333,0.009346,0.229168,0.00157,1,0.22093,0.578947,0.421053,0.368421
753,0,14,0.527473,0.010903,0.275664,0.000147,1,0.159664,0.578947,0.421053,0.263158
946,0,17,0.367647,0.01324,0.305446,0.004271,1,0.131944,0.368421,0.631579,0.105263
959,0,14,0.593407,0.010903,0.291978,0.000219,1,0.150794,0.526316,0.473684,0.263158
988,0,17,0.316176,0.01324,0.311882,0.001868,1,0.184466,0.842105,0.157895,0.105263
1082,0,19,0.152047,0.014798,0.257129,0.003539,0,0.387755,0.052632,0.947368,0
1233,0,14,0.230769,0.010903,0.267916,0.000996,1,0.082251,0.578947,0.421053,0.263158
1304,0,17,0.242647,0.01324,0.316591,0.00221,1,0.088785,0.631579,0.368421,0.105263
1361,0,16,0.325,0.012461,0.261077,0.000532,1,0.575758,0.263158,0.736842,0.157895
1500,0,14,0.373626,0.010903,0.28077,0.000318,1,0.092233,0.315789,0.684211,0.263158
1591,0,10,0.066667,0.007788,0.292317,0.003693,1,0.144444,0.615385,0.384615,0.230769
1730,0,17,0.176471,0.01324,0.29375,0.006613,0,0.310345,0.833333,0.166667,0.055556
79,0,15,0.152381,0.011682,0.290093,0.007579,1,0.065693,0.333333,0.666667,0.166667
154,0,13,0.371795,0.010125,0.241577,0.000545,1,0.6,0.277778,0.722222,0.277778
162,0,15,0.180952,0.011682,0.2715,0.000889,1,0.382979,0.333333,0.666667,0.166667
226,0,15,0.219048,0.011682,0.26987,0.000356,1,0.391304,0.444444,0.555556,0.166667
256,0,18,0.163399,0.014019,0.260321,0.002557,1,0.486486,1,0,0
308,0,17,0.272059,0.01324,0.284581,0.002634,1,0.75,0.333333,0.666667,0.055556
423,0,15,0.67619,0.011682,0.304117,0.000091,1,0.078261,0.555556,0.444444,0.166667
477,0,14,0.340659,0.010903,0.244773,0.000235,1,0.101124,0.666667,0.333333,0.222222
568,0,16,0.166667,0.012461,0.290427,0.002866,1,0.514286,0.833333,0.166667,0.111111
788,0,18,0.222222,0.014019,0.288894,0.002138,1,0.473684,0,1,0
888,0,15,0.238095,0.011682,0.278471,0.000793,1,0.123288,0.833333,0.166667,0.166667
980,0,16,0.308333,0.012461,0.301277,0.00206,1,0.195652,0.666667,0.333333,0.111111
996,0,15,0.104762,0.011682,0.29736,0.001918,1,0.124088,0.764706,0.235294,0.117647
1056,0,16,0.216667,0.012461,0.287573,0.001713,1,0.339623,0.5,0.5,0.111111
1266,0,17,0.286765,0.01324,0.302,0.001878,1,0.088235,0.166667,0.833333,0.055556
1417,0,14,0.450549,0.010903,0.313046,0.000933,1,0.076923,0.555556,0.444444,0.222222
1465,0,17,0.470588,0.01324,0.251475,0.000297,1,0.1875,0.611111,0.388889,0.055556
1508,0,15,0.419048,0.011682,0.257814,0.00022,1,0.782609,0.722222,0.277778,0.166667
1511,0,15,0.752381,0.011682,0.285355,0.000084,1,0.130435,0.611111,0.388889,0.166667
1691,0,15,0.485714,0.011682,0.314612,0.000645,1,0.290323,0.555556,0.444444,0.166667
1712,0,14,0.428571,0.010903,0.282599,0.001063,1,0.818182,0.277778,0.722222,0.222222
601,0,16,0.283333,0.012461,0.286852,0.004681,1,1.7,0.941176,0.058824,0.058824
635,0,12,0.272727,0.009346,0.238147,0.001954,1,0.145299,0.470588,0.529412,0.294118
650,0,14,0.252747,0.010903,0.30171,0.001128,1,0.132812,0.176471,0.823529,0.176471
673,0,16,0.233333,0.012461,0.269177,0.001182,1,5.666667,0.764706,0.235294,0.058824
686,0,13,0.205128,0.010125,0.258662,0.000869,1,0.119718,0.411765,0.588235,0.235294
850,0,17,0.257353,0.01324,0.29729,0.001354,1,0.070248,1,0,0
944,0,17,0.242647,0.01324,0.266271,0.00156,1,1.545455,0.058824,0.941176,0
1020,0,17,0.073529,0.01324,0.296589,0.003268,0,0.137097,0.176471,0.823529,0
1040,0,14,0.076923,0.010903,0.25386,0.005464,1,0.141593,0.125,0.875,0.125
1328,0,14,0.373626,0.010903,0.287507,0.001242,1,0.425,0.470588,0.529412,0.176471
1332,0,16,0.258333,0.012461,0.272618,0.000482,1,1.545455,0.117647,0.882353,0.058824
1460,0,13,0.320513,0.010125,0.269696,0.000413,1,0.108844,0.5625,0.4375,0.1875
57,0,13,0.551282,0.010125,0.248495,0.000093,1,0.041885,0.3125,0.6875,0.1875
306,0,14,0.417582,0.010903,0.312346,0.002581,0,1,0.733333,0.266667,0.066667
709,0,14,0.131868,0.010903,0.292385,0.005453,1,0.340909,0.866667,0.133333,0.066667
773,0,14,0.142857,0.010903,0.294852,0.002499,1,0.063492,0.6875,0.3125,0.125
840,0,16,0.333333,0.012461,0.309885,0.001173,1,0.25,0.0625,0.9375,0
855,0,13,0.217949,0.010125,0.310496,0.006305,0,0.133333,0.3125,0.6875,0.1875
995,0,14,0.351648,0.010903,0.283555,0.000243,1,0.135135,0.533333,0.466667,0.066667
1210,0,14,0.274725,0.010903,0.299555,0.000977,1,0.148515,0.6,0.4,0.066667
1273,0,15,0.304762,0.011682,0.304854,0.00144,1,0.533333,0.25,0.75,0.0625
1331,0,16,0.266667,0.012461,0.298348,0.002171,1,0.246154,0.5,0.5,0
1438,0,16,0.658333,0.012461,0.275846,0.000048,1,0.207792,1,0,0
1466,0,15,0.27619,0.011682,0.29715,0.002633,1,0.06867,0.375,0.625,0.0625
1497,0,14,0.78022,0.010903,0.28843,0.000099,1,0.179775,0.5,0.5,0.125
1523,0,12,0.5,0.009346,0.295614,0.000379,1,0.031189,0.3125,0.6875,0.25
1690,0,11,0.618182,0.008567,0.287245,0.000033,1,0.072727,0.6875,0.3125,0.3125
61,0,10,0.444444,0.007788,0.238237,0.000346,1,0.076531,0.466667,0.533333,0.333333
97,0,8,0.5,0.006231,0.256709,0.00052,1,0.151515,0.466667,0.533333,0.466667
190,0,10,0.377778,0.007788,0.249629,0.000763,1,0.220588,0.6,0.4,0.333333
217,0,14,0.263736,0.010903,0.280833,0.001281,1,0.272727,0.266667,0.733333,0.066667
273,0,12,0.454545,0.009346,0.293544,0.000288,1,0.032468,0.4,0.6,0.2
450,0,15,0.333333,0.011682,0.271559,0.000996,1,0.16129,1,0,0
646,0,13,0.448718,0.010125,0.296729,0.000519,1,5,0.6,0.4,0.133333
654,0,14,0.21978,0.010903,0.260969,0.002378,1,0.114504,0.333333,0.666667,0.066667
698,0,12,0.333333,0.009346,0.319323,0.004847,1,0.428571,0.4,0.6,0.2
931,0,13,0.461538,0.010125,0.292385,0.000286,1,1.5,0.666667,0.333333,0.133333
943,0,14,0.450549,0.010903,0.24708,0.0007,1,0.12931,0.533333,0.466667,0.066667
992,0,14,0.483516,0.010903,0.247372,0.000918,1,0.059761,0.733333,0.266667,0.066667
1034,0,15,0.219048,0.011682,0.2715,0.002077,1,0.416667,1,0,0
1045,0,12,0.5,0.009346,0.245873,0.000553,1,0.272727,0.733333,0.266667,0.2
1105,0,11,0.254545,0.008567,0.295892,0.00095,1,0.21875,0.214286,0.785714,0.214286
1113,0,13,0.24359,0.010125,0.277488,0.002032,1,0.394737,0.733333,0.266667,0.133333
1183,0,15,0.07619,0.011682,0.287836,0.007867,0,0.483871,0,1,0
1334,0,13,0.307692,0.010125,0.282917,0.000596,1,0.081081,0.2,0.8,0.133333
1490,0,14,0.351648,0.010903,0.287376,0.000524,1,2.142857,0.6,0.4,0.066667
1502,0,12,0.424242,0.009346,0.279461,0.000318,1,0.608696,0.357143,0.642857,0.142857
1571,0,14,0.131868,0.010903,0.306488,0.00306,1,0.054348,0.933333,0.066667,0.066667
1687,0,15,0.342857,0.011682,0.29631,0.002078,1,1.25,0.733333,0.266667,0
1748,0,12,0.333333,0.009346,0.298773,0.000461,1,0.076531,0.533333,0.466667,0.2
17,0,12,0.560606,0.009346,0.298206,0.000423,1,2.333333,0.357143,0.642857,0.142857
95,0,9,0.333333,0.007009,0.242088,0.000687,1,0.111111,0.357143,0.642857,0.357143
104,0,12,0.5,0.009346,0.237518,0.000109,1,0.105263,0.214286,0.785714,0.142857
176,0,8,0.392857,0.006231,0.270275,0.002046,1,0.12963,0.428571,0.571429,0.428571
232,0,12,0.333333,0.009346,0.28731,0.000876,1,0.233333,0.5,0.5,0.142857
321,0,11,0.090909,0.008567,0.289625,0.009624,0,0.608696,0.285714,0.714286,0.214286
522,0,13,0.153846,0.010125,0.312735,0.004086,1,3.5,0.142857,0.857143,0.071429
543,0,14,0.307692,0.010903,0.281524,0.001372,1,0.064815,1,0,0
583,0,12,0.272727,0.009346,0.28542,0.002908,1,3.5,0.571429,0.428571,0.142857
621,0,14,0.307692,0.010903,0.266328,0.001969,1,0.229508,0.142857,0.857143,0
806,0,11,0.363636,0.008567,0.295822,0.006847,1,0.291667,0.285714,0.714286,0.214286
1381,0,11,0.345455,0.008567,0.267063,0.000727,1,1.166667,0.428571,0.571429,0.214286
1403,0,12,0.454545,0.009346,0.265317,0.000116,1,0.179487,0.357143,0.642857,0.142857
1478,0,12,0.257576,0.009346,0.287639,0.00125,1,0.097222,0.142857,0.857143,0.142857
1482,0,13,0.487179,0.010125,0.286786,0.000221,1,0.318182,0.214286,0.785714,0.071429
1616,0,14,0.681319,0.010903,0.269754,0.000195,1,0.069307,0.714286,0.285714,0
1618,0,14,0.351648,0.010903,0.294506,0.000514,1,0.736842,1,0,0
62,0,12,0.212121,0.009346,0.320952,0.00273,1,0.034211,0.230769,0.769231,0.076923
109,0,9,0.388889,0.007009,0.259516,0.000377,1,0.094891,0.384615,0.615385,0.307692
219,0,13,0.217949,0.010125,0.288166,0.000427,1,0.111111,0.769231,0.230769,0
356,0,13,0.653846,0.010125,0.251475,0.000207,1,0.055085,0.076923,0.923077,0
373,0,13,0.064103,0.010125,0.294713,0.001473,1,0.371429,0.153846,0.846154,0
598,0,10,0.266667,0.007788,0.281272,0.001871,1,1.714286,0.5,0.5,0.166667
645,0,12,0.636364,0.009346,0.26387,0.000028,1,0.171053,0.461538,0.538462,0.076923
918,0,13,0.115385,0.010125,0.278656,0.00392,1,0.26,0.076923,0.923077,0
970,0,11,0.472727,0.008567,0.240791,0.000054,1,0.213115,0.461538,0.538462,0.153846
1079,0,10,0.333333,0.007788,0.308744,0.000519,1,0.056522,0.538462,0.461538,0.230769
1136,0,11,0.363636,0.008567,0.275423,0.000616,1,0.866667,0.230769,0.769231,0.153846
1178,0,12,0.484848,0.009346,0.286917,0.000503,1,0.22807,0.461538,0.538462,0.076923
1241,0,11,0.454545,0.008567,0.247761,0.000544,1,0.590909,0.615385,0.384615,0.153846
1254,0,13,0.384615,0.010125,0.275543,0.001454,1,0.089041,0.153846,0.846154,0
1301,0,12,0.181818,0.009346,0.283746,0.002428,1,1.083333,0.692308,0.307692,0.076923
1307,0,11,0.309091,0.008567,0.279151,0.000832,1,0.047273,0.461538,0.538462,0.153846
1319,0,12,0.606061,0.009346,0.29617,0.000052,1,0.764706,0.307692,0.692308,0.076923
1348,0,10,0.311111,0.007788,0.268316,0.000226,1,0.206349,0.307692,0.692308,0.230769
1383,0,10,0.311111,0.007788,0.259035,0.000277,1,0.166667,0.7,0.3,0
1493,0,11,0.309091,0.008567,0.257761,0.000264,1,2,0.916667,0.083333,0.083333
1518,0,13,0.346154,0.010125,0.279337,0.001193,1,0.053942,0.076923,0.923077,0
1567,0,10,0.533333,0.007788,0.261784,0.000143,1,0.12037,0.615385,0.384615,0.230769
1619,0,12,0.348485,0.009346,0.284003,0.003662,1,0.144444,0.846154,0.153846,0.076923
1620,0,13,0.205128,0.010125,0.29631,0.001278,1,0.213115,1,0,0
1621,0,12,0.212121,0.009346,0.319728,0.0054,1,0.158537,0.923077,0.076923,0.076923
1669,0,13,0.769231,0.010125,0.267176,0.00002,1,0.722222,1,0,0
1715,0,8,0.714286,0.006231,0.289359,0.000441,1,0.132653,0.384615,0.615385,0.384615
46,0,9,0.75,0.007009,0.292793,0.000009,1,0.179104,0.416667,0.583333,0.25
141,0,10,0.377778,0.007788,0.259891,0.001635,1,0.27907,0.333333,0.666667,0.166667
236,0,11,0.181818,0.008567,0.289625,0.002931,1,0.08,0.666667,0.333333,0.083333
257,0,12,0.075758,0.009346,0.225714,0.000868,0,0.272727,0,1,0
408,0,11,0.109091,0.008567,0.319485,0.007714,1,0.292683,0.166667,0.833333,0.083333
442,0,12,0.318182,0.009346,0.267688,0.000609,1,0.857143,0.5,0.5,0
482,0,10,0.288889,0.007788,0.310957,0.000763,1,0.08,0.5,0.5,0.166667
571,0,12,0.181818,0.009346,0.260753,0.000226,1,0.038835,1,0,0
739,0,9,0.333333,0.007009,0.289892,0.000452,1,0.146667,0.545455,0.454545,0.181818
897,0,11,0.472727,0.008567,0.291032,0.000357,1,1.714286,0.916667,0.083333,0.083333
954,0,10,0.666667,0.007788,0.292929,0.000053,1,0.078431,0.25,0.75,0.166667
984,0,11,0.454545,0.008567,0.28165,0.000368,1,0.07947,0.75,0.25,0.083333
1064,0,11,0.563636,0.008567,0.304411,0.000413,1,0.5,0.166667,0.833333,0.083333
1076,0,12,0.712121,0.009346,0.281398,0.000022,1,0.033708,1,0,0
1246,0,7,0.714286,0.005452,0.23329,0.00003,1,0.12,0.5,0.5,0.416667
1260,0,11,0.472727,0.008567,0.289359,0.000098,1,0.148148,0.166667,0.833333,0.083333
1321,0,12,0.30303,0.009346,0.257867,0.003128,0,0.076923,0.25,0.75,0
1489,0,5,0.5,0.003894,0.241809,0.000174,0,0.035533,0.285714,0.714286,0.285714
1539,0,7,0.47619,0.005452,0.257392,0.000014,1,0.05042,0.583333,0.416667,0.416667
1550,0,12,0.727273,0.009346,0.284388,0.000026,1,0.134831,1,0,0
1651,0,10,0.822222,0.007788,0.237922,0.000011,1,0.116505,0.416667,0.583333,0.166667
1654,0,12,0.424242,0.009346,0.287968,0.001708,1,0.089552,0.666667,0.333333,0
119,0,11,0.654545,0.008567,0.290427,0.000195,1,2.75,0.818182,0.181818,0
149,0,10,0.444444,0.007788,0.285809,0.000628,1,0.084615,0.181818,0.818182,0.090909
275,0,11,0.327273,0.008567,0.295405,0.003591,1,0.146667,0.909091,0.090909,0
312,0,11,0.490909,0.008567,0.265934,0.000669,1,0.423077,0.181818,0.818182,0
349,0,10,0.333333,0.007788,0.275062,0.00124,1,0.15493,0.272727,0.727273,0.090909
385,0,11,0.218182,0.008567,0.259302,0.000664,1,0.100917,0.090909,0.909091,0
397,0,11,0.254545,0.008567,0.300198,0.000675,1,0.096491,0.818182,0.181818,0
459,0,10,0.555556,0.007788,0.273447,0.000343,1,0.666667,1,0,0
468,0,10,0.377778,0.007788,0.273983,0.000311,1,0.103774,0.181818,0.818182,0.090909
589,0,11,0.036364,0.008567,0.321444,0.017809,1,0.135802,1,0,0
624,0,8,0.535714,0.006231,0.258556,0.000137,1,0.076389,0.454545,0.545455,0.272727
691,0,11,0.127273,0.008567,0.272264,0.002393,1,0.115789,0.454545,0.545455,0
716,0,11,0.309091,0.008567,0.279399,0.004792,1,0.174603,1,0,0
754,0,10,0.333333,0.007788,0.250824,0.000313,1,0.611111,0.545455,0.454545,0.090909
821,0,8,0.392857,0.006231,0.244392,0.000106,1,0.314286,0.363636,0.636364,0.272727
869,0,9,0.416667,0.007009,0.272973,0.000196,1,0.063218,0.272727,0.727273,0.181818
890,0,10,0.177778,0.007788,0.274881,0.001751,1,0.051887,0.363636,0.636364,0.090909
909,0,10,0.155556,0.007788,0.285744,0.000917,1,0.44,0.727273,0.272727,0.090909
925,0,10,0.244444,0.007788,0.265429,0.00361,1,0.076389,0.909091,0.090909,0.090909
940,0,9,0.527778,0.007009,0.300844,0.000105,1,0.130952,0.545455,0.454545,0.181818
960,0,10,0.511111,0.007788,0.270101,0.000172,1,0.229167,0.909091,0.090909,0.090909
994,0,9,0.611111,0.007009,0.254889,0.000049,1,0.333333,0.727273,0.272727,0.181818
1012,0,9,0.222222,0.007009,0.291437,0.005807,0,0.014006,0.7,0.3,0.1
1041,0,8,0.321429,0.006231,0.28555,0.00014,1,0.135802,0.363636,0.636364,0.272727
1080,0,10,0.333333,0.007788,0.25203,0.000605,0,0.059459,0.545455,0.454545,0.090909
1101,0,9,0.444444,0.007009,0.257603,0.000249,1,0.37931,0.363636,0.636364,0.181818
1270,0,10,0.266667,0.007788,0.29631,0.002099,1,0.043651,0.272727,0.727273,0.090909
1276,0,11,0.218182,0.008567,0.291707,0.000805,1,0.392857,1,0,0
1286,0,10,0.444444,0.007788,0.289425,0.000212,1,0.125,0.909091,0.090909,0.090909
1474,0,11,0.127273,0.008567,0.249728,0.005894,0,0.062147,0,1,0
1496,0,10,0.177778,0.007788,0.317309,0.003762,1,0.177419,0.454545,0.545455,0.090909
1596,0,11,0.109091,0.008567,0.295892,0.003463,1,0.042146,0.090909,0.909091,0
1608,0,11,0.127273,0.008567,0.314062,0.003086,1,0.057292,0.909091,0.090909,0
1611,0,11,0.254545,0.008567,0.236981,0.000428,0,0.171875,0.909091,0.090909,0
1686,0,8,0.357143,0.006231,0.297994,0.001654,1,0.11828,0.454545,0.545455,0.272727
1731,0,8,0.678571,0.006231,0.235341,0.000075,1,0.148649,0.545455,0.454545,0.272727
68,0,7,0.571429,0.005452,0.262658,0.000215,1,0.121951,0.4,0.6,0.3
99,0,8,0.321429,0.006231,0.269004,0.001438,1,0.384615,0.4,0.6,0.2
105,0,6,0.6,0.004673,0.269523,0.000166,1,0.666667,0.4,0.6,0.4
155,0,5,1,0.003894,0.207476,0,1,0.030581,0.5,0.5,0.5
189,0,10,0.044444,0.007788,0.22669,0.004765,1,0.344828,0,1,0
286,0,8,0.678571,0.006231,0.237967,0.000017,1,0.029674,0.6,0.4,0.2
363,0,8,0.464286,0.006231,0.285679,0.000893,0,0.185185,0.6,0.4,0.2
381,0,10,0.066667,0.007788,0.216062,0.013293,0,0.105263,0,1,0
393,0,9,0.166667,0.007009,0.242602,0.002983,0,1.428571,0.2,0.8,0.1
398,0,10,0.822222,0.007788,0.26124,0.000004,1,1.111111,1,0,0
470,0,9,0.555556,0.007009,0.272028,0.001657,1,0.040486,0.8,0.2,0.1
491,0,8,0.321429,0.006231,0.269523,0.000155,1,0.067114,0.4,0.6,0.2
515,0,7,0.571429,0.005452,0.263152,0.000191,1,0.034843,0.4,0.6,0.3
542,0,10,0.333333,0.007788,0.270275,0.000301,1,0.05291,0.4,0.6,0
676,0,9,0.277778,0.007009,0.284195,0.000155,1,0.204082,0.4,0.6,0.1
706,0,10,0.844444,0.007788,0.290293,0.000007,1,0.082645,1,0,0
755,0,9,0.527778,0.007009,0.292453,0.000584,1,0.071429,0.3,0.7,0.1
757,0,8,0.607143,0.006231,0.236981,0.000097,1,0.217391,0.8,0.2,0.2
805,0,10,0.355556,0.007788,0.251074,0.000195,1,0.454545,0.1,0.9,0
836,0,5,0.5,0.003894,0.258715,0.000664,1,0.02809,0,1,0
861,0,8,0.321429,0.006231,0.261729,0.001571,1,0.357143,0.7,0.3,0.2
920,0,9,0.194444,0.007009,0.252383,0.004462,0,0.178571,0.2,0.8,0.1
927,0,9,0.444444,0.007009,0.273685,0.000099,1,0.454545,0.9,0.1,0.1
966,0,10,0.244444,0.007788,0.293066,0.004776,0,0.149254,0.1,0.9,0
983,0,9,0.666667,0.007009,0.276088,0.000017,1,0.25,0.6,0.4,0.1
1007,0,8,0.142857,0.006231,0.254889,0.000865,1,0.769231,0.2,0.8,0.2
1025,0,9,0.638889,0.007009,0.238237,0.000027,1,0.138889,0.9,0.1,0.1
1049,0,9,0.305556,0.007009,0.267631,0.000399,0,0.434783,0.8,0.2,0.1
1069,0,10,0.488889,0.007788,0.265093,0.000027,1,0.126582,1,0,0
1181,0,10,0.688889,0.007788,0.294025,0.000022,1,0.25,0.8,0.2,0
1182,0,10,0.177778,0.007788,0.273091,0.000391,1,0.123457,1,0,0
1201,0,10,0.622222,0.007788,0.266384,0.000087,1,0.117647,1,0,0
1237,0,9,0.555556,0.007009,0.276634,0.000097,1,0.25641,0.1,0.9,0.1
1240,0,10,0.133333,0.007788,0.247712,0.00088,0,0.046296,0.7,0.3,0
1292,0,10,0.577778,0.007788,0.290897,0.000039,1,0.588235,1,0,0
1314,0,10,0.177778,0.007788,0.288894,0.000664,1,0.067114,1,0,0
1315,0,10,0.222222,0.007788,0.30106,0.00043,1,0.2,0.4,0.6,0
1320,0,7,0.714286,0.005452,0.23329,0.00003,1,0.036232,0.6,0.4,0.3
1329,0,9,0.388889,0.007009,0.280582,0.001589,1,0.204082,0.2,0.8,0.1
1333,0,9,0.305556,0.007009,0.286786,0.000344,1,0.346154,1,0,0
1343,0,8,0.357143,0.006231,0.252535,0.000115,1,0.128205,0.3,0.7,0.2
1529,0,8,0.321429,0.006231,0.274761,0.000108,1,0.053892,0.666667,0.333333,0.111111
1535,0,9,0.388889,0.007009,0.28777,0.0005,1,0.054645,0.3,0.7,0.1
1585,0,10,0.2,0.007788,0.304043,0.000905,1,0.093458,0.2,0.8,0
1663,0,9,0.222222,0.007009,0.257972,0.00232,1,0.05618,0.6,0.4,0.1
31,0,7,0.285714,0.005452,0.27633,0.000224,1,0.054878,0.333333,0.666667,0.222222
182,0,9,0.166667,0.007009,0.271091,0.003168,1,0.142857,0.222222,0.777778,0
218,0,8,0.392857,0.006231,0.224626,0.000054,0,0.183673,0.555556,0.444444,0.111111
248,0,8,0.357143,0.006231,0.262658,0.001593,1,0.030201,0.444444,0.555556,0.111111
251,0,7,0.52381,0.005452,0.27627,0.000223,0,0.05625,0.333333,0.666667,0.222222
266,0,7,0.333333,0.005452,0.293613,0.000212,1,0.121622,0.444444,0.555556,0.222222
294,0,9,0.166667,0.007009,0.279399,0.005659,0,0.163636,1,0,0
358,0,8,0.178571,0.006231,0.239143,0.004758,0,2.25,0.222222,0.777778,0.111111
364,0,7,0.380952,0.005452,0.293339,0.000511,1,0.142857,0.333333,0.666667,0.222222
365,0,8,0.428571,0.006231,0.24525,0.000092,1,0.081818,0.222222,0.777778,0.111111
396,0,9,0.083333,0.007009,0.226813,0.005334,0,0.041667,0.333333,0.666667,0
412,0,8,0.214286,0.006231,0.302581,0.003004,1,0.236842,0.666667,0.333333,0.111111
413,0,9,0.388889,0.007009,0.251325,0.000225,1,1.5,1,0,0
424,0,9,0.722222,0.007009,0.289292,0.000066,1,4.5,0.888889,0.111111,0
426,0,6,0.6,0.004673,0.245011,0.000002,0,0.219512,0.555556,0.444444,0.333333
428,0,8,0.321429,0.006231,0.249828,0.000581,1,0.055556,0.666667,0.333333,0.111111
439,0,7,0.52381,0.005452,0.268487,0.000123,1,0.225,0.555556,0.444444,0.222222
466,0,8,0.357143,0.006231,0.238599,0.000056,1,0.529412,0.222222,0.777778,0.111111
585,0,8,0.107143,0.006231,0.241902,0.004973,0,0.040724,0.555556,0.444444,0.111111
612,0,8,0.357143,0.006231,0.259462,0.001404,1,0.105882,0.777778,0.222222,0.111111
651,0,7,0.571429,0.005452,0.256239,0.000009,1,0.03169,0.444444,0.555556,0.222222
667,0,8,0.25,0.006231,0.274402,0.0016,1,0.047368,0.555556,0.444444,0.111111
696,0,9,0.583333,0.007009,0.284452,0.000118,1,0.053571,0.666667,0.333333,0
708,0,7,0.666667,0.005452,0.276817,0.000046,1,0.02459,0.222222,0.777778,0.222222
723,0,9,0.388889,0.007009,0.29617,0.000242,1,1,0.888889,0.111111,0
730,0,8,0.25,0.006231,0.28542,0.001471,1,0.01919,0.555556,0.444444,0.111111
802,0,9,0.666667,0.007009,0.254992,0.000386,1,0.061644,0.888889,0.111111,0
812,0,9,0.305556,0.007009,0.303384,0.002662,1,0.038136,0.111111,0.888889,0
822,0,8,0.071429,0.006231,0.285097,0.002289,1,0.038793,0.333333,0.666667,0.111111
874,0,7,0.285714,0.005452,0.267006,0.001678,1,0.039474,0.555556,0.444444,0.222222
938,0,8,0.5,0.006231,0.283235,0.000122,1,0.473684,0.666667,0.333333,0.111111
956,0,9,0.388889,0.007009,0.247323,0.001098,1,0.45,1,0,0
973,0,9,0.277778,0.007009,0.298135,0.001875,1,0.081818,0.555556,0.444444,0
1003,0,9,0.277778,0.007009,0.301855,0.001005,1,0.257143,0.777778,0.222222,0
1013,0,6,0.4,0.004673,0.282917,0.000721,0,0.086538,0.555556,0.444444,0.333333
1114,0,9,0.527778,0.007009,0.291774,0.000282,1,0.116883,0.777778,0.222222,0
1180,0,9,0.194444,0.007009,0.278656,0.006406,0,0.052632,0.333333,0.666667,0
1208,0,9,0.222222,0.007009,0.284452,0.002594,1,3,0.222222,0.777778,0
1238,0,8,0.25,0.006231,0.267745,0.001348,1,0.45,0.777778,0.222222,0.111111
1268,0,9,0.277778,0.007009,0.258396,0.000833,0,0.038627,0.444444,0.555556,0
1275,0,8,0.428571,0.006231,0.28052,0.00018,1,3,0.555556,0.444444,0.111111
1298,0,9,0.361111,0.007009,0.274821,0.000073,1,0.087379,0.111111,0.888889,0
1441,0,8,0.75,0.006231,0.240653,0.000154,1,0.078261,0.666667,0.333333,0.111111
1556,0,9,0.333333,0.007009,0.305002,0.000709,1,0.9,0.666667,0.333333,0
1557,0,8,0.357143,0.006231,0.284903,0.00163,1,1.285714,0.888889,0.111111,0.111111
1656,0,9,0.472222,0.007009,0.295683,0.000165,1,1.285714,0.888889,0.111111,0
1661,0,9,0.777778,0.007009,0.278779,0.000008,1,0.191489,0.888889,0.111111,0
1664,0,9,0.361111,0.007009,0.2565,0.000403,1,0.115385,0.666667,0.333333,0
1713,0,6,0.733333,0.004673,0.257287,0.000013,1,0.045226,0.555556,0.444444,0.333333
45,0,7,0.52381,0.005452,0.245489,0.000018,1,0.222222,0.5,0.5,0.125
66,0,5,0.7,0.003894,0.226977,0.000004,1,2.666667,0.375,0.625,0.375
77,0,8,0.25,0.006231,0.253196,0.000096,1,0.258065,0.125,0.875,0
80,0,7,0.571429,0.005452,0.265821,0.000064,1,0.135593,0.625,0.375,0.125
136,0,8,0.75,0.006231,0.269465,0.000011,1,0.103896,0.625,0.375,0
147,0,8,0.142857,0.006231,0.2881,0.000129,1,1.142857,0,1,0
174,0,5,0.5,0.003894,0.234945,0.000077,1,1.333333,0.5,0.5,0.375
180,0,7,0.571429,0.005452,0.266328,0.001228,1,2,0.25,0.75,0.125
181,0,7,0.238095,0.005452,0.300701,0.002135,1,1.333333,0.125,0.875,0.125
227,0,7,0.571429,0.005452,0.255199,0.000052,0,0.228571,0.5,0.5,0.125
301,0,8,0.107143,0.006231,0.285485,0.001122,1,0.044944,0.375,0.625,0
302,0,7,0.380952,0.005452,0.312735,0.001565,1,0.03125,0.375,0.625,0.125
340,0,7,0.428571,0.005452,0.288562,0.000154,1,0.041026,0.375,0.625,0.125
370,0,7,0.619048,0.005452,0.248299,0.000074,1,0.266667,0.25,0.75,0.125
404,0,7,0.380952,0.005452,0.263428,0.000219,1,0.16,0.25,0.75,0.125
427,0,8,0.178571,0.006231,0.301205,0.005905,1,0.123077,0.375,0.625,0
446,0,8,0.214286,0.006231,0.26958,0.001977,1,0.145455,0.625,0.375,0
448,0,6,0.666667,0.004673,0.28279,0.000023,1,1.6,0.375,0.625,0.25
488,0,6,0.533333,0.004673,0.255718,0.000326,1,1.333333,0.625,0.375,0.25
493,0,8,0.357143,0.006231,0.266271,0.000237,1,0.571429,0.875,0.125,0
565,0,8,0.357143,0.006231,0.249976,0.001638,0,0.087912,1,0,0
579,0,8,0.214286,0.006231,0.255303,0.000464,1,0.103896,1,0,0
610,0,7,0.380952,0.005452,0.281966,0.000112,1,0.084211,0.125,0.875,0.125
632,0,8,0.142857,0.006231,0.288827,0.00106,1,0.045455,1,0,0
687,0,6,0.133333,0.004673,0.232042,0.000052,1,0.126984,0.75,0.25,0.25
712,0,8,0.535714,0.006231,0.278409,0.000697,1,0.102564,0.125,0.875,0
721,0,8,0.142857,0.006231,0.239827,0.001925,1,0.035398,0.125,0.875,0
740,0,6,0.6,0.004673,0.282536,0.000021,1,0.042781,0.625,0.375,0.25
804,0,7,0.380952,0.005452,0.246547,0.000709,1,0.137931,0.375,0.625,0.125
877,0,8,0.428571,0.006231,0.281966,0.000487,1,0.102564,1,0,0
903,0,8,0.285714,0.006231,0.280457,0.002031,1,0.032389,1,0,0
906,0,7,0.428571,0.005452,0.244203,0.000116,1,0.210526,0.5,0.5,0.125
951,0,7,0.238095,0.005452,0.286852,0.000303,1,0.046512,0.5,0.5,0.125
975,0,7,0.380952,0.005452,0.267631,0.000341,1,0.32,0.5,0.5,0.125
1147,0,7,0.952381,0.005452,0.291302,0.000002,1,0.07767,0.25,0.75,0.125
1327,0,8,0.178571,0.006231,0.282981,0.000444,1,0.059701,0.375,0.625,0
1444,0,5,0.7,0.003894,0.259355,0.000014,1,0.086022,0.375,0.625,0.375
1446,0,8,0.321429,0.006231,0.255044,0.000487,1,0.258065,0.625,0.375,0
1453,0,8,0.285714,0.006231,0.224346,0.000429,0,0.070796,0.25,0.75,0
1461,0,7,0.714286,0.005452,0.277488,0.000008,1,1,0.375,0.625,0.125
1481,0,6,0.466667,0.004673,0.262275,0.001548,1,0.036364,0.25,0.75,0.25
1495,0,7,0.047619,0.005452,0.222089,0.003803,0,0.266667,0.375,0.625,0.125
1625,0,8,0.071429,0.006231,0.302,0.003181,0,0.333333,0.125,0.875,0
1699,0,7,0.857143,0.005452,0.285161,0.000006,1,0.210526,0.5,0.5,0.125
1742,0,6,0.6,0.004673,0.266553,0.000035,1,0.126984,0.5,0.5,0.25
2,0,5,1,0.003894,0.251626,0,1,0.073684,0.714286,0.285714,0.285714
6,0,6,0.2,0.004673,0.24167,0.000064,1,0.225806,0.285714,0.714286,0.142857
85,0,7,0.285714,0.005452,0.258609,0.000119,1,1.166667,0,1,0
234,0,6,0.466667,0.004673,0.273983,0.000038,1,0.030435,0.428571,0.571429,0.142857
252,0,7,0.714286,0.005452,0.258662,0.000096,1,0.318182,1,0,0
274,0,7,0.47619,0.005452,0.270508,0.000135,1,0.179487,1,0,0
277,0,6,0.733333,0.004673,0.273745,0.000012,1,0.039548,0.285714,0.714286,0.142857
289,0,7,0.285714,0.005452,0.251275,0.000392,0,0.777778,0.857143,0.142857,0
328,0,7,0.761905,0.005452,0.286004,0.000016,1,0.028689,0.857143,0.142857,0
342,0,7,0.714286,0.005452,0.270101,0.000021,1,0.777778,1,0,0
395,0,7,0.619048,0.005452,0.29016,0.000046,1,0.304348,0.285714,0.714286,0
400,0,7,0.47619,0.005452,0.26843,0.000035,1,0.032558,0.285714,0.714286,0
429,0,7,0.761905,0.005452,0.272087,0.000015,1,0.034653,1,0,0
430,0,6,0.2,0.004673,0.259623,0.002283,0,0.079545,0.571429,0.428571,0.142857
457,0,6,0.533333,0.004673,0.23217,0.00032,1,1,0.142857,0.857143,0.142857
508,0,6,0.266667,0.004673,0.22846,0.001547,0,0.061947,0.428571,0.571429,0.142857
619,0,7,0.238095,0.005452,0.261729,0.001567,1,0.028455,0.142857,0.857143,0
641,0,7,0.238095,0.005452,0.30478,0.001505,1,0.466667,0.857143,0.142857,0
652,0,7,0.333333,0.005452,0.26387,0.000176,1,0.134615,1,0,0
682,0,5,0.2,0.003894,0.241021,0.00005,1,0.041379,0.833333,0.166667,0.166667
684,0,7,0.142857,0.005452,0.267745,0.000321,1,0.25,1,0,0
777,0,6,0.6,0.004673,0.257603,0.000201,1,0.084337,0.142857,0.857143,0.142857
829,0,7,0.095238,0.005452,0.275302,0.003939,1,0.075269,0.857143,0.142857,0
834,0,6,0.266667,0.004673,0.233506,0.001659,0,0.116667,0.285714,0.714286,0.142857
875,0,5,0.3,0.003894,0.261511,0.001556,1,0.018927,0.333333,0.666667,0.166667
997,0,7,0.47619,0.005452,0.284195,0.000133,1,0.388889,1,0,0
1055,0,5,0.4,0.003894,0.258131,0.000051,1,0.076923,0.333333,0.666667,0.166667
1088,0,6,0.133333,0.004673,0.298418,0.003616,1,0.06422,0.142857,0.857143,0.142857
1112,0,7,0.333333,0.005452,0.248152,0.000037,1,0.106061,1,0,0
1134,0,5,0.3,0.003894,0.244108,0.000014,1,0.042945,0.285714,0.714286,0.285714
1135,0,7,0.47619,0.005452,0.264424,0.000167,1,0.304348,0.285714,0.714286,0
1175,0,7,0.333333,0.005452,0.263042,0.000151,1,0.076923,1,0,0
1217,0,6,0.6,0.004673,0.280457,0.000011,1,0.093333,0.428571,0.571429,0.142857
1242,0,6,0.6,0.004673,0.237877,0.000029,1,0.538462,0.428571,0.571429,0.142857
1285,0,7,0.285714,0.005452,0.275604,0.001619,1,0.04,0.428571,0.571429,0
1290,0,5,0.7,0.003894,0.268373,0.000009,1,3.5,0.714286,0.285714,0.285714
1374,0,6,0.6,0.004673,0.280145,0.000045,1,0.063063,0.428571,0.571429,0.142857
1379,0,7,0.571429,0.005452,0.264814,0.001546,1,0.028455,1,0,0
1432,0,7,0.095238,0.005452,0.244108,0.006271,1,0.170732,0.428571,0.571429,0
1445,0,5,0.7,0.003894,0.268087,0.000042,1,0.291667,0.285714,0.714286,0.285714
1467,0,6,0.666667,0.004673,0.240239,0.000028,1,0.093333,0.285714,0.714286,0.142857
1504,0,7,0.571429,0.005452,0.274462,0.000601,1,0.076087,1,0,0
1532,0,7,0.52381,0.005452,0.243164,0.000106,1,0.038251,1,0,0
1649,0,7,0.428571,0.005452,0.29617,0.00024,1,0.170732,0.857143,0.142857,0
1678,0,7,0.714286,0.005452,0.245298,0.000196,1,0.08046,1,0,0
1697,0,7,0.428571,0.005452,0.248446,0.000328,1,0.04142,0.857143,0.142857,0
1698,0,6,0.733333,0.004673,0.258502,0.000012,1,0.073684,0.714286,0.285714,0.142857
1708,0,7,0.619048,0.005452,0.246789,0.000049,1,0.089744,0.714286,0.285714,0
1718,0,7,0.238095,0.005452,0.307011,0.005137,1,0.067961,0.285714,0.714286,0
1724,0,6,0.4,0.004673,0.27706,0.000415,0,0.054264,0.571429,0.428571,0.142857
24,0,5,0.2,0.003894,0.252789,0.002243,1,0.171429,0.333333,0.666667,0.166667
48,0,4,1,0.003115,0.269292,0,1,0.041379,0.666667,0.333333,0.333333
103,0,4,0.5,0.003115,0.281524,0.000049,1,0.666667,0.333333,0.666667,0.333333
106,0,5,0.9,0.003894,0.276088,0.000003,1,0.545455,0.333333,0.666667,0.166667
166,0,6,0.6,0.004673,0.255822,0.000013,1,0.037975,0.166667,0.833333,0
224,0,6,0.6,0.004673,0.248987,0.000016,1,0.044776,0.5,0.5,0
249,0,4,0.5,0.003115,0.247518,0.000014,0,0.077922,0.5,0.5,0.333333
291,0,5,0.5,0.003894,0.237652,0.000031,0,0.063291,0.8,0.2,0
372,0,6,0.066667,0.004673,0.289093,0.00401,1,0.029126,0.333333,0.666667,0
387,0,5,0.5,0.003894,0.248054,0.000035,0,0.063158,0.666667,0.333333,0.166667
390,0,6,0.266667,0.004673,0.259998,0.001574,1,0.022727,1,0,0
469,0,5,0.1,0.003894,0.28077,0.000089,1,0.052632,0.333333,0.666667,0.166667
499,0,4,1,0.003115,0.243682,0,1,0.022727,0.5,0.5,0.333333
534,0,5,0.5,0.003894,0.236003,0.000045,1,0.029126,0.833333,0.166667,0.166667
548,0,5,0.4,0.003894,0.220996,0.000006,1,2,0.5,0.5,0.166667
580,0,6,0.333333,0.004673,0.246306,0.002114,0,1.5,0.666667,0.333333,0
596,0,6,0.466667,0.004673,0.254374,0.000061,1,0.09375,1,0,0
608,0,5,0.8,0.003894,0.263759,0.000015,1,0.014085,0.666667,0.333333,0.166667
618,0,6,0.4,0.004673,0.256814,0.000024,1,0.077922,0.166667,0.833333,0
688,0,6,0.066667,0.004673,0.263318,0.000325,1,0.046154,0,1,0
697,0,6,0.266667,0.004673,0.250674,0.000724,1,0.125,0.5,0.5,0
766,0,6,0.6,0.004673,0.285226,0.000634,1,0.029851,0.666667,0.333333,0
826,0,4,0.166667,0.003115,0.227305,0.004621,1,0.028571,0.4,0.6,0.2
866,0,5,0.1,0.003894,0.29722,0.000192,1,0.040323,0.8,0.2,0
870,0,4,1,0.003115,0.250824,0,1,0.047619,0.5,0.5,0.333333
912,0,5,0.5,0.003894,0.275423,0.000186,1,0.032432,0.833333,0.166667,0.166667
974,0,6,0.133333,0.004673,0.279771,0.000438,1,0.021352,1,0,0
1027,0,6,0.333333,0.004673,0.236092,0.000049,1,0.022814,1,0,0
1039,0,3,0.333333,0.002336,0.244203,0.000031,1,0.04902,0.6,0.4,0.4
1086,0,6,0.666667,0.004673,0.26016,0.000002,1,0.045455,0,1,0
1093,0,5,0.4,0.003894,0.278779,0.000579,0,0.384615,0.8,0.2,0
1106,0,5,0.8,0.003894,0.295822,0.000051,1,0.6,0.166667,0.833333,0.166667
1137,0,5,0.4,0.003894,0.226977,0.000023,1,0.032086,0.5,0.5,0.166667
1170,0,5,0.5,0.003894,0.262439,0.000042,1,0.15,0.833333,0.166667,0.166667
1196,0,6,0.866667,0.004673,0.261294,0.000001,1,0.052632,1,0,0
1230,0,6,0.266667,0.004673,0.231147,0.000009,1,0.133333,0,1,0
1263,0,6,0.666667,0.004673,0.279771,0.000031,1,0.095238,0.833333,0.166667,0
1283,0,5,0.2,0.003894,0.248201,0.000127,0,0.028409,1,0,0
1353,0,5,0.9,0.003894,0.277856,0.000001,1,0.049587,0.666667,0.333333,0.166667
1411,0,3,1,0.002336,0.249382,0,1,1.5,0.5,0.5,0.5
1414,0,4,0.666667,0.003115,0.269119,0.000001,1,0.028302,0.333333,0.666667,0.333333
1421,0,6,0.4,0.004673,0.26987,0.001269,1,0.101695,0.666667,0.333333,0
1442,0,4,0.166667,0.003115,0.232729,0.001826,1,0.039735,0.5,0.5,0.333333
1505,0,4,0.333333,0.003115,0.250374,0.00007,1,0.050847,0.5,0.5,0.333333
1561,0,6,0.4,0.004673,0.264258,0.000017,1,0.077922,0.166667,0.833333,0
1646,0,5,0.2,0.003894,0.288034,0.000454,1,0.05,0.833333,0.166667,0.166667
1665,0,6,0.333333,0.004673,0.242836,0.000093,1,0.039216,1,0,0
1696,0,4,0.666667,0.003115,0.226323,0.000004,1,0.12766,0.5,0.5,0.333333
1722,0,6,0.533333,0.004673,0.255044,0.000061,0,0.029268,0,1,0
1751,0,5,0.5,0.003894,0.254941,0.000032,1,0.052632,0.833333,0.166667,0.166667
16,0,4,0.333333,0.003115,0.280958,0.000096,1,0.056818,0.4,0.6,0.2
38,0,4,0.333333,0.003115,0.249629,0.000046,1,0.555556,0.4,0.6,0.2
74,0,4,0.166667,0.003115,0.233767,0.000018,1,0.027174,0.6,0.4,0.2
113,0,4,0.333333,0.003115,0.263759,0.000025,1,0.015152,0.6,0.4,0.2
160,0,4,0.5,0.003115,0.227675,0.000002,1,0.065789,0.4,0.6,0.2
213,0,5,0.9,0.003894,0.260429,0,1,0.023585,0.4,0.6,0
215,0,5,0.3,0.003894,0.242181,0.001045,0,0.011792,0.6,0.4,0
221,0,5,0.2,0.003894,0.272677,0.003772,0,0.357143,0.8,0.2,0
239,0,5,0.2,0.003894,0.231615,0.004925,0,0.047619,0.8,0.2,0
267,0,5,0.8,0.003894,0.264758,0.000002,1,0.047619,0.8,0.2,0
281,0,5,0.6,0.003894,0.259409,0.000006,1,0.025641,1,0,0
304,0,5,0.3,0.003894,0.247957,0.000012,1,0.026042,1,0,0
326,0,4,0.166667,0.003115,0.247518,0.001555,0,0.05102,0.8,0.2,0.2
405,0,5,0.3,0.003894,0.273983,0.00158,1,0.022422,0.2,0.8,0
414,0,4,0.5,0.003115,0.244155,0.000007,1,0.034014,0.6,0.4,0.2
500,0,5,0.6,0.003894,0.243966,0.000154,1,2.5,1,0,0
517,0,5,0.4,0.003894,0.264536,0.000017,1,0.142857,1,0,0
518,0,5,0.2,0.003894,0.280708,0.000288,1,0.03876,0,1,0
520,0,3,0.333333,0.002336,0.223628,0.003081,1,0.078125,0.6,0.4,0.4
570,0,4,0.166667,0.003115,0.287442,0.002751,1,0.046729,0.6,0.4,0.2
577,0,5,0.3,0.003894,0.235341,0.00011,1,0.033557,0.8,0.2,0
587,0,5,1,0.003894,0.228377,0,1,0.023364,0,1,0
648,0,5,1,0.003894,0.255874,0,1,0.031056,1,0,0
670,0,5,0.3,0.003894,0.247761,0.000733,1,0.555556,1,0,0
722,0,5,0.6,0.003894,0.2565,0.000023,1,0.024272,0.4,0.6,0
744,0,5,0.2,0.003894,0.279151,0.001647,0,0.037313,0.6,0.4,0
779,0,5,0.1,0.003894,0.265541,0.000113,1,0.294118,0,1,0
792,0,4,0.5,0.003115,0.224106,0.000004,0,0.050505,0.2,0.8,0.2
796,0,5,0.8,0.003894,0.236713,0,1,0.05,1,0,0
859,0,5,0.2,0.003894,0.271735,0.000262,1,0.033333,1,0,0
863,0,5,0.2,0.003894,0.179477,0.003097,0,0.040323,0.2,0.8,0
937,0,5,0.6,0.003894,0.225917,0.000006,1,0.03937,1,0,0
939,0,4,0.166667,0.003115,0.217896,0.001932,1,1,0.4,0.6,0.2
965,0,5,0.5,0.003894,0.246741,0.000012,1,0.125,0.8,0.2,0
969,0,5,0.8,0.003894,0.240423,0.000092,1,0.277778,1,0,0
987,0,5,0.7,0.003894,0.270916,0,1,0.032051,1,0,0
1004,0,4,0.5,0.003115,0.295267,0.000135,1,0.022422,0.2,0.8,0.2
1022,0,5,0.7,0.003894,0.236981,0.000005,1,0.048077,1,0,0
1037,0,5,0.5,0.003894,0.264814,0.000155,1,0.053191,1,0,0
1048,0,5,0.4,0.003894,0.23355,0.000042,0,0.034014,0.8,0.2,0
1092,0,5,0.4,0.003894,0.24825,0.000181,0,0.04717,1,0,0
1129,0,5,0.1,0.003894,0.230132,0.001989,1,0.081967,0,1,0
1132,0,4,0.333333,0.003115,0.25203,0.000951,1,0.053763,0.6,0.4,0.2
1166,0,5,0.1,0.003894,0.274821,0.001109,1,0.023474,1,0,0
1204,0,4,0.666667,0.003115,0.291978,0.000207,1,0.079365,0.2,0.8,0.2
1207,0,4,0.166667,0.003115,0.246403,0.001568,0,0.041322,0.8,0.2,0.2
1226,0,5,0.4,0.003894,0.222128,0.001543,1,0.078125,0,1,0
1281,0,5,0.5,0.003894,0.243682,0.00001,1,0.050505,0.8,0.2,0
1318,0,5,0.3,0.003894,0.250974,0.000093,1,0.046729,0.6,0.4,0
1357,0,4,0.166667,0.003115,0.249184,0.001946,0,0.071429,0.8,0.2,0.2
1358,0,4,,0.003115,0.232772,0.000032,1,0.046296,0.4,0.6,0.2
1407,0,4,0.333333,0.003115,0.278409,0.000055,1,0.1,0.4,0.6,0.2
1415,0,5,0.9,0.003894,0.268889,0.000001,0,0.056818,0.2,0.8,0
1422,0,5,0.4,0.003894,0.258715,0.000004,1,0.032895,1,0,0
1448,0,4,0.333333,0.003115,0.23085,0.001551,0,0.09434,0.6,0.4,0.2
1470,0,4,0.333333,0.003115,0.276999,0.001326,1,0.1,0.8,0.2,0.2
1494,0,4,0.333333,0.003115,0.262329,0.000098,1,0.02,1,0,0
1498,0,4,0.666667,0.003115,0.2326,0.000013,1,0.046296,0.6,0.4,0.2
1525,0,5,0.4,0.003894,0.263925,0.00011,1,0.030303,0.6,0.4,0
1543,0,5,0.3,0.003894,0.227469,0.000034,1,0.135135,0.8,0.2,0
1555,0,5,0.5,0.003894,0.26644,0.00013,1,0.079365,1,0,0
1606,0,4,1,0.003115,0.25551,0,1,0.121951,0.2,0.8,0.2
1647,0,5,0.1,0.003894,0.288695,0.001743,0,0.2,0.6,0.4,0
1675,0,5,0.8,0.003894,0.240423,0.000092,1,0.070423,1,0,0
1681,0,5,0.4,0.003894,0.254683,0.0001,0,0.026455,1,0,0
1706,0,4,0.666667,0.003115,0.289159,0.000219,1,0.5,0.4,0.6,0.2
1714,0,4,0.666667,0.003115,0.276634,0.000009,1,0.045045,0.4,0.6,0.2
1717,0,5,0.5,0.003894,0.275906,0.000068,1,1,0.6,0.4,0
26,0,4,,0.003115,0.197385,0.000908,0,0.065574,0,1,0
47,0,4,0.333333,0.003115,0.233853,0.000003,1,0.017699,1,0,0
55,0,4,0.5,0.003115,0.259945,0.00004,1,0.009926,1,0,0
101,0,3,0.333333,0.002336,0.256343,0.000077,0,0.129032,0.25,0.75,0.25
110,0,3,,0.002336,0.249877,0.000029,0,0.012346,0.25,0.75,0.25
146,0,3,0.333333,0.002336,0.25755,0.000356,0,0.040404,0.5,0.5,0.25
165,0,4,,0.003115,0.251828,0.000139,0,0.148148,1,0,0
175,0,3,0.333333,0.002336,0.252637,0.000825,1,1.333333,0.5,0.5,0.25
177,0,3,0.666667,0.002336,0.270275,0.000006,1,0.363636,0.75,0.25,0.25
191,0,3,0.333333,0.002336,0.247469,0.000008,0,0.235294,0.75,0.25,0.25
195,0,4,0.166667,0.003115,0.267403,0.000277,1,0.333333,0.5,0.5,0
211,0,3,0.666667,0.002336,0.24525,0.000002,0,0.0375,0.666667,0.333333,0
255,0,4,,0.003115,0.228918,0.000166,0,0.032258,1,0,0
264,0,3,0.333333,0.002336,0.235561,0.000029,1,0.166667,0.25,0.75,0.25
271,0,4,0.333333,0.003115,0.263815,0.000015,1,0.017316,0.75,0.25,0
298,0,3,0.333333,0.002336,0.242415,0.000086,1,0.046875,1,0,0
339,0,4,0.333333,0.003115,0.257761,0.001007,0,0.166667,1,0,0
357,0,4,0.166667,0.003115,0.265373,0.000039,1,0.047059,0.5,0.5,0
401,0,4,,0.003115,0.283746,0.000605,1,0.08,0.5,0.5,0
403,0,3,1,0.002336,0.270275,0,1,0.2,0.5,0.5,0.25
407,0,3,0.333333,0.002336,0.24953,0.000008,0,0.051948,0.25,0.75,0.25
453,0,4,0.333333,0.003115,0.268602,0.000173,1,0.307692,0,1,0
483,0,4,0.5,0.003115,0.30515,0.000085,1,0.029412,0.25,0.75,0
502,0,3,,0.002336,0.242275,0.002706,0,0.015444,0.5,0.5,0.25
532,0,4,0.666667,0.003115,0.259248,0.000005,1,1,0.5,0.5,0
536,0,3,,0.002336,0.220338,0.001414,1,0.039604,0.75,0.25,0.25
584,0,4,0.333333,0.003115,0.235959,0.000613,1,0.072727,0.5,0.5,0
617,0,3,1,0.002336,0.233984,0,1,0.038462,0.75,0.25,0.25
625,0,4,0.666667,0.003115,0.273924,0.000011,1,0.01626,0.5,0.5,0
626,0,4,0.333333,0.003115,0.263318,0.000095,1,0.022599,1,0,0
653,0,4,0.666667,0.003115,0.24425,0.000015,1,0.571429,0,1,0
660,0,4,0.666667,0.003115,0.253145,0.000004,1,0.034483,1,0,0
680,0,3,0.333333,0.002336,0.211486,0.001542,1,0.034783,0.5,0.5,0.25
681,0,4,0.666667,0.003115,0.251074,0.000023,0,0.048193,1,0,0
699,0,4,0.166667,0.003115,0.242929,0.001814,0,0.010471,0,1,0
713,0,4,0.166667,0.003115,0.246838,0.000063,0,0.025316,0.25,0.75,0
714,0,4,0.333333,0.003115,0.249629,0.000027,0,0.028169,0.75,0.25,0
717,0,4,0.5,0.003115,0.2565,0.000006,1,0.021858,0.75,0.25,0
718,0,4,0.5,0.003115,0.250076,0.000036,1,0.666667,0.5,0.5,0
735,0,4,0.166667,0.003115,0.281776,0.002726,0,0.2,0.75,0.25,0
750,0,4,0.333333,0.003115,0.296031,0.000962,1,0.064516,0.25,0.75,0
795,0,4,0.5,0.003115,0.251878,0.00055,0,0.041667,0.75,0.25,0
833,0,3,0.333333,0.002336,0.217858,0.000359,0,0.022857,0.25,0.75,0.25
837,0,4,1,0.003115,0.271091,0,1,0.148148,0,1,0
838,0,4,0.833333,0.003115,0.240423,0.000001,1,0.142857,1,0,0
867,0,3,,0.002336,0.241716,0.001609,1,0.063492,0.5,0.5,0.25
868,0,3,1,0.002336,0.245921,0,1,0.059701,0.25,0.75,0.25
896,0,4,0.666667,0.003115,0.261023,0.000001,1,0.08,1,0,0
904,0,4,,0.003115,0.266046,0.000485,1,0.023392,1,0,0
979,0,4,0.333333,0.003115,0.22535,0.000704,1,0.083333,0.75,0.25,0
1008,0,4,0.5,0.003115,0.260375,0.000036,1,0.222222,0.5,0.5,0
1018,0,4,,0.003115,0.251475,0.001765,0,0.266667,0.5,0.5,0
1023,0,4,0.5,0.003115,0.233506,0.000005,1,0.045455,1,0,0
1042,0,4,0.666667,0.003115,0.252333,0.000026,0,0.666667,1,0,0
1063,0,3,0.333333,0.002336,0.24781,0.000057,1,0.053333,0.5,0.5,0.25
1066,0,4,0.166667,0.003115,0.218161,0.002122,1,0.031746,0.75,0.25,0
1084,0,4,0.666667,0.003115,0.247957,0.000022,0,0.023669,1,0,0
1103,0,4,0.833333,0.003115,0.259462,0,1,0.050633,1,0,0
1118,0,3,,0.002336,0.210813,0.001549,1,0.058824,0.75,0.25,0.25
1130,0,3,0.666667,0.002336,0.21099,0.000007,1,0.4,0.75,0.25,0.25
1138,0,4,0.333333,0.003115,0.252383,0.000182,0,0.044444,0.75,0.25,0
1144,0,4,0.666667,0.003115,0.268087,0.000005,1,0.054054,1,0,0
1145,0,4,0.666667,0.003115,0.238147,0.000112,1,0.021978,1,0,0
1176,0,4,0.666667,0.003115,0.240285,0.000006,1,1,0.75,0.25,0
1206,0,4,0.333333,0.003115,0.246403,0.000153,0,0.125,0.5,0.5,0
1225,0,4,0.5,0.003115,0.246838,0.000459,1,0.021277,0.75,0.25,0
1264,0,4,0.333333,0.003115,0.279523,0.000279,1,0.006202,0,1,0
1267,0,4,0.333333,0.003115,0.265653,0.000242,1,0.013245,0.25,0.75,0
1274,0,3,1,0.002336,0.25973,0,1,0.032609,1,0,0
1280,0,4,0.333333,0.003115,0.243211,0.000006,1,0.019417,1,0,0
1289,0,4,0.166667,0.003115,0.22751,0.000009,1,0.011662,1,0,0
1309,0,3,,0.002336,0.258609,0.000188,1,0.040404,0.75,0.25,0.25
1311,0,4,0.5,0.003115,0.253604,0.000001,1,0.031746,1,0,0
1404,0,4,0.333333,0.003115,0.239416,0.000368,1,0.050633,0.25,0.75,0
1431,0,4,0.166667,0.003115,0.263649,0.001737,1,0.083333,0.25,0.75,0
1486,0,3,,0.002336,0.207784,0.00004,1,0.029851,0.75,0.25,0.25
1487,0,3,1,0.002336,0.234901,0,1,0.040404,0.5,0.5,0.25
1528,0,4,0.166667,0.003115,0.250225,0.000334,1,0.019417,0.5,0.5,0
1531,0,3,1,0.002336,0.250325,0,1,0.040404,0.5,0.5,0.25
1538,0,4,0.166667,0.003115,0.234901,0.001573,1,0.028986,0,1,0
1586,0,4,0.166667,0.003115,0.254786,0.00023,0,0.2,0.75,0.25,0
1624,0,4,0.333333,0.003115,0.29499,0.003047,0,0.333333,0.25,0.75,0
1657,0,4,0.333333,0.003115,0.221307,0.000117,1,0.02381,1,0,0
1666,0,2,,0.001558,0.199387,0.000239,0,0.01194,0.5,0.5,0.5
1676,0,4,,0.003115,0.20237,0.001583,0,0.25,0.75,0.25,0
1705,0,4,0.333333,0.003115,0.248839,0.000475,1,0.8,0.75,0.25,0
1728,0,4,0.833333,0.003115,0.251828,0.000009,0,0.053333,1,0,0
1734,0,4,0.333333,0.003115,0.233593,0.000109,0,0.025316,1,0,0
1752,0,4,0.5,0.003115,0.294782,0.000171,1,0.173913,0,1,0
5,0,3,1,0.002336,0.267063,0,1,0.375,1,0,0
12,0,3,0.666667,0.002336,0.271266,0.000002,1,0.029703,1,0,0
18,0,3,0.333333,0.002336,0.239462,0.000004,1,0.005386,0.333333,0.666667,0
27,0,3,1,0.002336,0.275001,0,1,0.011152,0.666667,0.333333,0
54,0,3,1,0.002336,0.270974,0,1,0.023438,1,0,0
59,0,2,,0.001558,0.24444,0.000042,0,0.075,0.333333,0.666667,0.333333
75,0,3,,0.002336,0.226242,0,1,0.083333,0,1,0
87,0,2,1,0.001558,0.259195,0,1,0.031579,0.333333,0.666667,0.333333
91,0,2,1,0.001558,0.244345,0,0,0.15,0.666667,0.333333,0.333333
118,0,3,,0.002336,0.216994,0.001554,1,0.016043,0,1,0
128,0,3,0.333333,0.002336,0.208645,0.000003,1,0.015385,1,0,0
157,0,3,0.333333,0.002336,0.235165,0.000005,1,0.012821,0,1,0
204,0,3,0.333333,0.002336,0.267517,0.000066,1,0.020979,1,0,0
223,0,3,0.666667,0.002336,0.217557,0.000001,0,0.142857,0.666667,0.333333,0
231,0,3,0.333333,0.002336,0.248201,0.000028,1,0.02439,0,1,0
244,0,2,,0.001558,0.21032,0.00003,1,0.058824,0.666667,0.333333,0.333333
247,0,3,1,0.002336,0.231402,0,1,0.375,1,0,0
276,0,3,0.333333,0.002336,0.24742,0.000013,0,0.107143,1,0,0
280,0,3,0.333333,0.002336,0.234245,0.000056,1,0.052632,1,0,0
292,0,3,0.333333,0.002336,0.201398,0.001542,0,0.115385,1,0,0
299,0,2,1,0.001558,0.18247,0,1,0.75,0.666667,0.333333,0.333333
307,0,3,0.666667,0.002336,0.230511,0.000013,1,0.058824,0.333333,0.666667,0
332,0,3,0.333333,0.002336,0.186252,0.000007,0,0.06,1,0,0
350,0,3,1,0.002336,0.26935,0,1,0.016667,0.666667,0.333333,0
351,0,2,1,0.001558,0.232428,0,1,0.024194,0.333333,0.666667,0.333333
352,0,3,,0.002336,0.243682,0.000526,1,0.050847,0.666667,0.333333,0
360,0,3,,0.002336,0.232299,0.000053,1,0.025,0,1,0
369,0,2,,0.001558,0.235385,0.000018,0,0.032258,0.666667,0.333333,0.333333
376,0,3,0.333333,0.002336,0.243164,0.000295,0,0.032609,0.333333,0.666667,0
389,0,3,,0.002336,0.205208,0.00002,0,0.042254,1,0,0
411,0,3,0.666667,0.002336,0.225552,0.000023,0,0.028571,1,0,0
417,0,3,0.666667,0.002336,0.233593,0,1,0.125,1,0,0
418,0,3,0.333333,0.002336,0.247469,0.000008,0,0.010909,1,0,0
419,0,2,1,0.001558,0.244582,0,0,0.00625,0.666667,0.333333,0.333333
422,0,3,0.333333,0.002336,0.231572,0.000038,0,0.010638,0.333333,0.666667,0
440,0,3,1,0.002336,0.234115,0,1,0.142857,0.333333,0.666667,0
476,0,3,,0.002336,0.255354,0.000038,1,0.011029,0.333333,0.666667,0
498,0,2,1,0.001558,0.237967,0,1,0.0375,0.666667,0.333333,0.333333
521,0,2,1,0.001558,0.18247,0,1,0.010067,0.333333,0.666667,0.333333
524,0,3,,0.002336,0.271676,0.00404,0,0.04,0.666667,0.333333,0
526,0,3,0.333333,0.002336,0.246258,0.000188,0,0.142857,0.333333,0.666667,0
550,0,3,0.666667,0.002336,0.242742,0.000001,1,0.019481,0.333333,0.666667,0
566,0,3,0.666667,0.002336,0.241809,0.000007,1,0.027027,1,0,0
576,0,3,0.333333,0.002336,0.268545,0.000192,1,0.011628,0,1,0
590,0,3,0.333333,0.002336,0.245154,0.000009,1,0.018293,1,0,0
594,0,3,0.333333,0.002336,0.223986,0.000132,0,0.015957,1,0,0
642,0,2,,0.001558,0.237115,0.000009,1,0.069767,0.666667,0.333333,0.333333
644,0,3,1,0.002336,0.23707,0,1,0.024194,1,0,0
655,0,1,,0.000779,0.233506,0,1,0.020833,0.5,0.5,0.5
674,0,3,0.333333,0.002336,0.247469,0.000008,0,0.6,0.666667,0.333333,0
675,0,2,1,0.001558,0.211131,0,1,0.013393,0.666667,0.333333,0.333333
695,0,2,1,0.001558,0.204342,0,1,0.041667,0.666667,0.333333,0.333333
764,0,3,0.666667,0.002336,0.272205,0.000027,1,0.032258,1,0,0
772,0,2,,0.001558,0.252942,0.000005,1,0.054545,0.333333,0.666667,0.333333
793,0,3,0.666667,0.002336,0.245873,0.000328,1,0.014286,1,0,0
814,0,3,0.666667,0.002336,0.255614,0.000003,1,0.007874,1,0,0
815,0,3,1,0.002336,0.279585,0,1,0.015464,0.666667,0.333333,0
843,0,3,,0.002336,0.218236,0.000007,1,0.045455,0.666667,0.333333,0
876,0,3,,0.002336,0.250824,0.001564,0,0.02381,1,0,0
895,0,2,1,0.001558,0.253145,0,1,0.015707,0.666667,0.333333,0.333333
908,0,2,1,0.001558,0.259623,0,1,0.051724,0.666667,0.333333,0.333333
957,0,3,0.333333,0.002336,0.230385,0.000011,1,0.046875,0.666667,0.333333,0
1019,0,2,1,0.001558,0.229922,0,1,0.068182,0.666667,0.333333,0.333333
1031,0,2,1,0.001558,0.228876,0,1,0.054545,0.666667,0.333333,0.333333
1033,0,3,,0.002336,0.224867,0.001544,1,0.012766,1,0,0
1036,0,3,1,0.002336,0.263263,0,1,0.025,0.333333,0.666667,0
1059,0,3,,0.002336,0.198914,0.001524,0,0.019868,0,1,0
1070,0,3,0.666667,0.002336,0.216062,0.000002,0,1,1,0,0
1075,0,3,1,0.002336,0.254271,0,1,0.043478,1,0,0
1123,0,3,0.666667,0.002336,0.251626,0.000028,0,0.025,1,0,0
1125,0,3,0.666667,0.002336,0.251024,0.000022,0,0.75,1,0,0
1209,0,2,,0.001558,0.23316,0.00001,0,0.016304,0.666667,0.333333,0.333333
1248,0,3,,0.002336,0.248987,0.0005,0,0.013333,0.333333,0.666667,0
1262,0,3,0.666667,0.002336,0.235165,0,1,0.071429,1,0,0
1269,0,3,0.333333,0.002336,0.254476,0.000012,1,0.025862,0.333333,0.666667,0
1300,0,3,0.666667,0.002336,0.216322,0.000018,0,0.75,1,0,0
1303,0,3,0.333333,0.002336,0.225028,0.000057,0,0.115385,1,0,0
1305,0,3,0.666667,0.002336,0.244013,0.000003,1,0.02027,1,0,0
1323,0,3,0.333333,0.002336,0.177828,0.00029,0,0.107143,1,0,0
1337,0,2,1,0.001558,0.251828,0,1,0.010791,0.666667,0.333333,0.333333
1347,0,3,,0.002336,0.291842,0.000162,1,0.051724,0,1,0
1370,0,3,0.333333,0.002336,0.200627,0.001211,0,0.024793,1,0,0
1380,0,3,1,0.002336,0.224827,0,1,0.272727,1,0,0
1413,0,2,,0.001558,0.256448,0.000001,1,0.068182,0.666667,0.333333,0.333333
1463,0,3,,0.002336,0.227264,0.001557,1,0.037975,0,1,0
1472,0,3,0.666667,0.002336,0.228377,0.000002,0,0.176471,0,1,0
1477,0,3,1,0.002336,0.242135,0,1,0.017143,0.666667,0.333333,0
1479,0,3,1,0.002336,0.258715,0,1,0.015873,0,1,0
1483,0,3,0.333333,0.002336,0.239234,0.000135,0,0.020134,1,0,0
1515,0,3,,0.002336,0.250824,0.001564,0,0.037037,1,0,0
1522,0,2,1,0.001558,0.186972,0,0,0.142857,0.666667,0.333333,0.333333
1547,0,2,1,0.001558,0.24444,0,1,0.033708,0.333333,0.666667,0.333333
1565,0,3,0.333333,0.002336,0.221541,0.000444,1,0.014778,0.666667,0.333333,0
1566,0,3,,0.002336,0.253145,0.001772,1,0.142857,1,0,0
1573,0,3,0.333333,0.002336,0.275604,0.000049,1,0.033333,1,0,0
1599,0,3,,0.002336,0.2715,0.00006,1,0.230769,1,0,0
1601,0,3,1,0.002336,0.279089,0,1,0.2,1,0,0
1610,0,3,0.666667,0.002336,0.224066,0.000023,0,0.3,1,0,0
1627,0,3,0.666667,0.002336,0.249135,0.000007,0,0.136364,0.666667,0.333333,0
1629,0,3,0.666667,0.002336,0.236402,0.000003,1,0.022556,1,0,0
4,0,1,,0.000779,0.219992,0,1,0.01087,0.5,0.5,0.5
8,0,2,1,0.001558,0.258662,0,1,0.018182,1,0,0
22,0,2,1,0.001558,0.252434,0,1,0.008163,0,1,0
25,0,2,1,0.001558,0.232428,0,1,0.010989,1,0,0
50,0,2,1,0.001558,0.263538,0,1,0.017094,0,1,0
60,0,2,,0.001558,0.259837,0.000962,1,0.013333,1,0,0
71,0,2,,0.001558,0.223549,0.000001,1,0.015748,1,0,0
82,0,2,,0.001558,0.245729,0.000012,1,0.033898,0,1,0
83,0,1,,0.000779,0.251475,0,1,0.019802,0.5,0.5,0.5
98,0,1,,0.000779,0.227018,0,1,0.25,0.5,0.5,0.5
132,0,2,1,0.001558,0.240745,0,1,0.017241,1,0,0
135,0,2,,0.001558,0.247323,0.000002,1,0.4,1,0,0
137,0,1,,0.000779,0.20588,0,1,0.010989,0.5,0.5,0.5
158,0,2,,0.001558,0.20185,0.001542,1,0.018868,1,0,0
194,0,2,,0.001558,0.261132,0.00004,1,0.016807,0,1,0
212,0,2,1,0.001558,0.249927,0,0,0.133333,1,0,0
216,0,2,1,0.001558,0.217519,0,0,0.004975,0,1,0
272,0,2,1,0.001558,0.22871,0,1,0.005865,1,0,0
287,0,2,1,0.001558,0.213243,0,0,0.015038,1,0,0
295,0,2,1,0.001558,0.261186,0,1,0.01,1,0,0
300,0,2,1,0.001558,0.224386,0,0,0.037736,1,0,0
316,0,1,,0.000779,0.223311,0,0,0.0625,0.5,0.5,0.5
325,0,1,,0.000779,0.21677,0,1,0.054054,0.5,0.5,0.5
330,0,2,,0.001558,0.248938,0.000082,0,0.029412,1,0,0
335,0,2,1,0.001558,0.255251,0,1,0.017699,0.5,0.5,0
338,0,2,1,0.001558,0.252131,0,1,0.222222,1,0,0
341,0,2,,0.001558,0.181837,0.000021,1,0.011905,0.5,0.5,0
366,0,2,,0.001558,0.277366,0.000054,1,0.019802,0.5,0.5,0
375,0,2,,0.001558,0.223867,0.001542,1,0.016393,0.5,0.5,0
380,0,2,,0.001558,0.233853,0.000081,1,0.008403,0.5,0.5,0
416,0,2,,0.001558,0.212379,0,1,0.086957,1,0,0
444,0,2,1,0.001558,0.228253,0,0,0.009434,1,0,0
479,0,2,1,0.001558,0.25755,0,1,0.015152,0,1,0
495,0,2,1,0.001558,0.217519,0,0,0.142857,1,0,0
496,0,2,,0.001558,0.259891,0.000023,1,0.666667,1,0,0
503,0,2,,0.001558,0.224626,0.000003,0,0.033333,1,0,0
545,0,2,,0.001558,0.233897,0.000153,1,0.021505,0,1,0
554,0,2,1,0.001558,0.215914,0,1,0.041667,1,0,0
555,0,2,,0.001558,0.251828,0.000171,0,0.015504,1,0,0
564,0,2,,0.001558,0.218691,0,0,0.017857,0,1,0
615,0,1,,0.000779,0.233506,0,1,0.003226,1,0,0
620,0,2,,0.001558,0.210179,0.000002,1,0.04878,0.5,0.5,0
629,0,2,,0.001558,0.22256,0.000001,1,0.04878,1,0,0
636,0,2,,0.001558,0.259837,0.000962,1,0.04878,0.5,0.5,0
656,0,2,1,0.001558,0.238237,0,1,0.04878,0,1,0
658,0,1,,0.000779,0.22967,0,1,0.04878,0.5,0.5,0.5
664,0,1,,0.000779,0.207887,0,1,0.04878,0.5,0.5,0.5
678,0,2,1,0.001558,0.230723,0,0,0.04878,0.5,0.5,0
679,0,2,1,0.001558,0.259784,0,1,0.04878,0.5,0.5,0
685,0,2,,0.001558,0.219569,0.000003,1,0.04878,1,0,0
692,0,2,,0.001558,0.228419,0.000029,0,0.04878,0.5,0.5,0
700,0,1,,0.000779,0.24708,0,1,0.04878,0.5,0.5,0.5
701,0,2,,0.001558,0.264091,0.000004,1,0.04878,1,0,0
720,0,1,,0.000779,0.173823,0,1,0.04878,0.5,0.5,0.5
725,0,2,,0.001558,0.225391,0.000036,0,0.04878,1,0,0
728,0,2,1,0.001558,0.235914,0,1,0.014493,1,0,0
732,0,2,,0.001558,0.203121,0.000002,0,0.023529,1,0,0
769,0,2,,0.001558,0.197633,0.000012,0,0.166667,0,1,0
771,0,2,,0.001558,0.246354,0.000037,0,0.029412,1,0,0
780,0,2,,0.001558,0.188625,0.000147,1,0.009302,0.5,0.5,0
799,0,1,,0.000779,0.160619,0,0,0.021505,0.5,0.5,0.5
810,0,2,,0.001558,0.253349,0.000011,1,0.052632,1,0,0
817,0,2,1,0.001558,0.245777,0,1,0.012987,1,0,0
832,0,2,,0.001558,0.242275,0.000121,1,0.033898,1,0,0
842,0,2,1,0.001558,0.228253,0,0,0.020619,1,0,0
852,0,1,,0.000779,0.221268,0,1,0.017241,0.5,0.5,0.5
865,0,2,,0.001558,0.218198,0.000008,1,0.006897,1,0,0
883,0,2,1,0.001558,0.213243,0,0,0.02439,1,0,0
884,0,2,,0.001558,0.272205,0.000059,1,0.01626,1,0,0
901,0,1,,0.000779,0.244203,0,0,0.029412,0.5,0.5,0.5
902,0,2,,0.001558,0.281147,0.00005,1,0.015748,0,1,0
921,0,2,,0.001558,0.263152,0.000041,1,0.095238,1,0,0
955,0,2,1,0.001558,0.217707,0,1,0.015267,1,0,0
982,0,2,,0.001558,0.202435,0.000006,1,1,0.5,0.5,0
993,0,2,1,0.001558,0.228918,0,1,0.125,1,0,0
1006,0,2,,0.001558,0.225512,0.000013,1,0.026316,0.5,0.5,0
1026,0,2,,0.001558,0.220493,0.000004,1,0.017241,1,0,0
1043,0,2,1,0.001558,0.246741,0,0,0.035088,1,0,0
1054,0,2,1,0.001558,0.215433,0,0,0.058824,1,0,0
1073,0,2,,0.001558,0.202207,0.000007,1,0.0625,1,0,0
1074,0,2,,0.001558,0.206624,0.001083,0,0.666667,1,0,0
1081,0,2,,0.001558,0.221424,0.000097,0,0.016529,0.5,0.5,0
1087,0,2,,0.001558,0.178155,0.000003,0,0.011429,1,0,0
1096,0,2,,0.001558,0.16793,0.000056,0,0.083333,0.5,0.5,0
1126,0,2,1,0.001558,0.247274,0,0,0.025316,0.5,0.5,0
1150,0,1,,0.000779,0.194306,0,1,0.058824,0.5,0.5,0.5
1195,0,1,,0.000779,0.198037,0,0,0.022989,0.5,0.5,0.5
1199,0,2,1,0.001558,0.212307,0,1,0.021505,1,0,0
1200,0,2,,0.001558,0.20401,0.000001,1,0.017699,0.5,0.5,0
1216,0,1,,0.000779,0.204841,0,1,0.068966,0.5,0.5,0.5
1218,0,2,,0.001558,0.253349,0.000033,1,0.013072,0,1,0
1224,0,2,,0.001558,0.226242,0.000006,1,0.055556,0.5,0.5,0
1231,0,2,1,0.001558,0.23928,0,1,0.333333,1,0,0
1236,0,2,1,0.001558,0.259035,0,1,0.030769,1,0,0
1253,0,1,,0.000779,0.210707,0,1,0.021739,0.5,0.5,0.5
1316,0,2,1,0.001558,0.262823,0,1,0.017094,1,0,0
1317,0,2,1,0.001558,0.214041,0,0,0.064516,0,1,0
1325,0,2,,0.001558,0.228253,0.000333,0,0.08,1,0,0
1349,0,2,,0.001558,0.197138,0.000019,0,0.016807,0.5,0.5,0
1359,0,2,1,0.001558,0.223549,0,1,0.009901,1,0,0
1360,0,2,1,0.001558,0.244725,0,1,0.040816,0.5,0.5,0
1375,0,2,,0.001558,0.220802,0.001542,1,0.018018,0.5,0.5,0
1387,0,1,,0.000779,0.244203,0,0,0.013158,0.5,0.5,0.5
1388,0,1,,0.000779,0.244203,0,0,0.090909,0.5,0.5,0.5
1389,0,1,,0.000779,0.244203,0,0,0.086957,0.5,0.5,0.5
1390,0,1,,0.000779,0.244203,0,0,0.037736,0.5,0.5,0.5
1391,0,1,,0.000779,0.244203,0,0,0.010417,0.5,0.5,0.5
1392,0,1,,0.000779,0.244203,0,0,0.036364,0.5,0.5,0.5
1393,0,1,,0.000779,0.244203,0,0,0.013072,0.5,0.5,0.5
1394,0,1,,0.000779,0.244203,0,0,0.020202,0.5,0.5,0.5
1395,0,1,,0.000779,0.244203,0,0,0.012121,0.5,0.5,0.5
1396,0,1,,0.000779,0.244203,0,0,0.028169,0.5,0.5,0.5
1397,0,1,,0.000779,0.244203,0,0,0.014085,0.5,0.5,0.5
1398,0,1,,0.000779,0.244203,0,0,0.074074,0.5,0.5,0.5
1399,0,1,,0.000779,0.244203,0,0,0.033898,0.5,0.5,0.5
1400,0,1,,0.000779,0.244203,0,0,0.010695,0.5,0.5,0.5
1406,0,2,,0.001558,0.213351,0.000002,1,0.074074,1,0,0
1410,0,1,,0.000779,0.265037,0,1,0.046512,0.5,0.5,0.5
1419,0,2,,0.001558,0.282219,0.000014,1,0.033333,1,0,0
1429,0,2,1,0.001558,0.253912,0,1,0.012987,1,0,0
1459,0,2,,0.001558,0.250724,0.000022,0,0.015038,1,0,0
1471,0,2,1,0.001558,0.228253,0,0,0.125,0,1,0
1530,0,2,1,0.001558,0.247274,0,0,0.02439,1,0,0
1545,0,2,1,0.001558,0.251626,0,1,0.033898,0.5,0.5,0
1572,0,2,1,0.001558,0.269407,0,1,0.086957,1,0,0
1593,0,2,1,0.001558,0.201333,0,0,0.009804,1,0,0
1628,0,2,,0.001558,0.23928,0.000002,1,0.013889,1,0,0
1667,0,2,,0.001558,0.216994,0.000007,1,0.022222,1,0,0
1672,0,1,,0.000779,0.242135,0,1,0.014493,0.5,0.5,0.5
1695,0,2,1,0.001558,0.206556,0,1,0.016393,1,0,0
1707,0,2,1,0.001558,0.228253,0,0,0.013072,1,0,0
1719,0,2,1,0.001558,0.263097,0,1,0.060606,0.5,0.5,0
1726,0,2,1,0.001558,0.239827,0,1,0.014493,1,0,0
1739,0,2,,0.001558,0.238283,0.000007,1,0.01087,0.5,0.5,0
10,0,1,,0.000779,0.26222,0,1,0.025,1,0,0
13,0,1,,0.000779,0.209444,0,1,0.007519,1,0,0
14,0,1,,0.000779,0.228834,0,1,0.005848,1,0,0
21,0,1,,0.000779,0.182603,0,1,0.055556,1,0,0
29,0,1,,0.000779,0.28542,0,1,0.015152,0,1,0
30,0,1,,0.000779,0.244203,0,0,0.006494,1,0,0
33,0,1,,0.000779,0.238871,0,1,0.006329,0,1,0
34,0,1,,0.000779,0.245202,0,0,0.1,1,0,0
35,0,1,,0.000779,0.251475,0,1,0.015873,1,0,0
39,0,1,,0.000779,0.184477,0,1,0.003077,1,0,0
42,0,1,,0.000779,0.241902,0,1,0.0625,0,1,0
58,0,1,,0.000779,0.204674,0,1,0.006211,0,1,0
67,0,1,,0.000779,0.232299,0,1,0.014706,0,1,0
69,0,1,,0.000779,0.204342,0,1,0.076923,1,0,0
78,0,1,,0.000779,0.22527,0,1,0.020833,0,1,0
88,0,1,,0.000779,0.21032,0,1,0.009346,0,1,0
90,0,1,,0.000779,0.200148,0,0,0.02,0,1,0
96,0,1,,0.000779,0.20551,0,1,0.018182,1,0,0
114,0,1,,0.000779,0.204841,0,1,0.013889,1,0,0
123,0,1,,0.000779,0.223271,0,1,0.071429,0,1,0
124,0,1,,0.000779,0.223271,0,1,0.007299,0,1,0
134,0,1,,0.000779,0.223549,0,0,0.034483,0,1,0
148,0,1,,0.000779,0.21032,0,1,0.015873,1,0,0
152,0,1,,0.000779,0.22784,0,1,0.007143,0,1,0
153,0,1,,0.000779,0.221113,0,1,0.003472,1,0,0
184,0,1,,0.000779,0.207032,0,1,0.002469,1,0,0
188,0,1,,0.000779,0.184477,0,1,0.019608,1,0,0
192,0,1,,0.000779,0.224226,0,0,0.02,1,0,0
220,0,1,,0.000779,0.254941,0,1,0.015385,1,0,0
229,0,1,,0.000779,0.224226,0,0,0.003717,1,0,0
230,0,1,,0.000779,0.232514,0,1,0.03125,1,0,0
241,0,1,,0.000779,0.230723,0,1,0.007353,1,0,0
245,0,1,,0.000779,0.208231,0,1,0.004695,1,0,0
250,0,1,,0.000779,0.217482,0,1,0.066667,1,0,0
253,0,1,,0.000779,0.201624,0,1,0.004566,0,1,0
265,0,1,,0.000779,0.174281,0,1,0.008197,0,1,0
282,0,1,,0.000779,0.245202,0,0,0.01,1,0,0
283,0,1,,0.000779,0.233074,0,1,0.005208,1,0,0
290,0,1,,0.000779,0.213823,0,0,0.006711,0,1,0
318,0,1,,0.000779,0.223311,0,0,0.004016,1,0,0
323,0,1,,0.000779,0.193083,0,1,0.007874,1,0,0
327,0,1,,0.000779,0.23368,0,1,0.012658,0,1,0
329,0,1,,0.000779,0.217482,0,0,0.006494,1,0,0
334,0,1,,0.000779,0.251475,0,1,0.003356,0,1,0
337,0,1,,0.000779,0.251475,0,1,0.041667,0,1,0
343,0,1,,0.000779,0.184477,0,1,0.015873,1,0,0
348,0,1,,0.000779,0.201785,0,1,0.028571,0,1,0
354,0,1,,0.000779,0.224226,0,0,0.007812,1,0,0
361,0,1,,0.000779,0.260969,0,1,0.003861,1,0,0
371,0,1,,0.000779,0.19264,0,0,0.002222,1,0,0
391,0,1,,0.000779,0.205947,0,1,0.004115,0,1,0
394,0,1,,0.000779,0.256291,0,1,0.007634,1,0,0
425,0,1,,0.000779,0.224226,0,0,0.010204,1,0,0
445,0,1,,0.000779,0.218653,0,1,0.010638,1,0,0
452,0,1,,0.000779,0.177377,0,0,0.002494,1,0,0
458,0,1,,0.000779,0.177377,0,0,0.003584,1,0,0
461,0,1,,0.000779,0.202077,0,1,0.041667,1,0,0
463,0,1,,0.000779,0.245202,0,0,0.006944,1,0,0
474,0,1,,0.000779,0.233074,0,1,0.005464,1,0,0
494,0,1,,0.000779,0.224226,0,0,0.018868,1,0,0
507,0,1,,0.000779,0.205712,0,0,0.002288,1,0,0
511,0,1,,0.000779,0.22784,0,1,0.002732,1,0,0
514,0,1,,0.000779,0.201398,0,1,0.005587,1,0,0
519,0,1,,0.000779,0.224586,0,1,0.090909,1,0,0
530,0,1,,0.000779,0.238463,0,1,0.002801,0,1,0
546,0,1,,0.000779,0.206319,0,0,0.006289,1,0,0
556,0,1,,0.000779,0.221229,0,0,0.03125,1,0,0
567,0,1,,0.000779,0.187725,0,0,0.004065,0,1,0
578,0,1,,0.000779,0.233463,0,1,0.010989,1,0,0
591,0,1,,0.000779,0.185647,0,0,0.009346,1,0,0
611,0,1,,0.000779,0.183268,0,1,0.001616,0,1,0
627,0,1,,0.000779,0.228834,0,1,0.003021,1,0,0
633,0,1,,0.000779,0.223311,0,0,0.002915,0,1,0
637,0,1,,0.000779,0.241809,0,0,0.015625,1,0,0
640,0,1,,0.000779,0.28542,0,1,0.00304,0,1,0
665,0,1,,0.000779,0.214882,0,1,0.004329,1,0,0
683,0,1,,0.000779,0.223113,0,1,0.002959,0,1,0
726,0,1,,0.000779,0.181444,0,1,0.035714,1,0,0
731,0,1,,0.000779,0.241299,0,1,0.017241,1,0,0
742,0,1,,0.000779,0.230977,0,1,0.002273,0,1,0
748,0,1,,0.000779,0.230892,0,1,0.002519,1,0,0
749,0,1,,0.000779,0.212594,0,0,0.006494,0,1,0
752,0,1,,0.000779,0.224226,0,0,0.010526,1,0,0
762,0,1,,0.000779,0.167684,0,1,0.002646,0,1,0
767,0,1,,0.000779,0.194878,0,0,0.00495,0,1,0
770,0,1,,0.000779,0.188965,0,0,0.007407,0,1,0
776,0,1,,0.000779,0.237922,0,1,0.005714,1,0,0
781,0,1,,0.000779,0.153319,0,0,0.003717,0,1,0
786,0,1,,0.000779,0.153319,0,0,0.003876,0,1,0
787,0,1,,0.000779,0.224226,0,0,0.5,1,0,0
798,0,1,,0.000779,0.184883,0,1,0.008772,1,0,0
801,0,1,,0.000779,0.217482,0,1,0.005263,1,0,0
809,0,1,,0.000779,0.263815,0,1,0.003861,0,1,0
820,0,1,,0.000779,0.209479,0,1,0.023256,1,0,0
830,0,1,,0.000779,0.195849,0,1,0.025641,1,0,0
848,0,1,,0.000779,0.231444,0,0,0.04,1,0,0
854,0,1,,0.000779,0.223271,0,1,0.013699,0,1,0
860,0,1,,0.000779,0.207373,0,1,0.005464,1,0,0
873,0,1,,0.000779,0.221074,0,1,0.003077,0,1,0
885,0,1,,0.000779,0.26222,0,1,0.04,1,0,0
886,0,1,,0.000779,0.22057,0,1,0.002747,1,0,0
892,0,1,,0.000779,0.244203,0,0,0.005128,1,0,0
911,0,1,,0.000779,0.224226,0,0,0.022727,1,0,0
914,0,1,,0.000779,0.194426,0,0,0.003322,1,0,0
916,0,1,,0.000779,0.230935,0,0,0.002457,0,1,0
953,0,1,,0.000779,0.212846,0,1,0.006173,1,0,0
958,0,1,,0.000779,0.228834,0,1,0.009091,1,0,0
963,0,1,,0.000779,0.184856,0,1,0.006757,1,0,0
976,0,1,,0.000779,0.199608,0,0,0.003344,0,1,0
991,0,1,,0.000779,0.224226,0,0,0.008333,1,0,0
1002,0,1,,0.000779,0.207612,0,1,0.002475,1,0,0
1017,0,1,,0.000779,0.200563,0,0,0.002857,0,1,0
1050,0,1,,0.000779,0.244203,0,0,0.006061,1,0,0
1062,0,1,,0.000779,0.195089,0,0,0.003333,1,0,0
1077,0,1,,0.000779,0.232686,0,1,0.00565,1,0,0
1085,0,1,,0.000779,0.204143,0,0,0.027027,1,0,0
1091,0,1,,0.000779,0.256291,0,1,0.083333,1,0,0
1110,0,1,,0.000779,0.151948,0,0,0.004292,1,0,0
1111,0,1,,0.000779,0.212594,0,0,0.008475,0,1,0
1117,0,1,,0.000779,0.221113,0,1,0.013889,1,0,0
1131,0,1,,0.000779,0.202077,0,1,0.011494,1,0,0
1133,0,1,,0.000779,0.18675,0,1,0.020408,1,0,0
1151,0,1,,0.000779,0.25284,0,1,0.1,0,1,0
1184,0,1,,0.000779,0.220996,0,0,0.018182,1,0,0
1185,0,1,,0.000779,0.224106,0,0,0.010417,1,0,0
1193,0,1,,0.000779,0.224386,0,1,0.25,1,0,0
1223,0,1,,0.000779,0.215618,0,1,0.003367,1,0,0
1227,0,1,,0.000779,0.178004,0,1,0.029412,1,0,0
1251,0,1,,0.000779,0.26222,0,1,0.015152,1,0,0
1265,0,1,,0.000779,0.187222,0,0,0.012987,1,0,0
1282,0,1,,0.000779,0.229796,0,1,0.055556,0,1,0
1291,0,1,,0.000779,0.200148,0,0,0.009804,0,1,0
1294,0,1,,0.000779,0.238373,0,1,0.2,0,1,0
1308,0,1,,0.000779,0.226161,0,0,0.012987,1,0,0
1322,0,1,,0.000779,0.204608,0,0,0.00339,0,1,0
1338,0,1,,0.000779,0.256291,0,1,0.00625,1,0,0
1340,0,1,,0.000779,0.208957,0,1,0.006369,0,1,0
1344,0,1,,0.000779,0.17861,0,1,0.005128,1,0,0
1366,0,1,,0.000779,0.256291,0,1,0.005291,1,0,0
1376,0,1,,0.000779,0.180558,0,1,0.003876,1,0,0
1378,0,1,,0.000779,0.224586,0,1,0.008264,1,0,0
1425,0,1,,0.000779,0.22817,0,0,0.033333,1,0,0
1428,0,1,,0.000779,0.228088,0,1,0.020833,1,0,0
1433,0,1,,0.000779,0.223986,0,1,0.016129,0,1,0
1440,0,1,,0.000779,0.229043,0,1,0.012048,1,0,0
1456,0,1,,0.000779,0.151948,0,0,0.006579,1,0,0
1464,0,1,,0.000779,0.223311,0,0,0.2,0,1,0
1484,0,1,,0.000779,0.254683,0,1,0.004405,1,0,0
1492,0,1,,0.000779,0.213098,0,1,0.002141,0,1,0
1510,0,1,,0.000779,0.230723,0,1,0.023256,0,1,0
1514,0,1,,0.000779,0.226242,0,1,0.009524,1,0,0
1519,0,1,,0.000779,0.212846,0,1,0.045455,0,1,0
1520,0,1,,0.000779,0.263815,0,1,0.008264,1,0,0
1527,0,1,,0.000779,0.186114,0,1,0.009259,0,1,0
1544,0,1,,0.000779,0.266271,0,1,0.013333,0,1,0
1552,0,1,,0.000779,0.206556,0,1,0.009091,0,1,0
1564,0,1,,0.000779,0.234071,0,1,0.005618,1,0,0
1582,0,1,,0.000779,0.234071,0,1,0.007299,0,1,0
1597,0,1,,0.000779,0.249976,0,1,0.005405,1,0,0
1636,0,1,,0.000779,0.216658,0,1,0.012048,0,1,0
1659,0,1,,0.000779,0.224106,0,0,0.005319,1,0,0
1670,0,1,,0.000779,0.167372,0,0,0.014925,0,1,0
1680,0,1,,0.000779,0.189878,0,1,0.008696,1,0,0
1701,0,1,,0.000779,0.197323,0,0,0.1,0,1,0
1725,0,1,,0.000779,0.20114,0,0,0.028571,1,0,0
1735,0,1,,0.000779,0.246596,0,1,0.003817,0,1,0
1737,0,1,,0.000779,0.160619,0,0,0.02,1,0,0
1738,0,1,,0.000779,0.224226,0,0,0.004878,1,0,0
1745,0,1,,0.000779,0.214625,0,1,0.045455,1,0,0
